chave_loja;nome_loja;ag_pacb;dt_inst_tablet;uf;municipio;dt_clube;dt_certificacao;ger_regional;data_ult_transacao;qtd_TrxContabil;qtd_contas;qtd_contas_com_deposito;qtd_cesta_serv;QTD_CARTAO_EMITIDO;vlr_lime;vlr_consignado_total;vlr_consignado_inss;vlr_consignado_pub;vlr_consignado_priv;VLR_CREDITO_PARCEL;QTD_CONTAS_PJ;qtd_microsseguro;QTD_SUPER_PROTEGIDO;QTD_MICRO_VIVAVIDA;QTD_PLANO_ODONTO;QTD_SEG_RESIDENCIAL;QTD_SEG_CARTAO_DEB;VLR_EXP_SORTE;REFERENCIA;BLOQUEADO;DT_BLOQUEADO;STATUS_ANALISE
164999;"EVANDRO BEBIDAS";0405/720;02/08/2023;PI;"LAGOA ALEGRE";15/01/2024;19/07/2023;TERESINA;01/07/2026;74;0;0;0;0;0;0;0;0;0;0;0;0;0;0;0;0;0;0;Sim;Desbloqueado;;TRANSACIONAL;;;;;;;;;;;;;;;;;;;;;;;;;;;;;;;;;
166720;"JACINTO SUPERMERCADO";1351/286;21/08/2025;CE;AMONTADA;14/08/2018;23/09/2025;"FORTALEZA OESTE";01/07/2026;157;0;0;0;0;0;0;0;0;0;0;0;0;0;0;0;0;0;0;Sim;Desbloqueado;;TREINADO;;;;;;;;;;;;;;;;;;;;;;;;;;;;;;;;;
410710;"Supermercado Serrano";1579/208;02/05/2025;CE;PALMACIA;22/03/2025;20/05/2025;"FORTALEZA OESTE";30/06/2026;0;0;0;0;0;0;0;0;0;0;0;0;0;0;0;0;0;0;0;Sim;Desbloqueado;;TREINADO;;;;;;;;;;;;;;;;;;;;;;;;;;;;;;;;;
64492;"O CATARINA";0742/063;;CE;FORTALEZA;12/09/2016;;"FORTALEZA OESTE";01/07/2026;12;0;0;0;0;0;0;0;0;0;0;0;0;0;0;0;0;0;0;Nao;Desbloqueado;;TRANSACIONAL;;;;;;;;;;;;;;;;;;;;;;;;;;;;;;;;;
156827;"SUPER SANTIAGO SUPERMERCADO";5438/084;29/08/2023;CE;JAGUARETAMA;31/03/2017;18/10/2022;"FORTALEZA LESTE";01/07/2026;254;0;0;0;0;0;0;0;0;0;0;0;0;0;0;0;0;0;0;Sim;Desbloqueado;;TREINADO;;;;;;;;;;;;;;;;;;;;;;;;;;;;;;;;;
178904;CONSTRUTOP;0645/099;;CE;FORTALEZA;26/08/2019;22/11/2024;"FORTALEZA OESTE";01/07/2026;3;0;0;0;0;0;0;0;0;0;0;0;0;0;0;0;0;0;0;Nao;Desbloqueado;;TRANSACIONAL;;;;;;;;;;;;;;;;;;;;;;;;;;;;;;;;;
418052;"Amormeu Calcados";0713/230;;CE;FORTALEZA;23/09/2025;20/10/2025;"FORTALEZA LESTE";01/07/2026;3;0;0;0;0;0;0;0;0;0;0;0;0;0;0;0;0;0;0;Nao;Desbloqueado;;TREINADO;;;;;;;;;;;;;;;;;;;;;;;;;;;;;;;;;
424350;"Super Tio Augusto 0005";0752/147;27/05/2026;CE;IBIAPINA;22/05/2026;03/06/2026;TERESINA;01/07/2026;77;2;1;0;0;0;0;0;0;0;0;0;0;0;0;0;0;0;0;Nao;Desbloqueado;;TREINADO;;;;;;;;;;;;;;;;;;;;;;;;;;;;;;;;;
51935;"MERCADINHO ALMEIDA DANTAS";0703/088;21/07/2021;CE;POTIRETAMA;02/09/2015;09/10/2024;"FORTALEZA LESTE";01/07/2026;169;0;0;0;0;1749;21562;21562;0;0;0;0;0;0;0;0;0;0;0;Sim;Desbloqueado;;TREINADO;;;;;;;;;;;;;;;;;;;;;;;;;;;;;;;;;
150973;"MERCADINHO SANTO ANTONIO";0458/378;06/10/2023;CE;MORAUJO;02/06/2017;26/07/2021;"FORTALEZA OESTE";01/07/2026;18;0;0;0;0;0;0;0;0;0;0;0;0;0;0;0;0;0;0;Nao;Desbloqueado;;TREINADO;;;;;;;;;;;;;;;;;;;;;;;;;;;;;;;;;
409372;"Mult Store Acessórios";5367/164;31/01/2025;CE;MARCO;29/01/2025;03/04/2025;"FORTALEZA OESTE";01/07/2026;51;0;0;0;0;0;0;0;0;0;0;0;0;0;0;0;0;0;0;Nao;Desbloqueado;;TREINADO;;;;;;;;;;;;;;;;;;;;;;;;;;;;;;;;;
419826;"Supermercado Alencar";0726/177;15/12/2025;CE;TIANGUA;24/11/2025;06/02/2026;TERESINA;13/04/2026;0;0;0;0;0;0;0;0;0;0;0;0;0;0;0;0;0;0;0;Nao;Desbloqueado;;TRANSACIONAL;;;;;;;;;;;;;;;;;;;;;;;;;;;;;;;;;
423297;"Mercadinho Madalena";5449/173;09/04/2026;CE;ACARAPE;01/04/2026;22/04/2026;"FORTALEZA LESTE";01/07/2026;5;0;0;0;0;0;0;0;0;0;0;0;0;0;0;0;0;0;0;Sim;Desbloqueado;;TREINADO;;;;;;;;;;;;;;;;;;;;;;;;;;;;;;;;;
179990;"DROGARIAS PAGUE CERTO MATRIZ";0677/211;24/02/2026;CE;"NOVA RUSSAS";03/10/2019;18/10/2019;"JUAZEIRO DO NORTE";01/07/2026;49;0;0;0;0;0;0;0;0;0;0;0;0;0;0;0;0;0;0;Sim;Desbloqueado;;TREINADO;;;;;;;;;;;;;;;;;;;;;;;;;;;;;;;;;
200312;"DROGARIA NOSSA SENHORA DOS HUMILDES";3848/207;29/04/2024;PI;"ALTO LONGA";15/01/2024;18/07/2025;TERESINA;24/03/2026;0;0;0;0;0;0;0;0;0;0;0;0;0;0;0;0;0;0;0;Sim;Bloqueado;26/06/2026;TRANSACIONAL;;;;;;;;;;;;;;;;;;;;;;;;;;;;;;;;;
411269;"Mercearia Raimundo Correia";1302/223;;CE;ITATIRA;11/04/2025;;"FORTALEZA OESTE";17/03/2026;0;0;0;0;0;0;0;0;0;0;0;0;0;0;0;0;0;0;0;Sim;Bloqueado;24/03/2026;TRANSACIONAL;;;;;;;;;;;;;;;;;;;;;;;;;;;;;;;;;
415561;"Posto De Medicamentos Sao Lucas";0752/139;11/08/2025;CE;UBAJARA;06/08/2025;21/08/2025;TERESINA;23/03/2026;0;0;0;0;0;0;0;0;0;0;0;0;0;0;0;0;0;0;0;Nao;Bloqueado;26/06/2026;TREINADO;;;;;;;;;;;;;;;;;;;;;;;;;;;;;;;;;
415055;"Comercial Ecomonico";5792/204;01/08/2025;PI;"NOSSA SENHORA DOS REMEDIOS";23/07/2025;06/08/2025;TERESINA;01/07/2026;20;0;0;0;0;0;0;0;0;0;0;0;0;0;0;0;0;0;0;Sim;Desbloqueado;;TREINADO;;;;;;;;;;;;;;;;;;;;;;;;;;;;;;;;;
52069;"FARIAS E GOMES";0702/121;05/09/2021;CE;SOBRAL;14/05/2015;20/08/2024;"FORTALEZA OESTE";01/07/2026;240;0;0;0;0;677;0;0;0;0;0;0;0;0;0;0;0;0;0;Nao;Desbloqueado;;TREINADO;;;;;;;;;;;;;;;;;;;;;;;;;;;;;;;;;
88112;"N L CONSTRUCOES";5415/071;12/11/2020;CE;URUOCA;21/05/2015;18/05/2026;"FORTALEZA OESTE";01/07/2026;190;0;0;0;0;2000;0;0;0;0;0;0;0;0;0;0;0;0;0;Sim;Desbloqueado;;TREINADO;;;;;;;;;;;;;;;;;;;;;;;;;;;;;;;;;
93495;"RAMON VARIEDADES";1522/162;15/08/2023;PI;PARNAIBA;19/05/2015;17/06/2026;TERESINA;01/07/2026;26;0;0;0;0;0;0;0;0;0;0;0;0;0;0;0;0;0;0;Nao;Desbloqueado;;TREINADO;;;;;;;;;;;;;;;;;;;;;;;;;;;;;;;;;
167016;DIGICOPY;1351/164;22/10/2020;CE;URUBURETAMA;25/05/2018;03/10/2023;"FORTALEZA OESTE";01/07/2026;48;0;0;0;0;0;0;0;0;0;0;0;0;0;0;0;0;0;0;Nao;Desbloqueado;;TRANSACIONAL;;;;;;;;;;;;;;;;;;;;;;;;;;;;;;;;;
410810;"MERCADINHO COMPRE BEM";5415/170;28/04/2025;CE;"SENADOR SA";26/03/2025;05/05/2025;"FORTALEZA OESTE";01/07/2026;1;0;0;0;0;0;0;0;0;0;0;0;0;0;0;0;0;0;0;Sim;Desbloqueado;;TREINADO;;;;;;;;;;;;;;;;;;;;;;;;;;;;;;;;;
415434;"Drogaria Economica";5806/146;11/08/2025;PI;"PEDRO II";01/08/2025;27/08/2025;TERESINA;01/07/2026;1;0;0;0;0;0;0;0;0;0;0;0;0;0;0;0;0;0;0;Sim;Desbloqueado;;TRANSACIONAL;;;;;;;;;;;;;;;;;;;;;;;;;;;;;;;;;
419999;"GI VARIEDADES";5415/180;10/12/2025;CE;"SENADOR SA";02/12/2025;20/01/2026;"FORTALEZA OESTE";01/07/2026;14;0;0;0;0;0;0;0;0;0;0;0;0;0;0;0;0;0;0;Nao;Desbloqueado;;TREINADO;;;;;;;;;;;;;;;;;;;;;;;;;;;;;;;;;
100429;"MERCADINHO DIRCEU";5806/083;;PI;"MILTON BRANDAO";25/09/2015;04/11/2019;TERESINA;01/07/2026;63;0;0;0;0;0;0;0;0;0;0;0;0;0;0;0;0;0;0;Nao;Desbloqueado;;TRANSACIONAL;;;;;;;;;;;;;;;;;;;;;;;;;;;;;;;;;
177653;"FARMACIA SAO BENTO";0702/129;20/07/2023;CE;CARIRE;26/06/2019;27/05/2026;"FORTALEZA OESTE";01/07/2026;91;0;0;0;0;0;0;0;0;0;0;0;0;0;0;0;0;0;0;Sim;Desbloqueado;;TREINADO;;;;;;;;;;;;;;;;;;;;;;;;;;;;;;;;;
207414;"MERCADINHO PINHEIRO 4";0719/148;14/10/2021;CE;TEJUCUOCA;14/08/2023;02/03/2021;"FORTALEZA OESTE";01/07/2026;6;0;0;0;0;0;0;0;0;0;0;0;0;0;0;0;0;0;0;Nao;Desbloqueado;;TREINADO;;;;;;;;;;;;;;;;;;;;;;;;;;;;;;;;;
217103;"FELIPE MERCANTIL";0458/330;21/03/2023;CE;FORQUILHA;02/07/2021;16/06/2021;"FORTALEZA OESTE";01/07/2026;3;0;0;0;0;0;0;0;0;0;0;0;0;0;0;0;0;0;0;Nao;Desbloqueado;;TRANSACIONAL;;;;;;;;;;;;;;;;;;;;;;;;;;;;;;;;;
255400;"HIPERMARKET FILIAL III";1379/134;15/12/2023;CE;FORTALEZA;15/01/2024;22/02/2024;"FORTALEZA OESTE";11/09/2024;0;0;0;0;0;0;0;0;0;0;0;0;0;0;0;0;0;0;0;Nao;Bloqueado;11/09/2024;TRANSACIONAL;;;;;;;;;;;;;;;;;;;;;;;;;;;;;;;;;
412589;"D LLAS ACAITERIA";0683/132;19/05/2025;CE;FORTALEZA;13/05/2025;24/06/2025;"FORTALEZA OESTE";09/12/2025;0;0;0;0;0;0;0;0;0;0;0;0;0;0;0;0;0;0;0;Nao;Bloqueado;02/03/2026;TRANSACIONAL;;;;;;;;;;;;;;;;;;;;;;;;;;;;;;;;;
130791;"DROGARIA GENERICA";5798/102;23/04/2025;PI;ESPERANTINA;29/05/2015;13/06/2022;TERESINA;01/07/2026;16;0;0;0;0;0;0;0;0;0;0;0;0;0;0;0;0;0;0;Nao;Desbloqueado;;TREINADO;;;;;;;;;;;;;;;;;;;;;;;;;;;;;;;;;
156699;"SHALON VARIEDADES";0684/140;03/08/2023;CE;ITAREMA;28/11/2017;15/01/2026;"FORTALEZA OESTE";01/07/2026;529;0;0;0;0;0;15580;15580;0;0;2750;0;0;0;0;0;0;0;0;Sim;Desbloqueado;;TREINADO;;;;;;;;;;;;;;;;;;;;;;;;;;;;;;;;;
160501;"MERCADINHO ENCANTO POPULAR";0937/112;01/08/2023;PI;PAQUETA;08/06/2018;06/07/2023;TERESINA;01/07/2026;12;0;0;0;0;0;0;0;0;0;0;0;0;0;0;0;0;0;0;Nao;Desbloqueado;;TRANSACIONAL;;;;;;;;;;;;;;;;;;;;;;;;;;;;;;;;;
215686;"BAR E MERCEARIA DA SILVA FILHO";2214/090;;CE;FORTALEZA;15/01/2024;;"FORTALEZA LESTE";09/12/2024;0;0;0;0;0;0;0;0;0;0;0;0;0;0;0;0;0;0;0;Nao;Bloqueado;10/12/2024;TRANSACIONAL;;;;;;;;;;;;;;;;;;;;;;;;;;;;;;;;;
402801;"Farma Popular Vida";5366/093;23/09/2024;CE;BEBERIBE;01/05/2024;15/10/2024;"FORTALEZA LESTE";01/07/2026;4;0;0;0;0;0;0;0;0;0;0;0;0;0;0;0;0;0;0;Nao;Desbloqueado;;TREINADO;;;;;;;;;;;;;;;;;;;;;;;;;;;;;;;;;
416311;"Casa Do Agricultor";0458/447;28/08/2025;CE;ALCANTARAS;26/08/2025;19/09/2025;"FORTALEZA OESTE";01/07/2026;16;0;0;0;0;0;0;0;0;0;0;0;0;0;0;0;0;0;0;Nao;Desbloqueado;;TRANSACIONAL;;;;;;;;;;;;;;;;;;;;;;;;;;;;;;;;;
422661;"MERCADINHO VARIEDADES";5443/115;04/03/2026;CE;PARACURU;28/02/2026;09/03/2026;"FORTALEZA OESTE";01/07/2026;13;0;0;0;0;0;0;0;0;0;0;0;0;0;0;0;0;0;0;Nao;Desbloqueado;;TRANSACIONAL;;;;;;;;;;;;;;;;;;;;;;;;;;;;;;;;;
423538;"Do Povo Casa De Construções";0854/193;22/04/2026;MA;TIMON;13/04/2026;07/05/2026;TERESINA;01/07/2026;6;0;0;0;0;0;0;0;0;0;0;0;0;0;0;0;0;0;0;Nao;Desbloqueado;;TREINADO;;;;;;;;;;;;;;;;;;;;;;;;;;;;;;;;;
180619;"EMANUELY VARIEDADES";5387/103;04/05/2026;CE;MARTINOPOLE;02/03/2020;10/04/2025;"FORTALEZA OESTE";01/07/2026;76;0;0;0;0;0;0;0;0;0;0;0;0;0;0;0;0;0;0;Sim;Desbloqueado;;TREINADO;;;;;;;;;;;;;;;;;;;;;;;;;;;;;;;;;
251446;"JAISA MOVEIS E ELETRO";0685/226;09/10/2023;CE;ICAPUI;15/01/2024;07/11/2023;"FORTALEZA LESTE";01/07/2026;59;0;0;0;0;0;0;0;0;0;0;0;0;0;0;0;0;0;0;Nao;Desbloqueado;;TREINADO;;;;;;;;;;;;;;;;;;;;;;;;;;;;;;;;;
409921;"Mercadinho Mania";5387/145;25/02/2025;CE;GRANJA;18/02/2025;22/07/2025;"FORTALEZA OESTE";05/12/2025;0;0;0;0;0;0;0;0;0;0;0;0;0;0;0;0;0;0;0;Nao;Bloqueado;02/03/2026;TRANSACIONAL;;;;;;;;;;;;;;;;;;;;;;;;;;;;;;;;;
182182;"FARMACIA BONS AMIGOS";1351/189;13/03/2025;CE;ITAPIPOCA;26/05/2020;20/06/2025;"FORTALEZA OESTE";01/07/2026;51;0;0;0;0;0;0;0;0;0;0;0;0;0;0;0;0;0;0;Nao;Desbloqueado;;TRANSACIONAL;;;;;;;;;;;;;;;;;;;;;;;;;;;;;;;;;
236326;"CEARA PHARMA";5415/138;07/04/2025;CE;"SANTANA DO ACARAU";15/01/2024;27/03/2025;"FORTALEZA OESTE";30/06/2026;0;0;0;0;0;0;0;0;0;0;0;0;0;0;0;0;0;0;0;Nao;Desbloqueado;;TRANSACIONAL;;;;;;;;;;;;;;;;;;;;;;;;;;;;;;;;;
244442;"MERCADINHO SR VALDO";5447/121;07/05/2026;CE;"GENERAL SAMPAIO";15/01/2024;28/03/2023;"FORTALEZA OESTE";01/07/2026;10;0;0;0;0;0;0;0;0;0;0;0;0;0;0;0;0;0;0;Nao;Desbloqueado;;TRANSACIONAL;;;;;;;;;;;;;;;;;;;;;;;;;;;;;;;;;
248558;"MERCADINHO PONTO X";1522/269;16/06/2023;PI;"LUIS CORREIA";15/01/2024;30/06/2023;TERESINA;01/07/2026;7;0;0;0;0;0;0;0;0;0;0;0;0;0;0;0;0;0;0;Nao;Desbloqueado;;TRANSACIONAL;;;;;;;;;;;;;;;;;;;;;;;;;;;;;;;;;
410934;"Farmacia Do D I";0767/142;20/06/2025;CE;GUAIUBA;31/03/2025;26/06/2025;"FORTALEZA LESTE";01/07/2026;74;0;0;0;0;0;0;0;0;0;0;0;0;0;0;0;0;0;0;Sim;Desbloqueado;;TREINADO;;;;;;;;;;;;;;;;;;;;;;;;;;;;;;;;;
254739;"MM CELULARES IMPORTADOS E ASSISTENCIA TECNICA";5415/155;04/07/2025;CE;"SENADOR SA";15/01/2024;12/12/2023;"FORTALEZA OESTE";01/07/2026;21;0;0;0;0;0;0;0;0;0;0;0;0;0;0;0;0;0;0;Nao;Desbloqueado;;TREINADO;;;;;;;;;;;;;;;;;;;;;;;;;;;;;;;;;
404515;"Casa Da Racao";5367/161;21/08/2024;CE;MORRINHOS;06/07/2024;29/08/2024;"FORTALEZA OESTE";01/07/2026;31;0;0;0;0;0;0;0;0;0;0;0;0;0;0;0;0;0;0;Nao;Desbloqueado;;TREINADO;;;;;;;;;;;;;;;;;;;;;;;;;;;;;;;;;
405936;"Mercadinho Central";0704/177;13/09/2024;CE;ARACOIABA;31/08/2024;01/10/2024;"FORTALEZA LESTE";01/07/2026;12;0;0;0;0;0;0;0;0;0;0;0;0;0;0;0;0;0;0;Nao;Desbloqueado;;TRANSACIONAL;;;;;;;;;;;;;;;;;;;;;;;;;;;;;;;;;
406184;"J B SUPERMERCADO 0004";1302/195;;CE;CANINDE;11/09/2024;;"FORTALEZA OESTE";01/07/2026;6;0;0;0;0;0;0;0;0;0;0;0;0;0;0;0;0;0;0;Sim;Desbloqueado;;TRANSACIONAL;;;;;;;;;;;;;;;;;;;;;;;;;;;;;;;;;
51537;"DROGARIA SÃO FRANCISCO";0985/128;13/07/2023;PI;"CAMPO MAIOR";29/04/2015;16/05/2024;TERESINA;01/07/2026;262;2;1;2;0;0;0;0;0;0;0;0;0;0;0;0;0;2;0;Nao;Desbloqueado;;TREINADO;;;;;;;;;;;;;;;;;;;;;;;;;;;;;;;;;
85571;"DONNA NENEM";0715/076;16/07/2021;CE;BARROQUINHA;07/05/2015;24/06/2024;"FORTALEZA OESTE";01/07/2026;190;0;0;0;0;500;0;0;0;0;0;0;0;0;0;0;0;0;0;Sim;Desbloqueado;;TREINADO;;;;;;;;;;;;;;;;;;;;;;;;;;;;;;;;;
147505;"DJAIR MOVEIS E ELETROS";0715/091;14/12/2021;CE;BARROQUINHA;03/03/2016;06/05/2026;"FORTALEZA OESTE";01/07/2026;57;0;0;0;0;0;0;0;0;0;0;0;0;0;0;0;0;0;0;Sim;Desbloqueado;;TREINADO;;;;;;;;;;;;;;;;;;;;;;;;;;;;;;;;;
155427;"HALYSSANDRA CONSTRUCOES";5415/102;21/08/2023;CE;"SANTANA DO ACARAU";09/01/2017;16/03/2022;"FORTALEZA OESTE";01/07/2026;224;0;0;0;0;0;0;0;0;0;0;0;0;0;0;0;0;0;0;Nao;Desbloqueado;;TREINADO;;;;;;;;;;;;;;;;;;;;;;;;;;;;;;;;;
221909;"NOSSO ATACAREJO LIMOEIRO";1781/132;30/06/2023;CE;"LIMOEIRO DO NORTE";15/01/2024;06/09/2023;"FORTALEZA LESTE";01/07/2026;195;0;0;0;0;0;0;0;0;0;0;0;0;0;0;0;0;0;0;Sim;Desbloqueado;;TREINADO;;;;;;;;;;;;;;;;;;;;;;;;;;;;;;;;;
236145;"MERCADINHO O LOURO";1351/321;13/10/2023;CE;MIRAIMA;05/09/2022;10/08/2022;"FORTALEZA OESTE";01/07/2026;33;0;0;0;0;0;0;0;0;0;0;0;0;0;0;0;0;0;0;Nao;Desbloqueado;;TREINADO;;;;;;;;;;;;;;;;;;;;;;;;;;;;;;;;;
239280;"RIBEIRO ELETROMOVEIS";3848/225;05/09/2022;PI;"ALTO LONGA";15/01/2024;28/11/2022;TERESINA;01/07/2026;55;0;0;0;0;0;0;0;0;0;0;0;0;0;0;0;0;0;0;Nao;Desbloqueado;;TREINADO;;;;;;;;;;;;;;;;;;;;;;;;;;;;;;;;;
245504;"FARMACIA E DROGARIA MELHOR PRECO";0458/411;10/05/2024;CE;MERUOCA;15/01/2024;23/03/2023;"FORTALEZA OESTE";01/07/2026;8;0;0;0;0;0;0;0;0;0;0;0;0;0;0;0;0;0;0;Nao;Desbloqueado;;TRANSACIONAL;;;;;;;;;;;;;;;;;;;;;;;;;;;;;;;;;
410779;"Jca Moda E Variedades";5367/170;09/04/2025;CE;MORRINHOS;25/03/2025;16/04/2025;"FORTALEZA OESTE";01/07/2026;38;0;0;0;0;0;0;0;0;0;0;0;0;0;0;0;0;0;0;Nao;Desbloqueado;;TREINADO;;;;;;;;;;;;;;;;;;;;;;;;;;;;;;;;;
413557;"Costa Atacarejo";0985/438;10/06/2025;PI;"SAO MIGUEL DO TAPUIO";03/06/2025;13/06/2025;TERESINA;01/07/2026;16;1;1;1;0;0;0;0;0;0;0;0;0;0;0;0;0;1;0;Sim;Desbloqueado;;TREINADO;;;;;;;;;;;;;;;;;;;;;;;;;;;;;;;;;
187992;"ATACADAO DOS PLASTICOS";3848/206;08/11/2023;PI;ALTOS;15/01/2024;05/01/2022;TERESINA;23/03/2026;0;0;0;0;0;0;0;0;0;0;0;0;0;0;0;0;0;0;0;Nao;Bloqueado;26/06/2026;TRANSACIONAL;;;;;;;;;;;;;;;;;;;;;;;;;;;;;;;;;
240528;"MERCADINHO SILVA";0937/726;29/11/2022;PI;"CAMPO GRANDE DO PIAUI";15/01/2024;04/02/2025;TERESINA;01/07/2026;61;0;0;0;0;0;0;0;0;0;0;0;0;0;0;0;0;0;0;Nao;Desbloqueado;;TRANSACIONAL;;;;;;;;;;;;;;;;;;;;;;;;;;;;;;;;;
423798;"Auri Moveis";0625/153;06/05/2026;CE;FORTALEZA;24/04/2026;;"FORTALEZA OESTE";01/07/2026;11;0;0;0;0;0;0;0;0;0;0;0;0;0;0;0;0;0;0;Nao;Desbloqueado;;TRANSACIONAL;;;;;;;;;;;;;;;;;;;;;;;;;;;;;;;;;
138087;"CENTRAL CONSTRUTOR";5808/087;14/03/2022;PI;BRASILEIRA;14/05/2015;24/10/2024;TERESINA;01/07/2026;57;0;0;0;0;0;0;0;0;0;0;0;0;0;0;0;0;0;0;Sim;Desbloqueado;;TRANSACIONAL;;;;;;;;;;;;;;;;;;;;;;;;;;;;;;;;;
179185;"COMERCIAL DANIEL ALVES";0985/325;26/02/2025;PI;"SIGEFREDO PACHECO";16/03/2020;20/05/2022;TERESINA;01/07/2026;30;0;0;0;0;0;0;0;0;0;0;0;0;0;0;0;0;0;0;Nao;Desbloqueado;;TRANSACIONAL;;;;;;;;;;;;;;;;;;;;;;;;;;;;;;;;;
240577;"ARMAZEM AGRO";0937/727;30/09/2022;PI;SUSSUAPARA;15/01/2024;26/12/2022;TERESINA;01/07/2026;12;0;0;0;0;0;0;0;0;0;0;0;0;0;0;0;0;0;0;Nao;Desbloqueado;;TRANSACIONAL;;;;;;;;;;;;;;;;;;;;;;;;;;;;;;;;;
69579;"CASA SANTA RITA";1522/130;06/02/2026;PI;CAXINGO;18/05/2015;11/12/2024;TERESINA;01/07/2026;17;0;0;0;0;0;0;0;0;0;0;0;0;0;0;0;0;0;0;Nao;Desbloqueado;;TRANSACIONAL;;;;;;;;;;;;;;;;;;;;;;;;;;;;;;;;;
153673;"FARMACIA BEIRA RIO";5792/181;20/10/2025;PI;"MIGUEL ALVES";09/01/2017;24/02/2022;TERESINA;01/07/2026;64;0;0;0;0;0;0;0;0;0;0;0;0;0;0;0;0;0;0;Sim;Desbloqueado;;TRANSACIONAL;;;;;;;;;;;;;;;;;;;;;;;;;;;;;;;;;
405356;"ATACAREJO JR BALCAO";5387/141;16/08/2024;CE;GRANJA;08/08/2024;14/04/2026;"FORTALEZA OESTE";01/07/2026;63;0;0;0;0;0;0;0;0;0;0;0;0;0;0;0;0;0;0;Sim;Desbloqueado;;TREINADO;;;;;;;;;;;;;;;;;;;;;;;;;;;;;;;;;
412149;"Drogaria Farmalu";0937/766;26/05/2025;PI;"ALEGRETE DO PIAUI";03/05/2025;19/09/2025;TERESINA;01/07/2026;28;0;0;0;0;0;0;0;0;0;0;0;0;0;0;0;0;0;0;Nao;Desbloqueado;;TRANSACIONAL;;;;;;;;;;;;;;;;;;;;;;;;;;;;;;;;;
424106;"PADARIA E MERCEARIA GABRIELE";1302/233;14/05/2026;CE;ITATIRA;11/05/2026;25/05/2026;"FORTALEZA OESTE";26/06/2026;0;0;0;0;0;0;0;0;0;0;0;0;0;0;0;0;0;0;0;Nao;Desbloqueado;;TREINADO;;;;;;;;;;;;;;;;;;;;;;;;;;;;;;;;;
225455;"FRIGORIFICO BEATRIZ";0704/156;30/12/2022;CE;ARATUBA;30/09/2021;10/12/2021;"FORTALEZA LESTE";01/07/2026;81;0;0;0;0;0;0;0;0;0;0;0;0;0;0;0;0;0;0;Sim;Desbloqueado;;TRANSACIONAL;;;;;;;;;;;;;;;;;;;;;;;;;;;;;;;;;
238716;"SEU ATACAREJO";0711/119;01/08/2024;CE;HORIZONTE;06/09/2022;09/02/2023;"FORTALEZA LESTE";01/07/2026;8;0;0;0;0;0;0;0;0;0;0;0;0;0;0;0;0;0;0;Nao;Desbloqueado;;TREINADO;;;;;;;;;;;;;;;;;;;;;;;;;;;;;;;;;
404396;"Comercial Nossa Senhora De Fatima";5808/168;16/07/2024;PI;BRASILEIRA;03/07/2024;18/07/2024;TERESINA;01/07/2026;12;0;0;0;0;0;0;0;0;0;0;0;0;0;0;0;0;0;0;Nao;Desbloqueado;;TRANSACIONAL;;;;;;;;;;;;;;;;;;;;;;;;;;;;;;;;;
423508;"JM CAPAS E ACESSÓRIOS";0625/152;17/04/2026;CE;FORTALEZA;10/04/2026;07/05/2026;"FORTALEZA OESTE";30/06/2026;0;0;0;0;0;0;0;0;0;0;0;0;0;0;0;0;0;0;0;Nao;Desbloqueado;;TREINADO;;;;;;;;;;;;;;;;;;;;;;;;;;;;;;;;;
133967;"TEM DE TUDO BOMBONIERE E EMBALAGENS";0752/122;16/12/2021;CE;UBAJARA;28/11/2019;18/05/2026;TERESINA;01/07/2026;19;0;0;0;0;0;0;0;0;0;0;0;0;0;0;0;0;0;0;Nao;Desbloqueado;;TREINADO;;;;;;;;;;;;;;;;;;;;;;;;;;;;;;;;;
155835;"FARMACIA MAIS SAUDE";0703/249;05/09/2021;CE;"ALTO SANTO";26/01/2017;30/12/2021;"FORTALEZA LESTE";01/07/2026;563;0;0;0;0;0;0;0;0;0;0;0;0;0;0;0;0;0;0;Sim;Desbloqueado;;TREINADO;;;;;;;;;;;;;;;;;;;;;;;;;;;;;;;;;
207897;"SUPERMERCADO CLIMAR 003";0295/222;;CE;CAUCAIA;15/01/2024;;"FORTALEZA OESTE";01/07/2026;3;0;0;0;0;0;0;0;0;0;0;0;0;0;0;0;0;0;0;Nao;Desbloqueado;;TRANSACIONAL;;;;;;;;;;;;;;;;;;;;;;;;;;;;;;;;;
248759;"MERCADINHO SAO JOAO";0937/733;26/06/2023;PI;"ALAGOINHA DO PIAUI";15/01/2024;;TERESINA;01/07/2026;23;0;0;0;0;0;0;0;0;0;0;0;0;0;0;0;0;0;0;Nao;Desbloqueado;;TRANSACIONAL;;;;;;;;;;;;;;;;;;;;;;;;;;;;;;;;;
407195;"SUPERMERCADO J&L 0004";5446/140;;CE;PARAIPABA;24/10/2024;;"FORTALEZA OESTE";01/07/2026;4;0;0;0;0;0;0;0;0;0;0;0;0;0;0;0;0;0;0;Sim;Desbloqueado;;TRANSACIONAL;;;;;;;;;;;;;;;;;;;;;;;;;;;;;;;;;
418458;"Q Barato Mercadinho Variedades";0628/097;09/10/2025;CE;FORTALEZA;01/10/2025;17/10/2025;"FORTALEZA OESTE";18/05/2026;0;0;0;0;0;0;0;0;0;0;0;0;0;0;0;0;0;0;0;Sim;Bloqueado;26/06/2026;TREINADO;;;;;;;;;;;;;;;;;;;;;;;;;;;;;;;;;
100129;ELETROMANOS;5446/074;23/02/2024;CE;PARAIPABA;17/02/2024;;"FORTALEZA OESTE";24/07/2024;0;0;0;0;0;0;0;0;0;0;0;0;0;0;0;0;0;0;0;Nao;Bloqueado;26/07/2024;TRANSACIONAL;;;;;;;;;;;;;;;;;;;;;;;;;;;;;;;;;
250668;"MERCADINHO LINO E SOUSA";0719/167;01/08/2024;CE;TEJUCUOCA;15/01/2024;19/09/2023;"FORTALEZA OESTE";01/07/2026;4;0;0;0;0;0;0;0;0;0;0;0;0;0;0;0;0;0;0;Nao;Desbloqueado;;TRANSACIONAL;;;;;;;;;;;;;;;;;;;;;;;;;;;;;;;;;
409158;"Muambaria Cruz";0684/211;23/01/2025;CE;CRUZ;18/01/2025;17/04/2025;"FORTALEZA OESTE";01/07/2026;29;0;0;0;0;0;0;0;0;0;0;0;0;0;0;0;0;0;0;Nao;Desbloqueado;;TREINADO;;;;;;;;;;;;;;;;;;;;;;;;;;;;;;;;;
409758;"Top Maquinas";5808/205;19/02/2025;PI;"COCAL DOS ALVES";13/02/2025;26/02/2025;TERESINA;26/06/2026;0;0;0;0;0;0;0;0;0;0;0;0;0;0;0;0;0;0;0;Nao;Desbloqueado;;TRANSACIONAL;;;;;;;;;;;;;;;;;;;;;;;;;;;;;;;;;
410217;Farmacenter;0937/765;02/06/2025;PI;"VERA MENDES";27/02/2025;23/06/2025;TERESINA;01/07/2026;69;1;0;1;0;0;0;0;0;0;0;0;0;0;0;0;0;0;0;Sim;Desbloqueado;;TRANSACIONAL;;;;;;;;;;;;;;;;;;;;;;;;;;;;;;;;;
45775;"MERCADINHO POPULAR";0752/068;06/04/2022;CE;IBIAPINA;30/08/2021;12/07/2021;TERESINA;01/07/2026;65;0;0;0;0;0;0;0;0;0;0;0;0;0;0;0;0;0;0;Nao;Desbloqueado;;TREINADO;;;;;;;;;;;;;;;;;;;;;;;;;;;;;;;;;
72115;"MERCADINHO BANDEIRANTE";0649/216;;CE;FORTALEZA;18/05/2015;22/11/2024;"FORTALEZA OESTE";30/06/2026;0;0;0;0;0;0;0;0;0;0;0;0;0;0;0;0;0;0;0;Nao;Desbloqueado;;TRANSACIONAL;;;;;;;;;;;;;;;;;;;;;;;;;;;;;;;;;
130815;"DROGARIA GENERICA";5798/103;04/07/2024;PI;ESPERANTINA;15/01/2024;10/06/2026;TERESINA;01/07/2026;41;0;0;0;0;0;0;0;0;0;0;0;0;0;0;0;0;0;0;Nao;Desbloqueado;;TRANSACIONAL;;;;;;;;;;;;;;;;;;;;;;;;;;;;;;;;;
233333;"DROGARIA SANTO EXPEDITO";5792/161;24/05/2022;PI;PORTO;15/01/2024;22/06/2022;TERESINA;01/07/2026;46;0;0;0;0;0;0;0;0;0;0;0;0;0;0;0;0;0;0;Nao;Desbloqueado;;TREINADO;;;;;;;;;;;;;;;;;;;;;;;;;;;;;;;;;
234527;"COMERCIAL SAO JOAO";0937/721;12/02/2026;PI;"ISAIAS COELHO";15/01/2024;07/02/2023;TERESINA;01/07/2026;3;0;0;0;0;0;0;0;0;0;0;0;0;0;0;0;0;0;0;Nao;Desbloqueado;;TRANSACIONAL;;;;;;;;;;;;;;;;;;;;;;;;;;;;;;;;;
415088;"DROGARIA BRASIL POPULAR";0726/273;29/07/2025;CE;"VICOSA DO CEARA";24/07/2025;21/05/2026;TERESINA;01/07/2026;45;0;0;0;0;0;0;0;0;0;0;0;0;0;0;0;0;0;0;Sim;Desbloqueado;;TREINADO;;;;;;;;;;;;;;;;;;;;;;;;;;;;;;;;;
416386;"Mercantil O Legal";0719/189;05/09/2025;CE;IRAUCUBA;27/08/2025;25/09/2025;"FORTALEZA OESTE";05/05/2026;0;0;0;0;0;0;0;0;0;0;0;0;0;0;0;0;0;0;0;Sim;Bloqueado;26/05/2026;TREINADO;;;;;;;;;;;;;;;;;;;;;;;;;;;;;;;;;
61163;"FARMACIA ESPIRITO SANTO";1302/164;25/11/2021;CE;CANINDE;16/07/2015;23/06/2026;"FORTALEZA OESTE";01/07/2026;42;0;0;0;0;0;0;0;0;0;0;0;0;0;0;0;0;0;0;Nao;Desbloqueado;;TREINADO;;;;;;;;;;;;;;;;;;;;;;;;;;;;;;;;;
167933;"TEND TUDO 1,99";5443/078;29/09/2023;CE;PARACURU;27/09/2018;19/04/2023;"FORTALEZA OESTE";29/06/2026;0;0;0;0;0;0;0;0;0;0;0;0;0;0;0;0;0;0;0;Nao;Desbloqueado;;TREINADO;;;;;;;;;;;;;;;;;;;;;;;;;;;;;;;;;
178057;"SUPER MINI BOX FILIAL 0003";5395/091;;CE;JAGUARUANA;15/01/2024;;"FORTALEZA LESTE";01/07/2026;41;0;0;0;0;0;0;0;0;0;0;0;0;0;0;0;0;0;0;Sim;Desbloqueado;;TRANSACIONAL;;;;;;;;;;;;;;;;;;;;;;;;;;;;;;;;;
185910;"SUPER OCARA CENTER";0765/116;04/06/2021;CE;OCARA;28/01/2020;22/06/2026;"FORTALEZA LESTE";01/07/2026;236;1;1;1;0;0;0;0;0;0;0;0;0;0;0;0;0;0;0;Sim;Desbloqueado;;TREINADO;;;;;;;;;;;;;;;;;;;;;;;;;;;;;;;;;
419109;"Farmacia Mae Rainha";0458/451;26/05/2026;CE;ALCANTARAS;21/10/2025;04/12/2025;"FORTALEZA OESTE";01/07/2026;101;0;0;0;0;0;0;0;0;0;0;0;0;0;0;0;0;0;0;Sim;Desbloqueado;;TRANSACIONAL;;;;;;;;;;;;;;;;;;;;;;;;;;;;;;;;;
218080;"ELETROLAR MATRIZ";1781/126;23/03/2023;CE;"LIMOEIRO DO NORTE";28/04/2023;23/04/2024;"FORTALEZA LESTE";01/07/2026;52;0;0;0;0;0;0;0;0;0;0;0;0;0;0;0;0;0;0;Nao;Desbloqueado;;TREINADO;;;;;;;;;;;;;;;;;;;;;;;;;;;;;;;;;
228437;"SUPERMERCADO MACHADO 0002";1579/196;13/10/2022;CE;MARANGUAPE;15/01/2024;02/09/2022;"FORTALEZA OESTE";01/07/2026;23;0;0;0;0;0;0;0;0;0;0;0;0;0;0;0;0;0;0;Nao;Desbloqueado;;TRANSACIONAL;;;;;;;;;;;;;;;;;;;;;;;;;;;;;;;;;
238725;"LR BEBIDAS";0937/723;29/07/2025;PI;"PIO IX";15/01/2024;07/11/2022;TERESINA;01/07/2026;13;0;0;0;0;0;0;0;0;0;0;0;0;0;0;0;0;0;0;Nao;Desbloqueado;;TRANSACIONAL;;;;;;;;;;;;;;;;;;;;;;;;;;;;;;;;;
246818;"COMERCIAL JEREMIAS";1522/264;17/04/2023;PI;"CARAUBAS DO PIAUI";15/01/2024;03/05/2023;TERESINA;05/05/2026;0;0;0;0;0;0;0;0;0;0;0;0;0;0;0;0;0;0;0;Nao;Bloqueado;05/05/2026;TRANSACIONAL;;;;;;;;;;;;;;;;;;;;;;;;;;;;;;;;;
119708;"EUTAZIO MAGAZINE";5446/080;02/10/2025;CE;PARAIPABA;23/09/2025;16/10/2025;"FORTALEZA OESTE";01/07/2026;2;0;0;0;0;0;0;0;0;0;0;0;0;0;0;0;0;0;0;Nao;Desbloqueado;;TREINADO;;;;;;;;;;;;;;;;;;;;;;;;;;;;;;;;;
216070;"TOP MOVEIS LJ MARANGUAPE 14";1579/190;01/08/2023;CE;MARANGUAPE;15/01/2024;05/05/2021;"FORTALEZA OESTE";28/05/2026;0;0;0;0;0;0;0;0;0;0;0;0;0;0;0;0;0;0;0;Nao;Desbloqueado;;TREINADO;;;;;;;;;;;;;;;;;;;;;;;;;;;;;;;;;
401784;FARMALE;0715/156;02/06/2025;CE;CAMOCIM;09/03/2024;20/03/2024;"FORTALEZA OESTE";30/06/2026;0;0;0;0;0;0;0;0;0;0;0;0;0;0;0;0;0;0;0;Sim;Desbloqueado;;TREINADO;;;;;;;;;;;;;;;;;;;;;;;;;;;;;;;;;
419413;"Power Comercio";0288/202;12/11/2025;CE;FORTALEZA;04/11/2025;21/11/2025;"FORTALEZA LESTE";20/05/2026;0;0;0;0;0;0;0;0;0;0;0;0;0;0;0;0;0;0;0;Nao;Desbloqueado;;TREINADO;;;;;;;;;;;;;;;;;;;;;;;;;;;;;;;;;
420344;MERCEARIA;5387/171;29/12/2025;CE;GRANJA;23/12/2025;28/01/2026;"FORTALEZA OESTE";01/07/2026;8;0;0;0;0;0;0;0;0;0;0;0;0;0;0;0;0;0;0;Nao;Desbloqueado;;TREINADO;;;;;;;;;;;;;;;;;;;;;;;;;;;;;;;;;
423625;"Iby Motos";5438/132;24/04/2026;CE;IBICUITINGA;16/04/2026;19/05/2026;"FORTALEZA LESTE";29/06/2026;0;0;0;0;0;0;0;0;0;0;0;0;0;0;0;0;0;0;0;Nao;Desbloqueado;;TREINADO;;;;;;;;;;;;;;;;;;;;;;;;;;;;;;;;;
117601;"MIL OPCOES";5808/124;01/12/2020;PI;PIRACURUCA;27/05/2015;22/05/2024;TERESINA;01/07/2026;80;0;0;0;0;0;0;0;0;0;0;0;0;0;0;0;0;0;0;Sim;Desbloqueado;;TRANSACIONAL;;;;;;;;;;;;;;;;;;;;;;;;;;;;;;;;;
243081;"SUPERMERCADO CARDOSO 0010";3848/228;25/11/2022;PI;BENEDITINOS;15/01/2024;13/12/2022;TERESINA;01/07/2026;5;0;0;0;0;0;0;0;0;0;0;0;0;0;0;0;0;0;0;Sim;Desbloqueado;;TRANSACIONAL;;;;;;;;;;;;;;;;;;;;;;;;;;;;;;;;;
421791;Constrwell;5415/181;23/01/2026;CE;"SENADOR SA";14/01/2026;25/03/2026;"FORTALEZA OESTE";01/07/2026;16;0;0;0;0;0;0;0;0;0;0;0;0;0;0;0;0;0;0;Nao;Desbloqueado;;TRANSACIONAL;;;;;;;;;;;;;;;;;;;;;;;;;;;;;;;;;
423114;"ACAI DO BAIANO 0002";0693/154;01/04/2026;CE;MARACANAU;23/03/2026;;"FORTALEZA OESTE";09/06/2026;0;0;0;0;0;0;0;0;0;0;0;0;0;0;0;0;0;0;0;Nao;Desbloqueado;;TRANSACIONAL;;;;;;;;;;;;;;;;;;;;;;;;;;;;;;;;;
54888;"EDUARDO VARIEDADES";0715/121;26/07/2021;CE;BARROQUINHA;07/05/2015;23/01/2026;"FORTALEZA OESTE";01/07/2026;169;0;0;0;0;0;3509;3509;0;0;0;0;0;0;0;0;0;0;0;Sim;Desbloqueado;;TREINADO;;;;;;;;;;;;;;;;;;;;;;;;;;;;;;;;;
136988;"MERCANTIL QUEIROZ 0001";0704/116;07/07/2025;CE;CAPISTRANO;30/01/2025;23/03/2026;"FORTALEZA LESTE";01/07/2026;39;0;0;0;0;0;0;0;0;0;0;0;0;0;0;0;0;0;0;Sim;Desbloqueado;;TRANSACIONAL;;;;;;;;;;;;;;;;;;;;;;;;;;;;;;;;;
244357;"WAUSTON CONSTRUCOES";0704/170;17/01/2023;CE;CAPISTRANO;15/01/2024;31/01/2023;"FORTALEZA LESTE";01/07/2026;193;0;0;0;0;0;0;0;0;0;0;0;0;0;0;0;0;0;0;Sim;Desbloqueado;;TREINADO;;;;;;;;;;;;;;;;;;;;;;;;;;;;;;;;;
403190;"LIVRARIA DO ESTUDANTE";0719/173;27/05/2024;CE;ITAPAJE;17/05/2024;13/06/2024;"FORTALEZA OESTE";01/07/2026;166;1;0;1;0;0;0;0;0;0;0;0;0;0;0;0;0;0;0;Nao;Desbloqueado;;TREINADO;;;;;;;;;;;;;;;;;;;;;;;;;;;;;;;;;
422174;"MARIA IVANA MERCEARIA";0719/196;04/02/2026;CE;IRAUCUBA;29/01/2026;;"FORTALEZA OESTE";01/07/2026;41;0;0;0;0;0;0;0;0;0;0;0;0;0;0;0;0;0;0;Nao;Desbloqueado;;TRANSACIONAL;;;;;;;;;;;;;;;;;;;;;;;;;;;;;;;;;
422522;"Comercial Vaguim LJ 0002";0405/790;24/02/2026;PI;"SAO PEDRO DO PIAUI";18/02/2026;;TERESINA;01/07/2026;61;0;0;0;0;0;0;0;0;0;0;0;0;0;0;0;0;0;0;Nao;Desbloqueado;;TREINADO;;;;;;;;;;;;;;;;;;;;;;;;;;;;;;;;;
423040;"SUPER CENTER SUPERMERCADO";5447/143;24/03/2026;CE;APUIARES;18/03/2026;;"FORTALEZA OESTE";09/04/2026;0;0;0;0;0;0;0;0;0;0;0;0;0;0;0;0;0;0;0;Nao;Desbloqueado;;TRANSACIONAL;;;;;;;;;;;;;;;;;;;;;;;;;;;;;;;;;
147738;"ERIVANDO CELL";0719/113;19/05/2021;CE;TEJUCUOCA;04/02/2016;24/03/2026;"FORTALEZA OESTE";01/07/2026;242;0;0;0;0;0;0;0;0;0;0;0;0;0;0;0;0;0;0;Sim;Desbloqueado;;TREINADO;;;;;;;;;;;;;;;;;;;;;;;;;;;;;;;;;
204149;"GALLERY MODA E VARIEDADES";0985/422;17/03/2026;PI;"BURITI DOS MONTES";25/09/2020;23/04/2026;TERESINA;01/07/2026;23;0;0;0;0;0;0;0;0;0;0;0;0;0;0;0;0;0;0;Sim;Desbloqueado;;TRANSACIONAL;;;;;;;;;;;;;;;;;;;;;;;;;;;;;;;;;
403830;"Fr Vendas";0699/126;01/07/2024;CE;"SAO GONCALO DO AMARANTE";12/06/2024;27/05/2026;"FORTALEZA OESTE";30/06/2026;0;0;0;0;0;0;0;0;0;0;0;0;0;0;0;0;0;0;0;Nao;Desbloqueado;;TREINADO;;;;;;;;;;;;;;;;;;;;;;;;;;;;;;;;;
419929;"REIMAR SUPERMERCADOS 0009";0716/174;16/12/2025;CE;CASCAVEL;01/12/2025;27/04/2026;"FORTALEZA LESTE";01/07/2026;56;0;0;0;0;0;0;0;0;0;0;0;0;0;0;0;0;0;0;Sim;Desbloqueado;;TREINADO;;;;;;;;;;;;;;;;;;;;;;;;;;;;;;;;;
74848;"MERCADINHO TEIXEIRA";0937/365;24/03/2021;PI;"CARIDADE DO PIAUI";05/08/2015;13/09/2024;TERESINA;01/07/2026;93;2;2;2;0;0;0;0;0;0;0;0;0;0;0;0;0;2;0;Sim;Desbloqueado;;TREINADO;;;;;;;;;;;;;;;;;;;;;;;;;;;;;;;;;
217731;"FELIPE MOTO PECAS";0719/151;22/05/2023;CE;IRAUCUBA;11/05/2021;12/05/2026;"FORTALEZA OESTE";01/07/2026;291;6;1;6;0;1000;0;0;0;0;0;0;0;1;0;0;0;6;0;Nao;Desbloqueado;;TREINADO;;;;;;;;;;;;;;;;;;;;;;;;;;;;;;;;;
250394;"CANTINHO DA SERRA";1302/189;23/08/2023;CE;ITATIRA;15/01/2024;19/09/2023;"FORTALEZA OESTE";01/07/2026;2;0;0;0;0;0;0;0;0;0;0;0;0;0;0;0;0;0;0;Nao;Desbloqueado;;TRANSACIONAL;;;;;;;;;;;;;;;;;;;;;;;;;;;;;;;;;
402612;"MERCANTIL MENDES";5792/179;03/04/2025;PI;"MATIAS OLIMPIO";18/04/2024;16/05/2024;TERESINA;01/07/2026;10;0;0;0;0;0;0;0;0;0;0;0;0;0;0;0;0;0;0;Nao;Desbloqueado;;TRANSACIONAL;;;;;;;;;;;;;;;;;;;;;;;;;;;;;;;;;
415481;"SHOPPING VARIEDADES";5387/153;11/08/2025;CE;GRANJA;02/08/2025;27/08/2025;"FORTALEZA OESTE";22/06/2026;0;0;0;0;0;0;0;0;0;0;0;0;0;0;0;0;0;0;0;Nao;Desbloqueado;;TREINADO;;;;;;;;;;;;;;;;;;;;;;;;;;;;;;;;;
419043;"RAISSA ARMARINHOS";5795/149;12/11/2025;PI;"ASSUNCAO DO PIAUI";17/10/2025;09/12/2025;TERESINA;01/07/2026;81;0;0;0;0;0;0;0;0;0;0;0;0;0;0;0;0;0;0;Nao;Desbloqueado;;TREINADO;;;;;;;;;;;;;;;;;;;;;;;;;;;;;;;;;
409235;"Mercadinho Principal";0765/143;17/02/2025;CE;OCARA;23/01/2025;06/04/2025;"FORTALEZA LESTE";01/07/2026;6;0;0;0;0;0;0;0;0;0;0;0;0;0;0;0;0;0;0;Nao;Desbloqueado;;TRANSACIONAL;;;;;;;;;;;;;;;;;;;;;;;;;;;;;;;;;
410138;"Star Center";5792/197;02/06/2026;PI;BARRAS;26/02/2025;09/06/2026;TERESINA;01/07/2026;19;0;0;0;0;0;0;0;0;0;0;0;0;0;0;0;0;0;0;Nao;Desbloqueado;;TRANSACIONAL;;;;;;;;;;;;;;;;;;;;;;;;;;;;;;;;;
419205;"Drogaria Litoranea";5443/112;25/11/2025;CE;PARACURU;27/10/2025;25/11/2025;"FORTALEZA OESTE";01/07/2026;1;0;0;0;0;0;0;0;0;0;0;0;0;0;0;0;0;0;0;Sim;Desbloqueado;;TREINADO;;;;;;;;;;;;;;;;;;;;;;;;;;;;;;;;;
423638;"RMX PAPELARIA EMBALAGENS";5395/103;13/05/2026;CE;JAGUARUANA;16/04/2026;;"FORTALEZA LESTE";13/05/2026;0;0;0;0;0;0;0;0;0;0;0;0;0;0;0;0;0;0;0;Nao;Desbloqueado;;TRANSACIONAL;;;;;;;;;;;;;;;;;;;;;;;;;;;;;;;;;
100900;"DEPOSITO SANTO ANTONIO";0767/078;26/06/2026;CE;ITAITINGA;29/04/2015;23/02/2026;"FORTALEZA LESTE";01/07/2026;9;0;0;0;0;0;0;0;0;0;0;0;0;0;0;0;0;0;0;Sim;Desbloqueado;;TREINADO;;;;;;;;;;;;;;;;;;;;;;;;;;;;;;;;;
226084;"FLORINDO HOME CENTER";0726/146;11/02/2026;PI;"SAO JOAO DA FRONTEIRA";15/01/2024;18/11/2021;TERESINA;01/07/2026;24;0;0;0;0;0;0;0;0;0;0;0;0;0;0;0;0;0;0;Nao;Desbloqueado;;TRANSACIONAL;;;;;;;;;;;;;;;;;;;;;;;;;;;;;;;;;
254655;"COMERCIO SAO LUCAS";1351/331;29/11/2023;CE;MIRAIMA;15/01/2024;06/12/2023;"FORTALEZA OESTE";01/07/2026;23;0;0;0;0;0;0;0;0;0;0;0;0;0;0;0;0;0;0;Nao;Desbloqueado;;TRANSACIONAL;;;;;;;;;;;;;;;;;;;;;;;;;;;;;;;;;
404529;"SMART RESET ASSISTENCIA TECNICA";1302/203;03/10/2024;CE;PARAMOTI;06/07/2024;18/10/2024;"FORTALEZA OESTE";01/07/2026;55;0;0;0;0;0;0;0;0;0;0;0;0;0;0;0;0;0;0;Nao;Desbloqueado;;TREINADO;;;;;;;;;;;;;;;;;;;;;;;;;;;;;;;;;
407955;"Panificadora O Padeirao";5415/163;27/11/2024;CE;"SENADOR SA";19/11/2024;22/01/2025;"FORTALEZA OESTE";12/12/2025;0;0;0;0;0;0;0;0;0;0;0;0;0;0;0;0;0;0;0;Nao;Bloqueado;02/03/2026;TRANSACIONAL;;;;;;;;;;;;;;;;;;;;;;;;;;;;;;;;;
423860;"Ratinho Construcoes";0295/274;12/05/2026;CE;CAUCAIA;28/04/2026;;"FORTALEZA OESTE";12/05/2026;0;0;0;0;0;0;0;0;0;0;0;0;0;0;0;0;0;0;0;Nao;Desbloqueado;;TRANSACIONAL;;;;;;;;;;;;;;;;;;;;;;;;;;;;;;;;;
120491;"DROGARIA OLIVEIRA";0726/218;16/04/2024;CE;"VICOSA DO CEARA";13/08/2015;15/06/2021;TERESINA;30/06/2026;0;0;0;0;0;0;0;0;0;0;0;0;0;0;0;0;0;0;0;Nao;Desbloqueado;;TRANSACIONAL;;;;;;;;;;;;;;;;;;;;;;;;;;;;;;;;;
139921;"M G MERCEARIA";0683/084;20/03/2025;CE;FORTALEZA;24/08/2015;21/07/2020;"FORTALEZA OESTE";01/07/2026;12;0;0;0;0;0;0;0;0;0;0;0;0;0;0;0;0;0;0;Nao;Desbloqueado;;TRANSACIONAL;;;;;;;;;;;;;;;;;;;;;;;;;;;;;;;;;
247012;"MERCADINHO LUIZA";0405/572;09/12/2025;PI;"DEMERVAL LOBAO";15/01/2024;12/05/2023;TERESINA;01/07/2026;27;0;0;0;0;0;0;0;0;0;0;0;0;0;0;0;0;0;0;Nao;Desbloqueado;;TRANSACIONAL;;;;;;;;;;;;;;;;;;;;;;;;;;;;;;;;;
400665;"ALAN ELETROMOVEIS";0458/417;11/09/2024;CE;GROAIRAS;23/01/2024;25/09/2024;"FORTALEZA OESTE";01/07/2026;47;0;0;0;0;0;0;0;0;0;0;0;0;0;0;0;0;0;0;Nao;Desbloqueado;;TRANSACIONAL;;;;;;;;;;;;;;;;;;;;;;;;;;;;;;;;;
145469;"MERCADINHO PIAUI";5808/125;22/04/2022;PI;COCAL;23/09/2016;06/06/2022;TERESINA;01/07/2026;14;0;0;0;0;0;0;0;0;0;0;0;0;0;0;0;0;0;0;Nao;Desbloqueado;;TRANSACIONAL;;;;;;;;;;;;;;;;;;;;;;;;;;;;;;;;;
170642;"DROGARIA MENOR PRECO";5792/133;02/08/2023;PI;"MATIAS OLIMPIO";26/07/2019;28/06/2022;TERESINA;01/07/2026;11;0;0;0;0;0;0;0;0;0;0;0;0;0;0;0;0;0;0;Nao;Desbloqueado;;TRANSACIONAL;;;;;;;;;;;;;;;;;;;;;;;;;;;;;;;;;
186079;"SUPER FEIRAO DO LAR 0001";1302/148;21/01/2021;CE;CANINDE;15/01/2024;12/03/2026;"FORTALEZA OESTE";18/06/2026;0;0;0;0;0;0;0;0;0;0;0;0;0;0;0;0;0;0;0;Nao;Desbloqueado;;TREINADO;;;;;;;;;;;;;;;;;;;;;;;;;;;;;;;;;
200238;"SUPER IDEAL";5792/156;14/03/2022;PI;"CAMPO LARGO DO PIAUI";01/07/2021;30/03/2022;TERESINA;01/07/2026;73;0;0;0;0;0;0;0;0;0;0;0;0;0;0;0;0;0;0;Sim;Desbloqueado;;TREINADO;;;;;;;;;;;;;;;;;;;;;;;;;;;;;;;;;
217349;"FARMACIA DA FAMILIA";0704/155;07/10/2021;CE;ARACOIABA;28/04/2021;06/01/2026;"FORTALEZA LESTE";01/07/2026;15;8;3;8;0;0;0;0;0;0;0;0;0;0;0;0;0;3;0;Nao;Desbloqueado;;TREINADO;;;;;;;;;;;;;;;;;;;;;;;;;;;;;;;;;
238578;"FARMACIA DO POVO";0937/729;14/11/2022;PI;"FRANCISCO SANTOS";15/01/2024;01/02/2023;TERESINA;01/07/2026;11;0;0;0;0;0;0;0;0;0;0;0;0;0;0;0;0;0;0;Nao;Desbloqueado;;TRANSACIONAL;;;;;;;;;;;;;;;;;;;;;;;;;;;;;;;;;
245240;"OFICINA DO CELULAR";0726/266;04/08/2023;CE;"VICOSA DO CEARA";15/01/2024;23/03/2023;TERESINA;01/07/2026;35;0;0;0;0;0;0;0;0;0;0;0;0;0;0;0;0;0;0;Nao;Desbloqueado;;TREINADO;;;;;;;;;;;;;;;;;;;;;;;;;;;;;;;;;
410449;"MERCADINHO O CHICAO";5446/142;21/03/2025;CE;PARAIPABA;11/03/2025;11/04/2025;"FORTALEZA OESTE";05/05/2025;0;0;0;0;0;0;0;0;0;0;0;0;0;0;0;0;0;0;0;Nao;Bloqueado;25/07/2025;TRANSACIONAL;;;;;;;;;;;;;;;;;;;;;;;;;;;;;;;;;
413229;"GILSON PECAS";0985/348;30/05/2025;PI;"SIGEFREDO PACHECO";23/05/2025;13/06/2025;TERESINA;08/06/2026;0;0;0;0;0;0;0;0;0;0;0;0;0;0;0;0;0;0;0;Nao;Bloqueado;10/06/2026;TRANSACIONAL;;;;;;;;;;;;;;;;;;;;;;;;;;;;;;;;;
413330;"Comercial Tomazinho";0726/271;31/05/2025;CE;"VICOSA DO CEARA";27/05/2025;24/06/2025;TERESINA;01/07/2026;9;0;0;0;0;0;0;0;0;0;0;0;0;0;0;0;0;0;0;Sim;Desbloqueado;;TRANSACIONAL;;;;;;;;;;;;;;;;;;;;;;;;;;;;;;;;;
422526;"Ebenezer Supermercado";5446/244;17/03/2026;CE;TRAIRI;19/02/2026;11/05/2026;"FORTALEZA OESTE";11/06/2026;0;0;0;0;0;0;0;0;0;0;0;0;0;0;0;0;0;0;0;Sim;Desbloqueado;;TREINADO;;;;;;;;;;;;;;;;;;;;;;;;;;;;;;;;;
154081;"A F UCHOA TECIDOS";5806/092;03/10/2023;PI;"PEDRO II";09/01/2017;19/05/2022;TERESINA;01/07/2026;10;0;0;0;0;0;0;0;0;0;0;0;0;0;0;0;0;0;0;Nao;Desbloqueado;;TREINADO;;;;;;;;;;;;;;;;;;;;;;;;;;;;;;;;;
155522;"DROGARIA SANTA LUZIA";5792/211;11/05/2026;PI;"BOA HORA";15/01/2024;22/05/2026;TERESINA;01/07/2026;1;0;0;0;0;0;0;0;0;0;0;0;0;0;0;0;0;0;0;Nao;Desbloqueado;;TRANSACIONAL;;;;;;;;;;;;;;;;;;;;;;;;;;;;;;;;;
181247;"MERCADINHO E BOMBONIERE CENTRAL";5438/094;;CE;JAGUARETAMA;23/12/2019;20/12/2019;"FORTALEZA LESTE";01/07/2026;16;0;0;0;0;0;0;0;0;0;0;0;0;0;0;0;0;0;0;Nao;Desbloqueado;;TRANSACIONAL;;;;;;;;;;;;;;;;;;;;;;;;;;;;;;;;;
409107;"Essencial Fashion";0719/181;29/01/2025;CE;TEJUCUOCA;17/01/2025;18/02/2025;"FORTALEZA OESTE";01/07/2026;1;0;0;0;0;0;0;0;0;0;0;0;0;0;0;1;0;0;0;Nao;Desbloqueado;;TREINADO;;;;;;;;;;;;;;;;;;;;;;;;;;;;;;;;;
421769;"Farmacia Altair";5367/181;22/01/2026;CE;MORRINHOS;13/01/2026;03/03/2026;"FORTALEZA OESTE";01/07/2026;33;0;0;0;0;0;8404;8404;0;0;0;0;0;0;0;0;0;0;0;Sim;Desbloqueado;;TREINADO;;;;;;;;;;;;;;;;;;;;;;;;;;;;;;;;;
423137;"Posto De Medicamentos Olivindo";0726/212;26/03/2026;CE;"VICOSA DO CEARA";23/03/2026;09/04/2026;TERESINA;01/07/2026;28;0;0;0;0;0;0;0;0;0;0;0;0;0;0;0;0;0;0;Sim;Desbloqueado;;TRANSACIONAL;;;;;;;;;;;;;;;;;;;;;;;;;;;;;;;;;
424271;"VILA NOVA EXPRESS";0693/155;15/06/2026;CE;MARACANAU;20/05/2026;;"FORTALEZA OESTE";15/06/2026;0;0;0;0;0;0;0;0;0;0;0;0;0;0;0;0;0;0;0;Nao;Desbloqueado;;TRANSACIONAL;;;;;;;;;;;;;;;;;;;;;;;;;;;;;;;;;
115219;"FARMACIA GAMA";0767/080;07/10/2020;CE;PACATUBA;15/01/2024;18/07/2023;"FORTALEZA LESTE";01/07/2026;85;0;0;0;0;0;0;0;0;0;0;0;0;0;0;0;0;0;0;Nao;Desbloqueado;;TREINADO;;;;;;;;;;;;;;;;;;;;;;;;;;;;;;;;;
246807;"IMPERIO DO BEBE";3238/109;14/04/2023;CE;FORTALEZA;21/08/2023;25/04/2023;"FORTALEZA LESTE";01/07/2026;6;0;0;0;0;0;0;0;0;0;0;0;0;0;0;0;0;0;0;Nao;Desbloqueado;;TREINADO;;;;;;;;;;;;;;;;;;;;;;;;;;;;;;;;;
251695;"FARMACIA SAO JOSE";0937/742;11/10/2023;PI;"MONSENHOR HIPOLITO";15/01/2024;04/06/2026;TERESINA;01/07/2026;65;0;0;0;0;0;0;0;0;0;0;0;0;0;0;0;0;2;0;Nao;Desbloqueado;;TREINADO;;;;;;;;;;;;;;;;;;;;;;;;;;;;;;;;;
400723;"CASA DO ESPORTE";1351/243;31/01/2024;CE;URUBURETAMA;24/01/2024;08/02/2024;"FORTALEZA OESTE";01/07/2026;13;0;0;0;0;0;0;0;0;0;0;0;0;0;0;0;0;0;0;Nao;Desbloqueado;;TRANSACIONAL;;;;;;;;;;;;;;;;;;;;;;;;;;;;;;;;;
413684;"Ideal Supermercado";0985/350;16/06/2025;PI;"COCAL DE TELHA";04/06/2025;24/06/2025;TERESINA;01/07/2026;134;0;0;0;0;0;0;0;0;0;0;0;0;0;0;0;0;0;0;Sim;Desbloqueado;;TRANSACIONAL;;;;;;;;;;;;;;;;;;;;;;;;;;;;;;;;;
422786;Hiperpiso;0288/144;11/03/2026;CE;FORTALEZA;06/03/2026;;"FORTALEZA LESTE";10/04/2026;0;0;0;0;0;0;0;0;0;0;0;0;0;0;0;0;0;0;0;Nao;Bloqueado;26/06/2026;TRANSACIONAL;;;;;;;;;;;;;;;;;;;;;;;;;;;;;;;;;
422804;Mercearia;0458/455;12/03/2026;CE;FORQUILHA;06/03/2026;20/04/2026;"FORTALEZA OESTE";24/06/2026;0;0;0;0;0;0;0;0;0;0;0;0;0;0;0;0;0;0;0;Nao;Desbloqueado;;TREINADO;;;;;;;;;;;;;;;;;;;;;;;;;;;;;;;;;
407692;"Posto De Medicamentos Sao Jose";0458/421;13/11/2024;CE;MERUOCA;08/11/2024;28/11/2024;"FORTALEZA OESTE";01/07/2026;19;0;0;0;0;0;0;0;0;0;0;0;0;0;0;0;0;0;0;Nao;Desbloqueado;;TRANSACIONAL;;;;;;;;;;;;;;;;;;;;;;;;;;;;;;;;;
416062;Natusertao;1379/139;26/08/2025;CE;FORTALEZA;21/08/2025;23/09/2025;"FORTALEZA OESTE";27/05/2026;0;0;0;0;0;0;0;0;0;0;0;0;0;0;0;0;0;0;0;Nao;Desbloqueado;;TRANSACIONAL;;;;;;;;;;;;;;;;;;;;;;;;;;;;;;;;;
418009;"O BELLA MODAS";5806/149;08/10/2025;PI;"PEDRO II";23/09/2025;23/10/2025;TERESINA;01/07/2026;63;0;0;0;0;2134;0;0;0;0;0;0;0;0;0;0;0;0;0;Nao;Desbloqueado;;TREINADO;;;;;;;;;;;;;;;;;;;;;;;;;;;;;;;;;
121165;"MERCADINHO SAO JOSE";1302/196;25/07/2023;CE;PARAMOTI;06/05/2015;09/08/2024;"FORTALEZA OESTE";01/07/2026;95;0;0;0;0;0;0;0;0;0;0;0;0;0;0;0;0;0;0;Sim;Desbloqueado;;TREINADO;;;;;;;;;;;;;;;;;;;;;;;;;;;;;;;;;
410618;"MERCADINHO OSTERNO";0699/130;28/03/2025;CE;"SAO LUIS DO CURU";18/03/2025;09/04/2025;"FORTALEZA OESTE";01/07/2026;24;0;0;0;0;0;0;0;0;0;0;0;0;0;0;0;0;0;0;Sim;Desbloqueado;;TREINADO;;;;;;;;;;;;;;;;;;;;;;;;;;;;;;;;;
423593;"SOBRAL COLCHÕES";0702/186;24/04/2026;CE;SOBRAL;15/04/2026;08/05/2026;"FORTALEZA OESTE";30/06/2026;0;0;0;0;0;0;0;0;0;0;0;0;0;0;0;0;0;0;0;Nao;Desbloqueado;;TREINADO;;;;;;;;;;;;;;;;;;;;;;;;;;;;;;;;;
424248;"Santa Limpeza Itarema";2245/064;26/05/2026;CE;ITAREMA;19/05/2026;11/06/2026;"FORTALEZA OESTE";11/06/2026;0;0;0;0;0;0;0;0;0;0;0;0;0;0;0;0;0;0;0;Nao;Desbloqueado;;TREINADO;;;;;;;;;;;;;;;;;;;;;;;;;;;;;;;;;
54115;"PASSOS VARIEDADES";5808/138;;PI;"COCAL DOS ALVES";15/01/2024;11/12/2024;TERESINA;01/07/2026;18;0;0;0;0;0;0;0;0;0;0;0;0;0;0;0;0;0;0;Nao;Desbloqueado;;TRANSACIONAL;;;;;;;;;;;;;;;;;;;;;;;;;;;;;;;;;
170736;"AILTON EDIVAN";0937/502;29/09/2025;PI;"SAO LUIS DO PIAUI";21/03/2019;21/02/2024;TERESINA;01/07/2026;36;0;0;0;0;0;0;0;0;0;0;0;0;0;0;0;0;0;0;Nao;Desbloqueado;;TRANSACIONAL;;;;;;;;;;;;;;;;;;;;;;;;;;;;;;;;;
417817;"Posto De Medicamentos Sorriso De Maria";0719/192;22/09/2025;CE;ITAPAJE;17/09/2025;24/11/2025;"FORTALEZA OESTE";01/07/2026;16;0;0;0;0;0;0;0;0;0;0;0;0;0;0;0;0;0;0;Sim;Desbloqueado;;TREINADO;;;;;;;;;;;;;;;;;;;;;;;;;;;;;;;;;
419599;"Absoluta Perfumaria E Cosmeticos";0684/224;01/12/2025;CE;CRUZ;15/11/2025;26/12/2025;"FORTALEZA OESTE";01/07/2026;29;0;0;0;0;0;0;0;0;0;0;0;0;0;0;0;0;0;0;Nao;Desbloqueado;;TREINADO;;;;;;;;;;;;;;;;;;;;;;;;;;;;;;;;;
424595;"Mercadinho E Frigorifico Wilson";1234/130;10/06/2026;CE;FORTALEZA;03/06/2026;;"FORTALEZA OESTE";11/06/2026;0;0;0;0;0;0;0;0;0;0;0;0;0;0;0;0;0;0;0;Nao;Desbloqueado;;TRANSACIONAL;;;;;;;;;;;;;;;;;;;;;;;;;;;;;;;;;
176897;"COMERCIAL O JEOVA";5303/090;31/08/2023;CE;AMONTADA;22/05/2019;06/01/2026;"FORTALEZA OESTE";01/07/2026;170;1;1;1;0;900;0;0;0;0;0;0;0;0;0;0;0;1;0;Nao;Desbloqueado;;TREINADO;;;;;;;;;;;;;;;;;;;;;;;;;;;;;;;;;
182181;"FARMACIAS BONS AMIGOS";1351/205;16/06/2023;CE;ITAPIPOCA;04/08/2020;23/03/2026;"FORTALEZA OESTE";01/07/2026;133;0;0;0;0;0;0;0;0;0;0;0;0;0;0;0;0;0;0;Nao;Desbloqueado;;TREINADO;;;;;;;;;;;;;;;;;;;;;;;;;;;;;;;;;
232104;"MERCADINHO BARBARA";2245/074;24/07/2025;CE;ITAREMA;26/09/2022;05/07/2022;"FORTALEZA OESTE";01/07/2026;21;0;0;0;0;0;0;0;0;0;0;0;0;0;0;0;0;0;0;Nao;Desbloqueado;;TREINADO;;;;;;;;;;;;;;;;;;;;;;;;;;;;;;;;;
423605;"DROGARIA POPULAR";0937/782;08/05/2026;PI;"CAMPO GRANDE DO PIAUI";15/04/2026;19/05/2026;TERESINA;01/07/2026;10;0;0;0;0;0;0;0;0;0;0;0;0;0;0;0;0;0;0;Sim;Desbloqueado;;TREINADO;;;;;;;;;;;;;;;;;;;;;;;;;;;;;;;;;
150700;"DROGARIA NOSSA SRA DE NAZARE";0985/310;06/05/2026;PI;"NOSSA SENHORA DE NAZARE";23/09/2016;23/08/2022;TERESINA;01/07/2026;31;0;0;0;0;0;0;0;0;0;0;0;0;0;0;0;0;0;0;Nao;Desbloqueado;;TRANSACIONAL;;;;;;;;;;;;;;;;;;;;;;;;;;;;;;;;;
176770;"MINI MERCADO EBENEZER";0685/161;01/12/2020;CE;ITAICABA;11/03/2020;08/10/2024;"FORTALEZA LESTE";01/07/2026;42;0;0;0;0;0;0;0;0;0;0;0;0;0;0;0;0;0;0;Nao;Desbloqueado;;TREINADO;;;;;;;;;;;;;;;;;;;;;;;;;;;;;;;;;
245217;"HIPER FARMA";0458/359;28/09/2023;CE;SOBRAL;14/06/2023;23/03/2023;"FORTALEZA OESTE";26/06/2026;0;0;0;0;0;0;0;0;0;0;0;0;0;0;0;0;0;0;0;Nao;Desbloqueado;;TRANSACIONAL;;;;;;;;;;;;;;;;;;;;;;;;;;;;;;;;;
408899;"Mercadinho Familiar";0937/763;10/01/2025;PI;"CARIDADE DO PIAUI";02/01/2025;30/01/2025;TERESINA;01/07/2026;39;0;0;0;0;0;0;0;0;0;0;0;0;0;0;0;0;0;0;Nao;Desbloqueado;;TRANSACIONAL;;;;;;;;;;;;;;;;;;;;;;;;;;;;;;;;;
101381;FARMACOR;0458/374;13/10/2020;CE;COREAU;18/05/2015;14/05/2026;"FORTALEZA OESTE";01/07/2026;437;3;0;3;0;0;25067;25067;0;0;0;0;0;0;0;0;0;3;0;Sim;Desbloqueado;;TREINADO;;;;;;;;;;;;;;;;;;;;;;;;;;;;;;;;;
235004;"FERNANDES FARMA 0001";0685/303;25/09/2023;CE;ICAPUI;08/07/2022;14/10/2022;"FORTALEZA LESTE";01/07/2026;14;0;0;0;0;0;0;0;0;0;0;0;0;0;0;0;0;0;0;Nao;Desbloqueado;;TRANSACIONAL;;;;;;;;;;;;;;;;;;;;;;;;;;;;;;;;;
401782;"Dormir Sonhos";5449/147;18/03/2024;CE;BARREIRA;09/03/2024;27/03/2024;"FORTALEZA LESTE";01/07/2026;28;0;0;0;0;0;0;0;0;0;0;0;0;0;0;0;0;0;0;Nao;Desbloqueado;;TREINADO;;;;;;;;;;;;;;;;;;;;;;;;;;;;;;;;;
419293;"MERCADINHO CLECIO";2572/149;;CE;FORTALEZA;29/10/2025;;"FORTALEZA LESTE";11/12/2025;0;0;0;0;0;0;0;0;0;0;0;0;0;0;0;0;0;0;0;Nao;Bloqueado;02/03/2026;TRANSACIONAL;;;;;;;;;;;;;;;;;;;;;;;;;;;;;;;;;
82889;"LOJINHA SANTA LUZIA";5365/062;14/09/2023;CE;BATURITE;20/05/2015;13/01/2026;"FORTALEZA LESTE";01/07/2026;374;0;0;0;0;0;0;0;0;0;0;0;0;0;0;0;0;0;0;Nao;Desbloqueado;;TREINADO;;;;;;;;;;;;;;;;;;;;;;;;;;;;;;;;;
87946;"MERCADINHO SAO JUDAS TADEU";5792/070;07/08/2021;PI;"CABECEIRAS DO PIAUI";17/08/2015;12/03/2026;TERESINA;01/07/2026;48;0;0;0;0;0;0;0;0;0;0;0;0;0;0;0;0;0;0;Sim;Desbloqueado;;TREINADO;;;;;;;;;;;;;;;;;;;;;;;;;;;;;;;;;
171060;"M M MANIN MERCANTIL";0985/405;09/02/2021;PI;"SAO MIGUEL DO TAPUIO";14/02/2019;27/09/2023;TERESINA;01/07/2026;57;0;0;0;0;0;0;0;0;0;0;0;0;0;0;0;0;0;0;Nao;Desbloqueado;;TRANSACIONAL;;;;;;;;;;;;;;;;;;;;;;;;;;;;;;;;;
181014;"SUPERMERCADO JOSE FILHO";3848/200;23/08/2023;PI;BENEDITINOS;16/03/2020;05/01/2022;TERESINA;01/07/2026;26;0;0;0;0;0;0;0;0;0;0;0;0;0;0;0;0;0;0;Sim;Desbloqueado;;TRANSACIONAL;;;;;;;;;;;;;;;;;;;;;;;;;;;;;;;;;
404731;"ARICELL ASSISTENCIA TECNICA";5415/167;27/03/2025;CE;"SENADOR SA";17/07/2024;15/04/2025;"FORTALEZA OESTE";01/07/2026;7;0;0;0;0;0;0;0;0;0;0;0;0;0;0;0;0;0;0;Nao;Desbloqueado;;TREINADO;;;;;;;;;;;;;;;;;;;;;;;;;;;;;;;;;
410434;"Mercadinho Luciele Variedades";5446/141;19/03/2025;CE;PARAIPABA;11/03/2025;26/03/2025;"FORTALEZA OESTE";29/06/2026;0;0;0;0;0;0;0;0;0;0;0;0;0;0;0;0;0;0;0;Sim;Desbloqueado;;TREINADO;;;;;;;;;;;;;;;;;;;;;;;;;;;;;;;;;
37098;"MERCADINHO BOM PRECO";0726/063;03/10/2023;CE;TIANGUA;28/09/2020;15/10/2020;TERESINA;01/07/2026;1;0;0;0;0;0;0;0;0;0;0;0;0;0;0;0;0;0;0;Nao;Desbloqueado;;TREINADO;;;;;;;;;;;;;;;;;;;;;;;;;;;;;;;;;
63779;"LOURO VARIEDADES";5365/078;25/07/2023;CE;BATURITE;20/05/2015;27/06/2024;"FORTALEZA LESTE";01/07/2026;118;0;0;0;0;0;0;0;0;0;0;0;0;0;0;0;0;0;0;Nao;Desbloqueado;;TREINADO;;;;;;;;;;;;;;;;;;;;;;;;;;;;;;;;;
143820;FARMANOVA;5446/188;23/07/2025;CE;TRAIRI;02/09/2022;16/01/2026;"FORTALEZA OESTE";01/07/2026;108;0;0;0;0;0;0;0;0;0;0;0;0;0;0;0;0;0;0;Nao;Desbloqueado;;TREINADO;;;;;;;;;;;;;;;;;;;;;;;;;;;;;;;;;
231557;"DROGARIA CARDOSO";3848/249;08/09/2025;PI;"SAO JOAO DA SERRA";15/01/2024;25/07/2022;TERESINA;25/03/2026;0;0;0;0;0;0;0;0;0;0;0;0;0;0;0;0;0;0;0;Nao;Desbloqueado;;TRANSACIONAL;;;;;;;;;;;;;;;;;;;;;;;;;;;;;;;;;
231654;"BELLA MODAS";5438/110;28/05/2024;CE;JAGUARETAMA;15/01/2024;12/03/2024;"FORTALEZA LESTE";01/07/2026;5;0;0;0;0;0;0;0;0;0;0;0;0;0;0;0;0;0;0;Nao;Desbloqueado;;TRANSACIONAL;;;;;;;;;;;;;;;;;;;;;;;;;;;;;;;;;
409537;"Supermercado Central 0002";0704/181;15/06/2026;CE;CAPISTRANO;05/02/2025;;"FORTALEZA LESTE";15/06/2026;0;0;0;0;0;0;0;0;0;0;0;0;0;0;0;0;0;0;0;Nao;Desbloqueado;;TRANSACIONAL;;;;;;;;;;;;;;;;;;;;;;;;;;;;;;;;;
409579;Ellyfarma;2245/066;19/02/2025;CE;ITAREMA;06/02/2025;18/03/2025;"FORTALEZA OESTE";01/07/2026;2;0;0;0;0;0;0;0;0;0;0;0;0;0;0;0;0;0;0;Nao;Desbloqueado;;TREINADO;;;;;;;;;;;;;;;;;;;;;;;;;;;;;;;;;
250384;"PANIFICADORA DELICATESSE";5808/136;30/10/2024;PI;PIRACURUCA;15/01/2024;30/08/2023;TERESINA;20/05/2026;0;0;0;0;0;0;0;0;0;0;0;0;0;0;0;0;0;0;0;Nao;Bloqueado;10/06/2026;TRANSACIONAL;;;;;;;;;;;;;;;;;;;;;;;;;;;;;;;;;
404287;"Drogaria Almeida Gomes";0703/267;26/07/2024;CE;POTIRETAMA;01/07/2024;05/08/2024;"FORTALEZA LESTE";26/11/2024;0;0;0;0;0;0;0;0;0;0;0;0;0;0;0;0;0;0;0;Sim;Bloqueado;10/12/2024;TRANSACIONAL;;;;;;;;;;;;;;;;;;;;;;;;;;;;;;;;;
422185;"Posto De Medicamentos Saude Ja";5443/114;09/02/2026;CE;PARACURU;30/01/2026;11/03/2026;"FORTALEZA OESTE";01/07/2026;7;0;0;0;0;0;0;0;0;0;0;0;0;0;0;0;0;0;0;Nao;Desbloqueado;;TREINADO;;;;;;;;;;;;;;;;;;;;;;;;;;;;;;;;;
26207;"SANTA RITA VARIEDADES";5367/065;09/04/2021;CE;"BELA CRUZ";28/04/2015;05/07/2023;"FORTALEZA OESTE";12/12/2025;0;0;0;0;0;0;0;0;0;0;0;0;0;0;0;0;0;0;0;Nao;Bloqueado;02/03/2026;TREINADO;;;;;;;;;;;;;;;;;;;;;;;;;;;;;;;;;
84204;"IDEAL CINE FOTO";5808/154;14/08/2023;PI;COCAL;03/08/2015;16/06/2026;TERESINA;01/07/2026;92;0;0;0;0;0;0;0;0;0;0;0;0;0;0;0;0;0;0;Sim;Desbloqueado;;TRANSACIONAL;;;;;;;;;;;;;;;;;;;;;;;;;;;;;;;;;
405262;"Jes Materiais E Cm Moveis";1677/155;14/11/2024;CE;"SANTA QUITERIA";05/08/2024;04/12/2024;"JUAZEIRO DO NORTE";27/11/2025;0;0;0;0;0;0;0;0;0;0;0;0;0;0;0;0;0;0;0;Nao;Bloqueado;02/03/2026;TREINADO;;;;;;;;;;;;;;;;;;;;;;;;;;;;;;;;;
418276;"Mercantil O Magao";0767/157;13/10/2025;CE;ITAITINGA;30/09/2025;;"FORTALEZA LESTE";01/07/2026;13;0;0;0;0;0;0;0;0;0;0;0;0;0;0;0;0;0;0;Sim;Desbloqueado;;TRANSACIONAL;;;;;;;;;;;;;;;;;;;;;;;;;;;;;;;;;
207424;"MERCADINHO SERGIO";5438/102;23/05/2022;CE;"MORADA NOVA";08/12/2020;29/01/2021;"FORTALEZA LESTE";01/07/2026;80;0;0;0;0;0;0;0;0;0;0;0;0;0;0;0;0;0;0;Nao;Desbloqueado;;TREINADO;;;;;;;;;;;;;;;;;;;;;;;;;;;;;;;;;
400696;"SUPREMA PAPEL E VARIEDADES";0696/124;06/02/2024;CE;RUSSAS;24/01/2024;27/02/2024;"FORTALEZA LESTE";01/07/2026;270;4;0;4;0;700;0;0;0;0;0;0;0;0;0;0;0;2;0;Nao;Desbloqueado;;TREINADO;;;;;;;;;;;;;;;;;;;;;;;;;;;;;;;;;
410768;"Vest Brasil Modas";5367/166;01/04/2025;CE;"BELA CRUZ";25/03/2025;08/04/2025;"FORTALEZA OESTE";01/07/2026;31;0;0;0;0;0;0;0;0;0;0;0;0;0;0;0;0;0;0;Nao;Desbloqueado;;TREINADO;;;;;;;;;;;;;;;;;;;;;;;;;;;;;;;;;
418391;"Spaço Revista";5792/207;14/10/2025;PI;"MATIAS OLIMPIO";01/10/2025;;TERESINA;01/07/2026;1;0;0;0;0;0;0;0;0;0;0;0;0;0;0;0;0;0;0;Nao;Desbloqueado;;TRANSACIONAL;;;;;;;;;;;;;;;;;;;;;;;;;;;;;;;;;
69358;HIPERMARKET;1379/133;18/12/2023;CE;FORTALEZA;18/08/2015;16/01/2024;"FORTALEZA OESTE";01/07/2026;4;0;0;0;0;0;0;0;0;0;0;0;0;0;0;0;0;0;0;Nao;Desbloqueado;;TRANSACIONAL;;;;;;;;;;;;;;;;;;;;;;;;;;;;;;;;;
25246;"MAX LIVROS";0458/098;27/01/2021;CE;SOBRAL;06/05/2015;18/06/2026;"FORTALEZA OESTE";01/07/2026;104;0;0;0;0;0;0;0;0;0;0;0;0;0;0;0;0;0;0;Nao;Desbloqueado;;TREINADO;;;;;;;;;;;;;;;;;;;;;;;;;;;;;;;;;
156917;"ANCORA DISTRIBUIDORA 0010";5366/089;08/08/2023;CE;BEBERIBE;15/01/2024;16/08/2023;"FORTALEZA LESTE";30/06/2026;0;0;0;0;0;0;0;0;0;0;0;0;0;0;0;0;0;0;0;Nao;Desbloqueado;;TREINADO;;;;;;;;;;;;;;;;;;;;;;;;;;;;;;;;;
226067;"MERCADINHO O LEO";0405/538;27/05/2023;PI;"MONSENHOR GIL";15/01/2024;23/05/2022;TERESINA;01/07/2026;3;0;0;0;0;0;0;0;0;0;0;0;0;0;0;0;0;0;0;Nao;Desbloqueado;;TRANSACIONAL;;;;;;;;;;;;;;;;;;;;;;;;;;;;;;;;;
423814;"Padaria Santo Expedito";5367/183;29/05/2026;CE;"BELA CRUZ";27/04/2026;;"FORTALEZA OESTE";01/07/2026;5;0;0;0;0;0;0;0;0;0;0;0;0;0;0;0;0;0;0;Nao;Desbloqueado;;TRANSACIONAL;;;;;;;;;;;;;;;;;;;;;;;;;;;;;;;;;
424706;"Turma Da Alegria";1351/348;16/06/2026;CE;ITAPIPOCA;10/06/2026;23/06/2026;"FORTALEZA OESTE";30/06/2026;0;0;0;0;0;0;0;0;0;0;0;0;0;0;0;0;0;0;0;Nao;Desbloqueado;;TREINADO;;;;;;;;;;;;;;;;;;;;;;;;;;;;;;;;;
217417;"MERCADAO TEND TUDO";0711/109;18/01/2022;CE;HORIZONTE;15/01/2024;16/04/2021;"FORTALEZA LESTE";01/07/2026;41;0;0;0;0;0;0;0;0;0;0;0;0;0;0;0;0;0;0;Nao;Desbloqueado;;TRANSACIONAL;;;;;;;;;;;;;;;;;;;;;;;;;;;;;;;;;
402669;"Mercadinho Do Povo";1579/206;13/05/2024;CE;MARANGUAPE;23/04/2024;13/06/2024;"FORTALEZA OESTE";11/12/2025;0;0;0;0;0;0;0;0;0;0;0;0;0;0;0;0;0;0;0;Sim;Bloqueado;02/03/2026;TRANSACIONAL;;;;;;;;;;;;;;;;;;;;;;;;;;;;;;;;;
424026;"Imperial Home Center";0715/175;28/05/2026;CE;BARROQUINHA;06/05/2026;;"FORTALEZA OESTE";25/06/2026;0;0;0;0;0;0;0;0;0;0;0;0;0;0;0;0;0;0;0;Nao;Desbloqueado;;TRANSACIONAL;;;;;;;;;;;;;;;;;;;;;;;;;;;;;;;;;
45741;"DROGARIA SANTA LUZIA";5792/081;05/01/2022;PI;"CABECEIRAS DO PIAUI";25/03/2020;14/05/2026;TERESINA;01/07/2026;49;1;0;1;0;0;0;0;0;0;0;0;0;0;0;0;0;0;0;Nao;Desbloqueado;;TREINADO;;;;;;;;;;;;;;;;;;;;;;;;;;;;;;;;;
150023;"SUPER POVAO 0001";1302/119;17/08/2023;CE;ITATIRA;30/06/2016;22/03/2021;"FORTALEZA OESTE";01/07/2026;62;0;0;0;0;0;0;0;0;0;0;0;0;0;0;0;0;0;0;Nao;Desbloqueado;;TREINADO;;;;;;;;;;;;;;;;;;;;;;;;;;;;;;;;;
225974;"EUDES SUPERMERCADO";5304/112;;CE;AQUIRAZ;15/01/2024;;"FORTALEZA LESTE";29/06/2026;0;0;0;0;0;0;0;0;0;0;0;0;0;0;0;0;0;0;0;Nao;Desbloqueado;;TRANSACIONAL;;;;;;;;;;;;;;;;;;;;;;;;;;;;;;;;;
228686;"TOP MOVEIS ITAREMA 0034";2245/070;03/08/2023;CE;ITAREMA;15/01/2024;24/08/2022;"FORTALEZA OESTE";12/06/2026;0;0;0;0;0;0;0;0;0;0;0;0;0;0;0;0;0;0;0;Nao;Desbloqueado;;TREINADO;;;;;;;;;;;;;;;;;;;;;;;;;;;;;;;;;
412646;"Mercadinho Confianca";5387/148;26/05/2025;CE;GRANJA;15/05/2025;;"FORTALEZA OESTE";01/07/2026;13;0;0;0;0;0;0;0;0;0;0;0;0;0;0;0;0;0;0;Sim;Desbloqueado;;TRANSACIONAL;;;;;;;;;;;;;;;;;;;;;;;;;;;;;;;;;
86001;"DROGARIA VITORIA";5792/190;16/01/2023;PI;"MIGUEL ALVES";04/08/2015;13/08/2024;TERESINA;01/07/2026;44;0;0;0;0;0;0;0;0;0;0;0;0;0;0;0;0;0;0;Nao;Desbloqueado;;TRANSACIONAL;;;;;;;;;;;;;;;;;;;;;;;;;;;;;;;;;
135036;"MERCADINHO MATRIZ";0685/140;03/08/2023;CE;ARACATI;06/05/2015;22/10/2024;"FORTALEZA LESTE";01/07/2026;142;0;0;0;0;200;0;0;0;0;0;0;0;0;0;0;0;0;0;Nao;Desbloqueado;;TREINADO;;;;;;;;;;;;;;;;;;;;;;;;;;;;;;;;;
160806;"MERCADINHO O ZEZE";0458/065;13/12/2021;CE;MERUOCA;25/09/2017;07/11/2022;"FORTALEZA OESTE";01/07/2026;12;0;0;0;0;0;0;0;0;0;0;0;0;0;0;0;0;0;0;Nao;Desbloqueado;;TRANSACIONAL;;;;;;;;;;;;;;;;;;;;;;;;;;;;;;;;;
176543;"VITRINA MULTITUDO";0458/384;15/05/2024;CE;FRECHEIRINHA;07/10/2019;02/08/2024;"FORTALEZA OESTE";01/07/2026;55;1;0;1;0;0;0;0;0;0;0;0;0;0;0;0;0;1;0;Sim;Desbloqueado;;TREINADO;;;;;;;;;;;;;;;;;;;;;;;;;;;;;;;;;
408285;"Drogaria Joao De Paiva";3848/247;19/12/2024;PI;ALTOS;02/12/2024;26/12/2024;TERESINA;16/12/2025;0;0;0;0;0;0;0;0;0;0;0;0;0;0;0;0;0;0;0;Sim;Bloqueado;02/03/2026;TRANSACIONAL;;;;;;;;;;;;;;;;;;;;;;;;;;;;;;;;;
413281;"Drogaria Mais Popular";1351/334;17/06/2025;CE;AMONTADA;26/05/2025;14/04/2026;"FORTALEZA OESTE";01/07/2026;107;0;0;0;0;0;0;0;0;0;0;0;0;0;0;0;0;0;0;Nao;Desbloqueado;;TREINADO;;;;;;;;;;;;;;;;;;;;;;;;;;;;;;;;;
422712;"Mercearia Francisco";0715/174;05/03/2026;CE;CAMOCIM;03/03/2026;20/03/2026;"FORTALEZA OESTE";01/07/2026;7;0;0;0;0;0;0;0;0;0;0;0;0;0;0;0;0;0;0;Nao;Desbloqueado;;TRANSACIONAL;;;;;;;;;;;;;;;;;;;;;;;;;;;;;;;;;
171707;"COMERCIAL JATOBA";0985/314;;PI;"JATOBA DO PIAUI";25/03/2020;10/01/2019;TERESINA;01/07/2026;14;0;0;0;0;0;0;0;0;0;0;0;0;0;0;0;0;0;0;Nao;Desbloqueado;;TRANSACIONAL;;;;;;;;;;;;;;;;;;;;;;;;;;;;;;;;;
187482;"MERCADINHO RAIANA";0937/524;10/05/2022;PI;"SAO JULIAO";15/01/2024;14/05/2025;TERESINA;01/07/2026;58;0;0;0;0;0;0;0;0;0;0;0;0;0;0;0;0;0;0;Sim;Desbloqueado;;TREINADO;;;;;;;;;;;;;;;;;;;;;;;;;;;;;;;;;
407911;"Super Savana";1302/211;22/11/2024;CE;CARIDADE;15/11/2024;10/12/2024;"FORTALEZA OESTE";01/07/2026;121;0;0;0;0;0;0;0;0;0;0;0;0;0;0;0;0;0;0;Sim;Desbloqueado;;TREINADO;;;;;;;;;;;;;;;;;;;;;;;;;;;;;;;;;
136802;"COMECIAL VIANA";1522/201;28/11/2024;PI;"MURICI DOS PORTELAS";15/01/2024;14/11/2024;TERESINA;01/07/2026;78;0;0;0;0;0;0;0;0;0;0;0;0;0;0;0;0;0;0;Sim;Desbloqueado;;TRANSACIONAL;;;;;;;;;;;;;;;;;;;;;;;;;;;;;;;;;
231002;"CRISTAL OTICA";5415/135;03/10/2023;CE;"SANTANA DO ACARAU";09/08/2023;27/01/2026;"FORTALEZA OESTE";01/07/2026;79;0;0;0;0;0;0;0;0;0;0;0;0;0;0;0;0;0;0;Nao;Desbloqueado;;TREINADO;;;;;;;;;;;;;;;;;;;;;;;;;;;;;;;;;
247023;"PR FARMA";0937/731;25/04/2023;PI;"SAO JULIAO";15/01/2024;02/06/2023;TERESINA;01/07/2026;15;0;0;0;0;0;0;0;0;0;0;0;0;0;0;0;0;0;0;Nao;Desbloqueado;;TRANSACIONAL;;;;;;;;;;;;;;;;;;;;;;;;;;;;;;;;;
422150;"UNIVERSO CELL";0649/147;24/03/2026;CE;FORTALEZA;27/01/2026;;"FORTALEZA OESTE";01/07/2026;3;6;0;6;0;0;0;0;0;0;0;0;0;1;0;0;0;5;0;Nao;Desbloqueado;;TREINADO;;;;;;;;;;;;;;;;;;;;;;;;;;;;;;;;;
49302;"MERCADINHO MA COSTA";0703/082;30/07/2021;CE;"SAO JOAO DO JAGUARIBE";30/04/2015;21/05/2026;"FORTALEZA LESTE";01/07/2026;126;0;0;0;0;0;0;0;0;0;0;0;0;0;0;0;0;0;0;Nao;Desbloqueado;;TREINADO;;;;;;;;;;;;;;;;;;;;;;;;;;;;;;;;;
62735;"MAGAZINE CARDOSO";5798/089;10/02/2021;PI;"JOAQUIM PIRES";09/09/2015;19/03/2026;TERESINA;01/07/2026;162;0;0;0;0;0;0;0;0;0;0;0;0;0;0;0;0;0;0;Sim;Desbloqueado;;TREINADO;;;;;;;;;;;;;;;;;;;;;;;;;;;;;;;;;
85572;"SUPERMERCADO SOEIRO";5367/078;11/09/2023;CE;MORRINHOS;17/04/2015;05/01/2026;"FORTALEZA OESTE";01/07/2026;137;1;0;1;0;0;20686;20686;0;0;4513;0;0;0;0;0;0;1;0;Sim;Desbloqueado;;TREINADO;;;;;;;;;;;;;;;;;;;;;;;;;;;;;;;;;
202570;DIFOR;1302/152;12/08/2021;CE;ITATIRA;15/01/2024;13/11/2020;"FORTALEZA OESTE";01/07/2026;30;0;0;0;0;0;0;0;0;0;0;0;0;0;0;0;0;0;0;Nao;Desbloqueado;;TRANSACIONAL;;;;;;;;;;;;;;;;;;;;;;;;;;;;;;;;;
226362;"CONSTRUSA MAT DE CONSTRUCAO";2608/110;27/10/2021;CE;FORTALEZA;16/11/2021;03/11/2021;"FORTALEZA OESTE";01/07/2026;11;2;2;2;0;0;0;0;0;0;0;0;0;1;0;0;0;2;0;Nao;Desbloqueado;;TREINADO;;;;;;;;;;;;;;;;;;;;;;;;;;;;;;;;;
406886;"MARANATA FOTOS";1522/276;18/10/2024;PI;PARNAIBA;12/10/2024;23/10/2024;TERESINA;01/07/2026;11;0;0;0;0;0;0;0;0;0;0;0;0;0;0;0;0;0;0;Nao;Desbloqueado;;TREINADO;;;;;;;;;;;;;;;;;;;;;;;;;;;;;;;;;
409582;"IDEAL FARMA";0684/212;12/02/2025;CE;ACARAU;06/02/2025;26/02/2025;"FORTALEZA OESTE";01/07/2026;23;0;0;0;0;0;0;0;0;0;0;0;0;0;0;0;0;0;0;Nao;Desbloqueado;;TREINADO;;;;;;;;;;;;;;;;;;;;;;;;;;;;;;;;;
418028;"Lojao Conforto";5443/111;29/09/2025;CE;PARACURU;23/09/2025;22/10/2025;"FORTALEZA OESTE";16/12/2025;0;0;0;0;0;0;0;0;0;0;0;0;0;0;0;0;0;0;0;Nao;Bloqueado;02/03/2026;TREINADO;;;;;;;;;;;;;;;;;;;;;;;;;;;;;;;;;
421786;"Acai Do Baiano";0693/152;19/01/2026;CE;MARACANAU;14/01/2026;05/03/2026;"FORTALEZA OESTE";19/06/2026;0;0;0;0;0;0;0;0;0;0;0;0;0;0;0;0;0;0;0;Nao;Desbloqueado;;TRANSACIONAL;;;;;;;;;;;;;;;;;;;;;;;;;;;;;;;;;
153607;"DROGARIA PAGUE BEM";5792/120;20/07/2023;PI;"CABECEIRAS DO PIAUI";23/09/2016;14/05/2026;TERESINA;01/07/2026;69;0;0;0;0;0;0;0;0;0;0;0;0;0;0;0;0;0;0;Sim;Desbloqueado;;TREINADO;;;;;;;;;;;;;;;;;;;;;;;;;;;;;;;;;
182200;"PHARMA CENTER";0937/521;17/02/2025;PI;"MASSAPE DO PIAUI";15/01/2024;04/04/2025;TERESINA;01/07/2026;30;0;0;0;0;0;0;0;0;0;0;0;0;0;0;0;0;0;0;Nao;Desbloqueado;;TRANSACIONAL;;;;;;;;;;;;;;;;;;;;;;;;;;;;;;;;;
246156;"R F VARIEDADES";0564/161;;CE;FORTALEZA;15/01/2024;;"FORTALEZA LESTE";26/07/2024;0;0;0;0;0;0;0;0;0;0;0;0;0;0;0;0;0;0;0;Nao;Bloqueado;26/07/2024;TRANSACIONAL;;;;;;;;;;;;;;;;;;;;;;;;;;;;;;;;;
424654;"MENINA ALICIA MODA INFANTIL 0002";1302/236;10/06/2026;CE;"BOA VIAGEM";05/06/2026;;"FORTALEZA OESTE";01/07/2026;7;0;0;0;0;0;0;0;0;0;0;0;0;0;0;0;0;0;0;Nao;Desbloqueado;;TRANSACIONAL;;;;;;;;;;;;;;;;;;;;;;;;;;;;;;;;;
99742;TECLENET.COM;0405/334;18/06/2021;PI;"AGUA BRANCA";18/12/2015;20/05/2026;TERESINA;01/07/2026;70;0;0;0;0;0;0;0;0;0;0;0;0;0;0;0;0;0;0;Sim;Desbloqueado;;TREINADO;;;;;;;;;;;;;;;;;;;;;;;;;;;;;;;;;
400271;"MERCADINHO ALENCAR";0985/344;31/01/2024;PI;"JATOBA DO PIAUI";15/01/2024;08/02/2024;TERESINA;01/07/2026;1;0;0;0;0;0;0;0;0;0;0;0;0;0;0;0;0;0;0;Nao;Desbloqueado;;TRANSACIONAL;;;;;;;;;;;;;;;;;;;;;;;;;;;;;;;;;
401133;"MERCADINHO IDEAL";0458/407;26/02/2024;CE;ALCANTARAS;06/02/2024;14/03/2024;"FORTALEZA OESTE";01/07/2026;2;0;0;0;0;0;0;0;0;0;0;0;0;0;0;0;0;0;0;Nao;Desbloqueado;;TRANSACIONAL;;;;;;;;;;;;;;;;;;;;;;;;;;;;;;;;;
145456;"FARMACIA SARA VIANA";5446/192;12/09/2023;CE;TRAIRI;20/09/2018;26/10/2022;"FORTALEZA OESTE";01/07/2026;66;0;0;0;0;0;0;0;0;0;0;0;0;0;0;0;0;0;0;Nao;Desbloqueado;;TREINADO;;;;;;;;;;;;;;;;;;;;;;;;;;;;;;;;;
406113;"COMERCIAL PAGUE MENOS";0719/178;23/09/2024;CE;ITAPAJE;09/09/2024;10/10/2024;"FORTALEZA OESTE";01/07/2026;23;0;0;0;0;0;0;0;0;0;0;0;0;0;0;0;0;0;0;Sim;Desbloqueado;;TREINADO;;;;;;;;;;;;;;;;;;;;;;;;;;;;;;;;;
410416;"Farmacia Central Preco Baixo";0288/141;02/07/2025;CE;FORTALEZA;08/03/2025;12/09/2025;"FORTALEZA LESTE";01/07/2026;10;0;0;0;0;0;0;0;0;0;0;0;0;0;0;0;0;0;0;Nao;Desbloqueado;;TRANSACIONAL;;;;;;;;;;;;;;;;;;;;;;;;;;;;;;;;;
217051;FARMARRUDA;0458/387;11/01/2021;CE;MORAUJO;14/08/2023;22/04/2021;"FORTALEZA OESTE";01/07/2026;92;0;0;0;0;0;0;0;0;0;0;0;0;0;0;0;0;0;0;Sim;Desbloqueado;;TREINADO;;;;;;;;;;;;;;;;;;;;;;;;;;;;;;;;;
223948;"MERCADINHO CARVALHO";0937/538;;PI;"MASSAPE DO PIAUI";15/01/2024;;TERESINA;01/07/2026;28;0;0;0;0;0;0;0;0;0;0;0;0;0;0;0;0;0;0;Nao;Desbloqueado;;TRANSACIONAL;;;;;;;;;;;;;;;;;;;;;;;;;;;;;;;;;
255014;"COMERCIAL RAMOS";0937/747;03/01/2024;PI;"IPIRANGA DO PIAUI";15/01/2024;31/01/2024;TERESINA;01/07/2026;15;0;0;0;0;0;0;0;0;0;0;0;0;0;0;0;0;0;0;Nao;Desbloqueado;;TRANSACIONAL;;;;;;;;;;;;;;;;;;;;;;;;;;;;;;;;;
405213;"Mercadinho Sacolao Ibiapaba";5387/140;15/08/2024;CE;GRANJA;03/08/2024;08/10/2024;"FORTALEZA OESTE";01/07/2026;2;0;0;0;0;0;0;0;0;0;0;0;0;0;0;0;0;0;0;Sim;Desbloqueado;;TRANSACIONAL;;;;;;;;;;;;;;;;;;;;;;;;;;;;;;;;;
414255;"Viva Comercio";5798/172;21/07/2025;PI;LUZILANDIA;24/06/2025;30/07/2025;TERESINA;09/06/2026;0;0;0;0;0;0;0;0;0;0;0;0;0;0;0;0;0;0;0;Sim;Desbloqueado;;TREINADO;;;;;;;;;;;;;;;;;;;;;;;;;;;;;;;;;
49677;"MERCADINHO SAO FRANCISCO";5447/092;25/07/2024;CE;APUIARES;14/08/2023;14/10/2021;"FORTALEZA OESTE";01/07/2026;27;0;0;0;0;0;0;0;0;0;0;0;0;0;0;0;0;0;0;Nao;Desbloqueado;;TRANSACIONAL;;;;;;;;;;;;;;;;;;;;;;;;;;;;;;;;;
240628;"MERCANTIL POPULAR";5798/161;10/02/2023;PI;BATALHA;15/01/2024;27/03/2024;TERESINA;01/07/2026;13;0;0;0;0;0;0;0;0;0;0;0;0;0;0;0;0;0;0;Nao;Desbloqueado;;TRANSACIONAL;;;;;;;;;;;;;;;;;;;;;;;;;;;;;;;;;
401192;"DROGARIA DONA DEDITA";5790/151;21/05/2024;PI;"ALTO LONGA";08/02/2024;26/02/2026;TERESINA;01/07/2026;61;0;0;0;0;0;0;0;0;0;0;0;0;0;0;0;0;0;0;Sim;Desbloqueado;;TREINADO;;;;;;;;;;;;;;;;;;;;;;;;;;;;;;;;;
420073;"Bellope Calcados";0699/138;08/12/2025;CE;"SAO GONCALO DO AMARANTE";03/12/2025;30/01/2026;"FORTALEZA OESTE";29/06/2026;0;0;0;0;0;0;0;0;0;0;0;0;0;0;0;0;0;0;0;Nao;Desbloqueado;;TREINADO;;;;;;;;;;;;;;;;;;;;;;;;;;;;;;;;;
68307;"COMERCIAL SOUSA";0937/322;15/05/2023;PI;"ISAIAS COELHO";21/08/2015;23/01/2025;TERESINA;01/07/2026;35;0;0;0;0;0;0;0;0;0;0;0;0;0;0;0;0;0;0;Sim;Desbloqueado;;TREINADO;;;;;;;;;;;;;;;;;;;;;;;;;;;;;;;;;
160515;"BOMBONIERE SENA";0685/073;23/10/2020;CE;FORTIM;25/09/2017;28/06/2022;"FORTALEZA LESTE";01/07/2026;29;0;0;0;0;0;0;0;0;0;0;0;0;0;0;0;0;0;0;Nao;Desbloqueado;;TREINADO;;;;;;;;;;;;;;;;;;;;;;;;;;;;;;;;;
202751;"POSTO DE MEDICAMENTOS SAO MIGUEL";0719/142;24/01/2022;CE;ITAPAJE;14/08/2023;24/07/2025;"FORTALEZA OESTE";01/07/2026;25;0;0;0;0;0;0;0;0;0;0;0;0;0;0;0;0;0;0;Nao;Desbloqueado;;TREINADO;;;;;;;;;;;;;;;;;;;;;;;;;;;;;;;;;
415558;"Mercearia E Sacolao Papai E Mamae";5798/175;16/08/2025;PI;"JOAQUIM PIRES";05/08/2025;22/10/2025;TERESINA;01/07/2026;28;0;0;0;0;0;0;0;0;0;0;0;0;0;0;0;0;0;0;Sim;Desbloqueado;;TRANSACIONAL;;;;;;;;;;;;;;;;;;;;;;;;;;;;;;;;;
149414;"COMERCIAL MAE RAINHA";1302/218;04/05/2026;CE;CARIDADE;02/12/2016;20/07/2022;"FORTALEZA OESTE";01/07/2026;5;0;0;0;0;0;0;0;0;0;0;0;0;0;0;0;0;0;0;Nao;Desbloqueado;;TRANSACIONAL;;;;;;;;;;;;;;;;;;;;;;;;;;;;;;;;;
181137;"SUPERMERCADOS ELIZEU MARTINS 005";1522/240;;PI;PARNAIBA;15/01/2024;;TERESINA;01/07/2026;6;0;0;0;0;0;0;0;0;0;0;0;0;0;0;0;0;0;0;Nao;Desbloqueado;;TRANSACIONAL;;;;;;;;;;;;;;;;;;;;;;;;;;;;;;;;;
416448;"QUATRO PATAS";0767/146;08/09/2025;CE;PACATUBA;27/08/2025;12/09/2025;"FORTALEZA LESTE";26/06/2026;0;0;0;0;0;0;0;0;0;0;0;0;0;0;0;0;0;0;0;Nao;Desbloqueado;;TREINADO;;;;;;;;;;;;;;;;;;;;;;;;;;;;;;;;;
217249;FARMAX;0405/533;17/07/2025;PI;"SAO PEDRO DO PIAUI";01/06/2021;15/03/2022;TERESINA;01/07/2026;118;0;0;0;0;0;0;0;0;0;0;0;0;0;0;0;0;0;0;Sim;Desbloqueado;;TRANSACIONAL;;;;;;;;;;;;;;;;;;;;;;;;;;;;;;;;;
76249;"MERCANTIL SR. H";0719/121;16/07/2025;CE;TEJUCUOCA;14/05/2015;18/09/2025;"FORTALEZA OESTE";01/07/2026;168;0;0;0;0;0;0;0;0;0;0;0;0;0;0;0;0;0;0;Nao;Desbloqueado;;TREINADO;;;;;;;;;;;;;;;;;;;;;;;;;;;;;;;;;
206896;"DANIELE MOVEIS";5387/120;11/10/2021;CE;MARTINOPOLE;14/08/2023;16/03/2021;"FORTALEZA OESTE";01/07/2026;7;0;0;0;0;0;0;0;0;0;0;0;0;0;0;0;0;0;0;Nao;Desbloqueado;;TREINADO;;;;;;;;;;;;;;;;;;;;;;;;;;;;;;;;;
217629;"COMERCIAL BETANIA";1302/220;11/11/2025;CE;CARIDADE;03/05/2021;11/11/2021;"FORTALEZA OESTE";01/07/2026;19;0;0;0;0;0;0;0;0;0;0;0;0;0;0;0;0;0;0;Nao;Desbloqueado;;TREINADO;;;;;;;;;;;;;;;;;;;;;;;;;;;;;;;;;
416501;"Mercearia Coracao De Mae";5387/158;30/08/2025;CE;MARTINOPOLE;28/08/2025;24/11/2025;"FORTALEZA OESTE";01/07/2026;11;0;0;0;0;0;0;0;0;0;0;0;0;0;0;0;0;0;0;Sim;Desbloqueado;;TRANSACIONAL;;;;;;;;;;;;;;;;;;;;;;;;;;;;;;;;;
82930;"A NOSSA FARMACIA";0458/182;15/01/2021;CE;MERUOCA;14/05/2015;16/06/2026;"FORTALEZA OESTE";01/07/2026;29;0;0;0;0;0;0;0;0;0;0;0;0;0;0;0;0;0;0;Nao;Desbloqueado;;TREINADO;;;;;;;;;;;;;;;;;;;;;;;;;;;;;;;;;
161094;"COMERCIAL GARCIA";5792/126;19/11/2020;PI;"MATIAS OLIMPIO";03/11/2017;21/10/2022;TERESINA;01/07/2026;142;0;0;0;0;0;0;0;0;0;0;0;0;0;0;0;0;0;0;Sim;Desbloqueado;;TREINADO;;;;;;;;;;;;;;;;;;;;;;;;;;;;;;;;;
173425;"SUPERMERCADO O BINGA";2245/067;17/03/2021;CE;ITAREMA;14/03/2019;28/04/2026;"FORTALEZA OESTE";01/07/2026;267;0;0;0;0;0;0;0;0;0;0;0;0;0;0;0;0;0;0;Sim;Desbloqueado;;TREINADO;;;;;;;;;;;;;;;;;;;;;;;;;;;;;;;;;
217452;"SUPERMERCADO MACHADO";1579/191;;CE;MARANGUAPE;01/03/2023;01/07/2021;"FORTALEZA OESTE";01/07/2026;86;0;0;0;0;0;0;0;0;0;0;0;0;0;0;0;0;0;0;Nao;Desbloqueado;;TRANSACIONAL;;;;;;;;;;;;;;;;;;;;;;;;;;;;;;;;;
235844;"RIBEIRO ELETROMOVEIS";3848/224;13/06/2022;PI;COIVARAS;15/01/2024;28/06/2022;TERESINA;01/07/2026;43;0;0;0;0;0;0;0;0;0;0;0;0;0;0;0;0;0;0;Nao;Desbloqueado;;TRANSACIONAL;;;;;;;;;;;;;;;;;;;;;;;;;;;;;;;;;
400540;"MASTERCELL ELETRO";0405/585;29/01/2024;PI;"AGUA BRANCA";22/01/2024;21/02/2024;TERESINA;30/06/2026;0;0;0;0;0;0;0;0;0;0;0;0;0;0;0;0;0;0;0;Sim;Desbloqueado;;TRANSACIONAL;;;;;;;;;;;;;;;;;;;;;;;;;;;;;;;;;
171739;"SUPERMERCADO CRISOSTOMO";0693/113;07/06/2024;CE;MARACANAU;23/04/2019;23/04/2019;"FORTALEZA OESTE";01/07/2026;73;0;0;0;0;0;0;0;0;0;0;0;0;0;0;0;0;0;0;Nao;Desbloqueado;;TRANSACIONAL;;;;;;;;;;;;;;;;;;;;;;;;;;;;;;;;;
173499;"MERCEARIA O FROTAO";5367/123;17/09/2021;CE;MARCO;05/04/2019;31/01/2024;"FORTALEZA OESTE";01/07/2026;80;0;0;0;0;400;0;0;0;0;0;0;0;0;0;0;0;0;0;Sim;Desbloqueado;;TREINADO;;;;;;;;;;;;;;;;;;;;;;;;;;;;;;;;;
173219;"SUPER MARINHEIRO";5447/107;15/10/2021;CE;"GENERAL SAMPAIO";15/05/2019;24/03/2026;"FORTALEZA OESTE";01/07/2026;103;0;0;0;0;0;0;0;0;0;0;0;0;0;0;0;0;0;0;Sim;Desbloqueado;;TREINADO;;;;;;;;;;;;;;;;;;;;;;;;;;;;;;;;;
174593;"MERCADINHO PINHEIRO";0719/124;09/12/2020;CE;TEJUCUOCA;15/05/2019;19/08/2019;"FORTALEZA OESTE";01/07/2026;60;0;0;0;0;0;0;0;0;0;0;0;0;0;0;0;0;0;0;Nao;Desbloqueado;;TRANSACIONAL;;;;;;;;;;;;;;;;;;;;;;;;;;;;;;;;;
182179;"FARMACIA BONS AMIGOS ITAPIPOCA";1351/185;26/09/2024;CE;ITAPIPOCA;13/07/2023;18/11/2021;"FORTALEZA OESTE";01/07/2026;28;0;0;0;0;0;0;0;0;0;0;0;0;0;0;0;0;0;0;Nao;Desbloqueado;;TREINADO;;;;;;;;;;;;;;;;;;;;;;;;;;;;;;;;;
239952;"FARMACIA MELHOR PRECO";0458/432;21/03/2025;CE;MERUOCA;26/09/2022;21/12/2022;"FORTALEZA OESTE";01/07/2026;126;0;0;0;0;0;0;0;0;0;0;0;0;0;0;0;0;0;0;Nao;Desbloqueado;;TRANSACIONAL;;;;;;;;;;;;;;;;;;;;;;;;;;;;;;;;;
121813;"CASA RURAL AGROPECUARIA";1579/140;25/07/2023;CE;PALMACIA;23/07/2015;27/06/2024;"FORTALEZA OESTE";01/07/2026;234;0;0;0;0;0;0;0;0;0;0;0;0;0;0;0;0;0;0;Nao;Desbloqueado;;TREINADO;;;;;;;;;;;;;;;;;;;;;;;;;;;;;;;;;
137862;FARMELHOR;5447/112;03/04/2025;CE;PENTECOSTE;15/01/2024;18/11/2021;"FORTALEZA OESTE";01/07/2026;16;0;0;0;0;0;0;0;0;0;0;0;0;0;0;0;0;0;0;Nao;Desbloqueado;;TREINADO;;;;;;;;;;;;;;;;;;;;;;;;;;;;;;;;;
176960;"MERCADINHO O TOINHO";1302/142;06/09/2024;CE;ITATIRA;11/03/2020;01/10/2024;"FORTALEZA OESTE";01/07/2026;36;0;0;0;0;0;0;0;0;0;0;0;0;0;0;0;0;0;0;Nao;Desbloqueado;;TRANSACIONAL;;;;;;;;;;;;;;;;;;;;;;;;;;;;;;;;;
180887;"JALU PAPELARIA";1351/311;02/08/2023;CE;AMONTADA;26/12/2019;20/12/2024;"FORTALEZA OESTE";01/07/2026;27;0;0;0;0;0;0;0;0;0;0;0;0;0;0;0;0;0;0;Nao;Desbloqueado;;TREINADO;;;;;;;;;;;;;;;;;;;;;;;;;;;;;;;;;
203283;"MERCADINHO ALAN";5366/084;17/07/2023;CE;BEBERIBE;07/12/2020;26/01/2021;"FORTALEZA LESTE";01/07/2026;45;0;0;0;0;0;0;0;0;0;0;0;0;0;0;0;0;0;0;Nao;Desbloqueado;;TRANSACIONAL;;;;;;;;;;;;;;;;;;;;;;;;;;;;;;;;;
406884;"Credcardo Moveis e Eletros";0683/129;27/01/2025;CE;FORTALEZA;26/10/2024;07/02/2025;"FORTALEZA OESTE";21/03/2026;0;0;0;0;0;0;0;0;0;0;0;0;0;0;0;0;0;0;0;Nao;Bloqueado;24/03/2026;TRANSACIONAL;;;;;;;;;;;;;;;;;;;;;;;;;;;;;;;;;
412747;"Comercial Coutinho";0458/436;23/05/2025;CE;SOBRAL;17/05/2025;;"FORTALEZA OESTE";23/02/2026;0;0;0;0;0;0;0;0;0;0;0;0;0;0;0;0;0;0;0;Sim;Bloqueado;24/03/2026;TRANSACIONAL;;;;;;;;;;;;;;;;;;;;;;;;;;;;;;;;;
412981;"Mercantil Compre Bem";5367/171;30/05/2025;CE;"JIJOCA DE JERICOACOARA";22/05/2025;12/06/2025;"FORTALEZA OESTE";22/04/2026;0;0;0;0;0;0;0;0;0;0;0;0;0;0;0;0;0;0;0;Nao;Desbloqueado;;TREINADO;;;;;;;;;;;;;;;;;;;;;;;;;;;;;;;;;
418650;"Posto De Medicamentos Forquilha LJ 002";5365/142;17/10/2025;CE;GUARAMIRANGA;03/10/2025;;"FORTALEZA LESTE";01/07/2026;1;0;0;0;0;0;0;0;0;0;0;0;0;0;0;0;0;0;0;Sim;Desbloqueado;;TRANSACIONAL;;;;;;;;;;;;;;;;;;;;;;;;;;;;;;;;;
58876;"DROGARIA MONSENHOR GIL";0405/300;12/02/2026;PI;"MONSENHOR GIL";06/04/2016;20/05/2026;TERESINA;01/07/2026;120;0;0;0;0;0;0;0;0;0;0;0;0;0;0;0;0;0;0;Sim;Desbloqueado;;TRANSACIONAL;;;;;;;;;;;;;;;;;;;;;;;;;;;;;;;;;
183166;"COMERCIAL O ZUZINHA";5792/140;27/10/2023;PI;PORTO;09/06/2020;25/11/2024;TERESINA;01/07/2026;53;0;0;0;0;0;0;0;0;0;0;0;0;0;0;0;0;0;0;Sim;Desbloqueado;;TREINADO;;;;;;;;;;;;;;;;;;;;;;;;;;;;;;;;;
225433;"SALES CONSTRUCOES";0295/230;19/10/2021;CE;CAUCAIA;30/09/2021;28/10/2021;"FORTALEZA OESTE";17/06/2026;0;0;0;0;0;0;0;0;0;0;0;0;0;0;0;0;0;0;0;Nao;Bloqueado;26/06/2026;TRANSACIONAL;;;;;;;;;;;;;;;;;;;;;;;;;;;;;;;;;
401120;"Optica Freitas Granja 003";5387/138;08/02/2024;CE;GRANJA;06/02/2024;23/02/2024;"FORTALEZA OESTE";01/07/2026;2;0;0;0;0;0;0;0;0;0;0;0;0;0;0;0;0;0;0;Nao;Desbloqueado;;TREINADO;;;;;;;;;;;;;;;;;;;;;;;;;;;;;;;;;
410174;"Farmacia Super Popular";0458/428;27/02/2025;CE;COREAU;26/02/2025;04/05/2025;"FORTALEZA OESTE";01/07/2026;45;0;0;0;0;0;0;0;0;0;0;0;0;0;0;0;0;0;0;Nao;Desbloqueado;;TRANSACIONAL;;;;;;;;;;;;;;;;;;;;;;;;;;;;;;;;;
415339;"Sua Saude Em Boas Maos";5367/173;08/08/2025;CE;MORRINHOS;30/07/2025;20/08/2025;"FORTALEZA OESTE";01/07/2026;32;0;0;0;0;0;0;0;0;0;0;0;0;0;0;0;0;0;0;Nao;Desbloqueado;;TREINADO;;;;;;;;;;;;;;;;;;;;;;;;;;;;;;;;;
116914;"MANUELE VARIEDADES";5387/080;19/12/2020;CE;MARTINOPOLE;13/05/2015;19/03/2026;"FORTALEZA OESTE";01/07/2026;234;0;0;0;0;700;0;0;0;0;0;0;0;0;0;0;0;0;0;Sim;Desbloqueado;;TREINADO;;;;;;;;;;;;;;;;;;;;;;;;;;;;;;;;;
401965;"FARMACIA ESTAR BEM";5438/122;27/03/2024;CE;"MORADA NOVA";19/03/2024;03/03/2026;"FORTALEZA LESTE";01/07/2026;103;1;1;1;0;0;0;0;0;0;2772;0;0;1;0;0;0;1;0;Sim;Desbloqueado;;TREINADO;;;;;;;;;;;;;;;;;;;;;;;;;;;;;;;;;
403382;"ATACAREJO NOVA CONQUISTA";0458/415;28/05/2024;CE;COREAU;24/05/2024;23/07/2024;"FORTALEZA OESTE";23/04/2026;0;0;0;0;0;0;0;0;0;0;0;0;0;0;0;0;0;0;0;Sim;Desbloqueado;;TREINADO;;;;;;;;;;;;;;;;;;;;;;;;;;;;;;;;;
206289;"COMERCIAL BOM PRECO";1351/314;25/04/2022;CE;AMONTADA;17/03/2021;12/04/2024;"FORTALEZA OESTE";01/07/2026;5;0;0;0;0;0;0;0;0;0;0;0;0;0;0;0;0;0;0;Nao;Desbloqueado;;TREINADO;;;;;;;;;;;;;;;;;;;;;;;;;;;;;;;;;
251160;"COMERCIAL VAGUIM";0405/578;31/10/2024;PI;AGRICOLANDIA;19/12/2023;30/04/2026;TERESINA;01/07/2026;65;0;0;0;0;0;0;0;0;0;0;0;0;0;0;0;0;0;0;Nao;Desbloqueado;;TRANSACIONAL;;;;;;;;;;;;;;;;;;;;;;;;;;;;;;;;;
402631;Farmacenter;0937/751;09/02/2026;PI;JAICOS;19/04/2024;25/06/2024;TERESINA;01/07/2026;83;0;0;0;0;0;0;0;0;0;0;0;0;0;0;0;0;0;0;Sim;Desbloqueado;;TRANSACIONAL;;;;;;;;;;;;;;;;;;;;;;;;;;;;;;;;;
414401;"Farmacia Neves";0645/153;05/09/2025;CE;FORTALEZA;30/06/2025;04/11/2025;"FORTALEZA OESTE";18/06/2026;0;0;0;0;0;0;0;0;0;0;0;0;0;0;0;0;0;0;0;Sim;Desbloqueado;;TREINADO;;;;;;;;;;;;;;;;;;;;;;;;;;;;;;;;;
414702;"LM TINTAS E CONSTRUCAO";0765/161;23/07/2025;CE;OCARA;15/07/2025;28/08/2025;"FORTALEZA LESTE";23/01/2026;0;0;0;0;0;0;0;0;0;0;0;0;0;0;0;0;0;0;0;Nao;Bloqueado;27/04/2026;TRANSACIONAL;;;;;;;;;;;;;;;;;;;;;;;;;;;;;;;;;
420038;"Minimercadinho Silvia Helena";0742/075;12/12/2025;CE;FORTALEZA;03/12/2025;;"FORTALEZA OESTE";01/07/2026;18;0;0;0;0;0;0;0;0;0;0;0;0;0;0;0;0;0;0;Nao;Desbloqueado;;TREINADO;;;;;;;;;;;;;;;;;;;;;;;;;;;;;;;;;
177427;"MADEIREIRA MACIEL";0696/105;24/05/2021;CE;PALHANO;27/05/2019;13/06/2024;"FORTALEZA LESTE";01/07/2026;159;0;0;0;0;920;0;0;0;0;0;0;0;0;0;0;0;0;0;Sim;Desbloqueado;;TREINADO;;;;;;;;;;;;;;;;;;;;;;;;;;;;;;;;;
246248;"MUNDAO DO 10 E SHOPPING DAS VARIEDADES";0405/568;09/05/2025;PI;"AGUA BRANCA";13/11/2023;17/06/2026;TERESINA;30/06/2026;0;0;0;0;0;0;0;0;0;0;0;0;0;0;0;0;0;0;0;Nao;Desbloqueado;;TRANSACIONAL;;;;;;;;;;;;;;;;;;;;;;;;;;;;;;;;;
412657;"MERCEARIA SE TU UMA BENCAO";0715/161;20/05/2025;CE;CAMOCIM;15/05/2025;07/12/2023;"FORTALEZA OESTE";01/07/2026;16;0;0;0;0;0;0;0;0;0;0;0;0;0;0;0;0;0;0;Nao;Desbloqueado;;TREINADO;;;;;;;;;;;;;;;;;;;;;;;;;;;;;;;;;
75061;"ESSENCIA VERDE";5447/069;31/05/2021;CE;APUIARES;19/05/2015;20/06/2024;"FORTALEZA OESTE";01/07/2026;45;0;0;0;0;0;0;0;0;0;0;0;0;0;0;0;0;0;0;Sim;Desbloqueado;;TREINADO;;;;;;;;;;;;;;;;;;;;;;;;;;;;;;;;;
142174;"JF CONSTRUCOES";0937/465;26/01/2021;PI;JAICOS;04/01/2016;20/01/2026;TERESINA;01/07/2026;84;0;0;0;0;0;0;0;0;0;0;0;0;0;0;0;0;0;0;Sim;Desbloqueado;;TRANSACIONAL;;;;;;;;;;;;;;;;;;;;;;;;;;;;;;;;;
176231;"MERCANTIL LORIM";0854/154;;MA;TIMON;25/03/2020;02/05/2019;TERESINA;01/07/2026;22;0;0;0;0;0;0;0;0;0;0;0;0;0;0;0;0;0;0;Nao;Desbloqueado;;TRANSACIONAL;;;;;;;;;;;;;;;;;;;;;;;;;;;;;;;;;
419794;EULERCELL;5387/170;03/12/2025;CE;MARTINOPOLE;22/11/2025;;"FORTALEZA OESTE";01/07/2026;5;0;0;0;0;0;0;0;0;0;0;0;0;0;0;0;0;0;0;Nao;Desbloqueado;;TRANSACIONAL;;;;;;;;;;;;;;;;;;;;;;;;;;;;;;;;;
249255;"MIRELLY SUPERMERCADOS FILIAL 0002";0625/133;03/07/2023;CE;FORTALEZA;15/01/2024;10/07/2023;"FORTALEZA OESTE";01/07/2026;26;0;0;0;0;0;0;0;0;0;0;0;0;0;0;0;0;0;0;Nao;Desbloqueado;;TREINADO;;;;;;;;;;;;;;;;;;;;;;;;;;;;;;;;;
408968;"CENTRAL DAS BEBIDAS";5387/142;14/01/2025;CE;GRANJA;08/01/2025;28/01/2025;"FORTALEZA OESTE";16/12/2025;0;0;0;0;0;0;0;0;0;0;0;0;0;0;0;0;0;0;0;Nao;Bloqueado;02/03/2026;TRANSACIONAL;;;;;;;;;;;;;;;;;;;;;;;;;;;;;;;;;
416423;"C.s.f Seguranca Eletronica";0703/214;02/09/2025;CE;IRACEMA;27/08/2025;27/10/2025;"FORTALEZA LESTE";01/07/2026;19;0;0;0;0;0;0;0;0;0;0;0;0;0;0;0;0;0;0;Nao;Desbloqueado;;TREINADO;;;;;;;;;;;;;;;;;;;;;;;;;;;;;;;;;
185994;"LIRA CONSTRUCOES";0716/121;20/07/2023;CE;CASCAVEL;18/09/2020;26/05/2026;"FORTALEZA LESTE";01/07/2026;154;1;0;0;0;0;0;0;0;0;0;0;0;0;0;0;0;0;0;Nao;Desbloqueado;;TREINADO;;;;;;;;;;;;;;;;;;;;;;;;;;;;;;;;;
223446;"DROGARIA SILVA";5811/138;27/07/2023;PI;UNIAO;15/01/2024;15/03/2022;TERESINA;01/07/2026;63;0;0;0;0;0;0;0;0;0;0;0;0;0;0;0;0;0;0;Nao;Desbloqueado;;TRANSACIONAL;;;;;;;;;;;;;;;;;;;;;;;;;;;;;;;;;
239473;"AROMAS E PERFUMES";5443/101;21/09/2023;CE;PARACURU;26/09/2022;26/03/2026;"FORTALEZA OESTE";30/06/2026;0;0;0;0;0;0;0;0;0;0;0;0;0;0;0;0;0;0;0;Nao;Desbloqueado;;TREINADO;;;;;;;;;;;;;;;;;;;;;;;;;;;;;;;;;
255100;"COMERCIAL E CHURRASCARIA O MORAIS";0405/782;11/12/2023;PI;UNIAO;15/01/2024;18/12/2023;TERESINA;01/07/2026;5;0;0;0;0;0;0;0;0;0;0;0;0;0;0;0;0;0;0;Nao;Desbloqueado;;TRANSACIONAL;;;;;;;;;;;;;;;;;;;;;;;;;;;;;;;;;
418006;"Farmacia Santa Ana";5806/148;08/10/2025;PI;"LAGOA DE SAO FRANCISCO";23/09/2025;23/10/2025;TERESINA;01/07/2026;6;0;0;0;0;0;0;0;0;0;0;0;0;0;0;0;0;0;0;Sim;Desbloqueado;;TRANSACIONAL;;;;;;;;;;;;;;;;;;;;;;;;;;;;;;;;;
155268;"COMERCIAL REGINO";0985/395;13/05/2022;PI;"JUAZEIRO DO PIAUI";25/03/2020;21/01/2022;TERESINA;01/07/2026;80;0;0;0;0;0;0;0;0;0;0;0;0;0;0;0;0;0;0;Sim;Desbloqueado;;TREINADO;;;;;;;;;;;;;;;;;;;;;;;;;;;;;;;;;
172834;"POPULAR SUPERMERCADO";5792/134;17/09/2025;PI;BARRAS;25/03/2020;27/06/2024;TERESINA;01/07/2026;36;0;0;0;0;0;0;0;0;0;0;0;0;0;0;0;0;0;0;Sim;Desbloqueado;;TRANSACIONAL;;;;;;;;;;;;;;;;;;;;;;;;;;;;;;;;;
182173;"FARMACIAS BONS AMIGOS";1351/204;12/03/2026;CE;ITAPIPOCA;02/09/2022;13/11/2020;"FORTALEZA OESTE";01/07/2026;66;0;0;0;0;0;0;0;0;0;0;0;0;0;0;0;0;0;0;Nao;Desbloqueado;;TREINADO;;;;;;;;;;;;;;;;;;;;;;;;;;;;;;;;;
65595;"AMARAL CONSTRUCOES";5808/143;;PI;"COCAL DOS ALVES";20/08/2015;13/12/2019;TERESINA;01/07/2026;8;0;0;0;0;0;0;0;0;0;0;0;0;0;0;0;0;0;0;Nao;Desbloqueado;;TRANSACIONAL;;;;;;;;;;;;;;;;;;;;;;;;;;;;;;;;;
136478;"TURQUESA ACESSORIOS";0625/089;13/07/2023;CE;FORTALEZA;15/01/2024;22/07/2024;"FORTALEZA OESTE";30/06/2026;0;0;0;0;0;0;0;0;0;0;0;0;0;0;0;0;0;0;0;Nao;Desbloqueado;;TREINADO;;;;;;;;;;;;;;;;;;;;;;;;;;;;;;;;;
406115;"G L F ARAUJO MERCEARIA";0719/177;13/09/2024;CE;ITAPAJE;09/09/2024;20/09/2024;"FORTALEZA OESTE";01/07/2026;18;0;0;0;0;0;0;0;0;0;0;0;0;0;0;0;0;0;0;Nao;Desbloqueado;;TREINADO;;;;;;;;;;;;;;;;;;;;;;;;;;;;;;;;;
422523;"Comercial Vaguim LJ 0004";0405/791;24/02/2026;PI;"SAO PEDRO DO PIAUI";18/02/2026;;TERESINA;01/07/2026;12;0;0;0;0;0;0;0;0;0;0;0;0;0;0;0;0;0;0;Nao;Desbloqueado;;TRANSACIONAL;;;;;;;;;;;;;;;;;;;;;;;;;;;;;;;;;
120980;"MERCANTIL ECONOMICO";1522/193;17/11/2023;PI;"LUIS CORREIA";04/04/2016;17/06/2026;TERESINA;01/07/2026;35;0;0;0;0;0;0;0;0;0;0;0;0;0;0;0;0;0;0;Nao;Desbloqueado;;TRANSACIONAL;;;;;;;;;;;;;;;;;;;;;;;;;;;;;;;;;
158679;"COMERCIAL SANTA PAZ";5795/106;05/02/2025;PI;"SAO JOAO DA SERRA";01/04/2020;27/10/2022;TERESINA;01/07/2026;125;0;0;0;0;0;0;0;0;0;0;0;0;0;0;0;0;0;0;Sim;Desbloqueado;;TRANSACIONAL;;;;;;;;;;;;;;;;;;;;;;;;;;;;;;;;;
173144;"KAUANA VARIEDADES";5365/114;23/11/2020;CE;GUARAMIRANGA;14/02/2019;13/01/2026;"FORTALEZA LESTE";01/07/2026;115;0;0;0;0;0;0;0;0;0;0;0;0;0;0;0;0;0;0;Sim;Desbloqueado;;TREINADO;;;;;;;;;;;;;;;;;;;;;;;;;;;;;;;;;
204258;"LOJA DE FERRAGENS BOA SORTE";0295/217;27/09/2023;CE;CAUCAIA;17/09/2020;20/02/2026;"FORTALEZA OESTE";01/07/2026;37;0;0;0;0;0;0;0;0;0;0;0;0;0;0;0;0;0;0;Nao;Desbloqueado;;TREINADO;;;;;;;;;;;;;;;;;;;;;;;;;;;;;;;;;
236683;"KAIO SUPERMERCADO";0726/150;11/07/2023;CE;TIANGUA;19/09/2022;23/09/2022;TERESINA;01/07/2026;52;0;0;0;0;0;0;0;0;0;0;0;0;0;0;0;0;0;0;Nao;Desbloqueado;;TREINADO;;;;;;;;;;;;;;;;;;;;;;;;;;;;;;;;;
62909;"DROGARIA PAZ";0985/142;02/05/2025;PI;"SIGEFREDO PACHECO";06/04/2016;10/10/2024;TERESINA;01/07/2026;37;0;0;0;0;0;0;0;0;0;0;0;0;0;0;0;0;0;0;Nao;Desbloqueado;;TRANSACIONAL;;;;;;;;;;;;;;;;;;;;;;;;;;;;;;;;;
188899;"B E C CONSTRUCOES";0719/137;04/06/2021;CE;ITAPAJE;22/01/2021;10/06/2025;"FORTALEZA OESTE";01/07/2026;216;1;1;1;0;0;3535;3535;0;0;0;0;0;0;0;0;0;1;0;Sim;Desbloqueado;;TREINADO;;;;;;;;;;;;;;;;;;;;;;;;;;;;;;;;;
223965;"MERCADINHO POPULAR";0937/539;17/08/2021;PI;"SAO JOSE DO PIAUI";15/01/2024;12/06/2023;TERESINA;01/07/2026;21;0;0;0;0;0;0;0;0;0;0;0;0;0;0;0;0;0;0;Nao;Desbloqueado;;TRANSACIONAL;;;;;;;;;;;;;;;;;;;;;;;;;;;;;;;;;
230919;"LA CASA DE PAPEL PAPELARIA";5446/099;25/03/2022;CE;PARAIPABA;15/01/2024;13/01/2026;"FORTALEZA OESTE";01/07/2026;75;1;1;1;0;1496;10344;10344;0;0;0;0;0;0;0;0;0;1;0;Nao;Desbloqueado;;TREINADO;;;;;;;;;;;;;;;;;;;;;;;;;;;;;;;;;
237933;"MERGULHO PRESENTES";0699/116;01/08/2022;CE;"SAO GONCALO DO AMARANTE";26/09/2022;17/08/2022;"FORTALEZA OESTE";01/07/2026;23;0;0;0;0;0;0;0;0;0;0;0;0;0;0;0;0;0;0;Nao;Desbloqueado;;TREINADO;;;;;;;;;;;;;;;;;;;;;;;;;;;;;;;;;
411566;"MERCADINHO E FRUTARIA G&G";3848/254;20/05/2025;PI;"ALTO LONGA";18/04/2025;28/05/2025;TERESINA;01/07/2026;6;0;0;0;0;0;0;0;0;0;0;0;0;0;0;0;0;0;0;Sim;Desbloqueado;;TRANSACIONAL;;;;;;;;;;;;;;;;;;;;;;;;;;;;;;;;;
417907;"BEM ME QUER FLORES";0682/083;30/09/2025;CE;FORTALEZA;19/09/2025;17/10/2025;"FORTALEZA LESTE";01/07/2026;1;1;1;0;0;0;0;0;0;0;0;0;0;0;0;0;0;1;0;Nao;Desbloqueado;;TREINADO;;;;;;;;;;;;;;;;;;;;;;;;;;;;;;;;;
423957;"Mercadinho Zé Hugo";0704/191;06/05/2026;CE;ARACOIABA;04/05/2026;19/05/2026;"FORTALEZA LESTE";01/07/2026;15;0;0;0;0;0;0;0;0;0;0;0;0;0;0;0;0;0;0;Nao;Desbloqueado;;TREINADO;;;;;;;;;;;;;;;;;;;;;;;;;;;;;;;;;
38819;"MERCADINHO MORADA NOVA";3456/067;30/01/2023;CE;FORTALEZA;06/05/2015;24/07/2024;"FORTALEZA LESTE";01/07/2026;33;0;0;0;0;0;0;0;0;0;0;0;0;0;0;0;0;0;0;Nao;Desbloqueado;;TREINADO;;;;;;;;;;;;;;;;;;;;;;;;;;;;;;;;;
43580;"MERCADINHO DONA NENEN";0937/138;10/11/2021;PI;"DOM EXPEDITO LOPES";26/08/2015;13/11/2024;TERESINA;01/07/2026;141;0;0;0;0;0;0;0;0;0;0;0;0;0;0;0;0;0;0;Nao;Desbloqueado;;TRANSACIONAL;;;;;;;;;;;;;;;;;;;;;;;;;;;;;;;;;
255401;"HIPERMARKET FILIAL V";1379/135;19/12/2023;CE;FORTALEZA;15/01/2024;18/01/2024;"FORTALEZA OESTE";04/05/2026;0;0;0;0;0;0;0;0;0;0;0;0;0;0;0;0;0;0;0;Nao;Bloqueado;05/05/2026;TRANSACIONAL;;;;;;;;;;;;;;;;;;;;;;;;;;;;;;;;;
405507;"STAR CONVENIENCIA";0684/205;05/05/2025;CE;ACARAU;16/08/2024;16/09/2024;"FORTALEZA OESTE";01/07/2026;7;0;0;0;0;0;0;0;0;0;0;0;0;0;0;0;0;0;0;Nao;Desbloqueado;;TREINADO;;;;;;;;;;;;;;;;;;;;;;;;;;;;;;;;;
405647;"SOS LIMPEZA";5367/162;28/08/2024;CE;"JIJOCA DE JERICOACOARA";21/08/2024;09/09/2024;"FORTALEZA OESTE";23/12/2025;0;0;0;0;0;0;0;0;0;0;0;0;0;0;0;0;0;0;0;Nao;Bloqueado;02/03/2026;TREINADO;;;;;;;;;;;;;;;;;;;;;;;;;;;;;;;;;
406832;"Mercadinho Super Familia";0765/139;14/10/2024;CE;OCARA;08/10/2024;23/10/2024;"FORTALEZA LESTE";01/07/2026;29;0;0;0;0;0;0;0;0;0;0;0;0;0;0;0;0;0;0;Nao;Desbloqueado;;TREINADO;;;;;;;;;;;;;;;;;;;;;;;;;;;;;;;;;
158332;"MERCEARIA MERCANTIL";0685/155;22/09/2023;CE;FORTIM;03/07/2017;30/03/2022;"FORTALEZA LESTE";01/07/2026;23;0;0;0;0;0;0;0;0;0;0;0;0;0;0;0;0;0;0;Nao;Desbloqueado;;TREINADO;;;;;;;;;;;;;;;;;;;;;;;;;;;;;;;;;
169825;"MERCADINHO NONATO";0937/494;02/10/2023;PI;"CURRAL NOVO DO PIAUI";15/01/2024;19/06/2023;TERESINA;01/07/2026;16;0;0;0;0;0;0;0;0;0;0;0;0;0;0;0;0;0;0;Nao;Desbloqueado;;TRANSACIONAL;;;;;;;;;;;;;;;;;;;;;;;;;;;;;;;;;
172728;"CESAR CONSTRUCOES";0726/120;28/01/2025;CE;TIANGUA;15/01/2024;;TERESINA;01/07/2026;6;0;0;0;0;0;0;0;0;0;0;0;0;0;0;0;0;0;0;Nao;Desbloqueado;;TRANSACIONAL;;;;;;;;;;;;;;;;;;;;;;;;;;;;;;;;;
227242;"SUPERMERCADO SAO JOSE";0937/543;14/09/2023;PI;"SAO JOSE DO PIAUI";15/01/2024;16/02/2023;TERESINA;01/07/2026;114;0;0;0;0;0;0;0;0;0;0;0;0;0;0;0;0;0;0;Sim;Desbloqueado;;TRANSACIONAL;;;;;;;;;;;;;;;;;;;;;;;;;;;;;;;;;
400224;"SUPERMERCADO MAE RAINHA 0006";0719/168;11/01/2024;CE;ITAPAJE;15/01/2024;08/05/2024;"FORTALEZA OESTE";01/07/2026;13;0;0;0;0;0;0;0;0;0;0;0;0;0;0;0;0;0;0;Sim;Desbloqueado;;TREINADO;;;;;;;;;;;;;;;;;;;;;;;;;;;;;;;;;
403316;"Mer Carvalho";5792/192;06/02/2026;PI;"MIGUEL ALVES";23/05/2024;18/06/2024;TERESINA;01/07/2026;5;0;0;0;0;0;0;0;0;0;0;0;0;0;0;0;0;0;0;Sim;Desbloqueado;;TRANSACIONAL;;;;;;;;;;;;;;;;;;;;;;;;;;;;;;;;;
416436;"Valdenir Moveis";0767/155;19/09/2025;CE;GUAIUBA;27/08/2025;17/10/2025;"FORTALEZA LESTE";01/07/2026;6;0;0;0;0;0;0;0;0;0;0;0;0;0;0;0;0;0;0;Nao;Desbloqueado;;TREINADO;;;;;;;;;;;;;;;;;;;;;;;;;;;;;;;;;
417428;"OTICA ALIANCA";0715/167;17/10/2025;CE;CAMOCIM;09/09/2025;;"FORTALEZA OESTE";25/05/2026;0;0;0;0;0;0;0;0;0;0;0;0;0;0;0;0;0;0;0;Nao;Bloqueado;26/05/2026;TRANSACIONAL;;;;;;;;;;;;;;;;;;;;;;;;;;;;;;;;;
95939;"CIA DOS COSMETICOS";5366/066;08/07/2021;CE;BEBERIBE;28/04/2015;26/06/2024;"FORTALEZA LESTE";30/06/2026;0;0;0;0;0;0;0;0;0;0;0;0;0;0;0;0;0;0;0;Nao;Desbloqueado;;TREINADO;;;;;;;;;;;;;;;;;;;;;;;;;;;;;;;;;
410599;"Panificadora Salmo 91";0405/588;20/06/2025;PI;TERESINA;19/03/2025;19/06/2025;TERESINA;10/12/2025;0;0;0;0;0;0;0;0;0;0;0;0;0;0;0;0;0;0;0;Nao;Bloqueado;02/03/2026;TRANSACIONAL;;;;;;;;;;;;;;;;;;;;;;;;;;;;;;;;;
415797;"CELIA MAARIA MERCADO";0702/181;19/08/2025;CE;CARIRE;14/08/2025;09/09/2025;"FORTALEZA OESTE";01/07/2026;84;0;0;0;0;0;0;0;0;0;0;0;0;0;0;0;0;0;0;Nao;Desbloqueado;;TREINADO;;;;;;;;;;;;;;;;;;;;;;;;;;;;;;;;;
417184;"Tati Frios E Variedadas";0713/229;18/09/2025;CE;FORTALEZA;08/09/2025;;"FORTALEZA LESTE";10/12/2025;0;0;0;0;0;0;0;0;0;0;0;0;0;0;0;0;0;0;0;Nao;Bloqueado;02/03/2026;TRANSACIONAL;;;;;;;;;;;;;;;;;;;;;;;;;;;;;;;;;
419127;"Lore Variedades";1522/283;18/02/2026;PI;"LUIS CORREIA";21/10/2025;19/11/2025;TERESINA;01/07/2026;5;0;0;0;0;0;0;0;0;0;0;0;0;0;0;0;0;0;0;Nao;Desbloqueado;;TRANSACIONAL;;;;;;;;;;;;;;;;;;;;;;;;;;;;;;;;;
46323;"COMERCIO MANOEL NETO";0985/324;03/03/2026;PI;"BOA HORA";19/09/2019;17/07/2024;TERESINA;01/07/2026;38;0;0;0;0;0;0;0;0;0;0;0;0;0;0;0;0;0;0;Nao;Desbloqueado;;TRANSACIONAL;;;;;;;;;;;;;;;;;;;;;;;;;;;;;;;;;
130816;"DROGARIA GENERICA";5798/101;25/06/2021;PI;ESPERANTINA;15/01/2024;23/06/2026;TERESINA;01/07/2026;20;0;0;0;0;0;0;0;0;0;0;0;0;0;0;0;0;0;0;Nao;Desbloqueado;;TREINADO;;;;;;;;;;;;;;;;;;;;;;;;;;;;;;;;;
170734;"COMERCIAL VILMAR";0937/504;03/02/2023;PI;BOCAINA;15/01/2024;26/02/2024;TERESINA;01/07/2026;90;0;0;0;0;0;0;0;0;0;0;0;0;0;0;0;0;0;0;Sim;Desbloqueado;;TRANSACIONAL;;;;;;;;;;;;;;;;;;;;;;;;;;;;;;;;;
185578;"ANCORA DISTRIBUIDORA 0016";0713/141;06/06/2023;CE;FORTALEZA;15/01/2024;14/04/2023;"FORTALEZA LESTE";01/07/2026;31;0;0;0;0;0;0;0;0;0;0;0;0;0;0;0;0;0;0;Nao;Desbloqueado;;TREINADO;;;;;;;;;;;;;;;;;;;;;;;;;;;;;;;;;
230066;"NOSSA SENHORA DA CONCEICAO";5387/127;10/03/2022;CE;MARTINOPOLE;05/04/2022;23/03/2022;"FORTALEZA OESTE";01/07/2026;13;0;0;0;0;0;0;0;0;0;0;0;0;0;0;0;0;0;0;Nao;Desbloqueado;;TRANSACIONAL;;;;;;;;;;;;;;;;;;;;;;;;;;;;;;;;;
406725;"Junho Cell";1379/138;09/10/2024;CE;FORTALEZA;02/10/2024;06/11/2024;"FORTALEZA OESTE";01/07/2026;0;4;0;3;0;0;0;0;0;0;0;0;0;1;0;0;0;0;0;Nao;Desbloqueado;;TREINADO;;;;;;;;;;;;;;;;;;;;;;;;;;;;;;;;;
406959;"Mercearia Mercantil Central";0937/761;13/12/2024;PI;"MONSENHOR HIPOLITO";15/10/2024;30/01/2025;TERESINA;01/07/2026;8;0;0;0;0;0;0;0;0;0;0;0;0;0;0;0;0;0;0;Nao;Desbloqueado;;TRANSACIONAL;;;;;;;;;;;;;;;;;;;;;;;;;;;;;;;;;
136160;"FARMACIA MOURA";0937/456;03/01/2023;PI;"SAO JOSE DO PIAUI";12/04/2016;20/01/2023;TERESINA;01/07/2026;86;0;0;0;0;0;0;0;0;0;0;0;0;0;0;0;0;0;0;Sim;Desbloqueado;;TRANSACIONAL;;;;;;;;;;;;;;;;;;;;;;;;;;;;;;;;;
164577;"ESTACAO CONSTRUCOES";0985/312;07/12/2023;PI;"CAPITAO DE CAMPOS";29/01/2018;23/04/2026;TERESINA;01/07/2026;3;0;0;0;0;0;0;0;0;0;0;0;0;0;0;0;0;0;0;Nao;Desbloqueado;;TREINADO;;;;;;;;;;;;;;;;;;;;;;;;;;;;;;;;;
250714;"ZM AUTOCENTER";0703/200;18/10/2023;CE;"TABULEIRO DO NORTE";15/01/2024;18/10/2023;"FORTALEZA LESTE";01/07/2026;98;0;0;0;0;0;0;0;0;0;0;0;0;0;0;0;0;0;0;Nao;Desbloqueado;;TRANSACIONAL;;;;;;;;;;;;;;;;;;;;;;;;;;;;;;;;;
412253;"AW IMPRESSOES";0621/084;03/09/2025;CE;FORTALEZA;06/05/2025;12/09/2025;"FORTALEZA OESTE";01/07/2026;0;0;0;0;0;0;0;0;0;0;0;0;0;0;0;0;0;0;0;Nao;Desbloqueado;;TREINADO;;;;;;;;;;;;;;;;;;;;;;;;;;;;;;;;;
418188;"Drogaria Dom Pedro Ii";5808/214;30/09/2025;PI;PIRIPIRI;25/09/2025;15/10/2025;TERESINA;30/06/2026;0;0;0;0;0;0;0;0;0;0;0;0;0;0;0;0;0;0;0;Sim;Desbloqueado;;TRANSACIONAL;;;;;;;;;;;;;;;;;;;;;;;;;;;;;;;;;
57748;"BOM PRECO";1522/109;08/12/2020;PI;"CARAUBAS DO PIAUI";18/05/2015;12/12/2024;TERESINA;01/07/2026;39;1;0;1;0;0;0;0;0;0;0;0;0;0;0;0;0;1;0;Nao;Desbloqueado;;TREINADO;;;;;;;;;;;;;;;;;;;;;;;;;;;;;;;;;
141199;"MULTI BRINDES";5457/085;24/08/2023;CE;TRAIRI;10/07/2015;11/05/2026;"FORTALEZA OESTE";01/07/2026;129;0;0;0;0;0;0;0;0;0;0;0;0;0;0;0;0;0;0;Sim;Desbloqueado;;TREINADO;;;;;;;;;;;;;;;;;;;;;;;;;;;;;;;;;
157312;"DROGARIA VITORIA";5792/122;06/04/2026;PI;BARRAS;01/08/2017;14/05/2026;TERESINA;01/07/2026;47;0;0;0;0;0;0;0;0;0;0;0;0;0;0;0;0;0;0;Nao;Desbloqueado;;TREINADO;;;;;;;;;;;;;;;;;;;;;;;;;;;;;;;;;
208068;"MERCANTIL QUEIROZ";3456/074;;CE;FORTALEZA;08/02/2021;;"FORTALEZA LESTE";01/07/2026;48;0;0;0;0;0;0;0;0;0;0;0;0;0;0;0;0;0;0;Nao;Desbloqueado;;TRANSACIONAL;;;;;;;;;;;;;;;;;;;;;;;;;;;;;;;;;
411580;"Comercial Jb Ii";0715/164;29/04/2025;CE;CAMOCIM;18/04/2025;06/05/2025;"FORTALEZA OESTE";01/07/2026;55;0;0;0;0;0;0;0;0;0;0;0;0;0;0;0;0;0;0;Nao;Desbloqueado;;TREINADO;;;;;;;;;;;;;;;;;;;;;;;;;;;;;;;;;
418394;"Hortifruti Leonardo";0985/451;17/10/2025;PI;"SAO MIGUEL DO TAPUIO";01/10/2025;27/10/2025;TERESINA;01/07/2026;1;0;0;0;0;0;0;0;0;0;0;0;0;0;0;0;0;0;0;Sim;Desbloqueado;;TRANSACIONAL;;;;;;;;;;;;;;;;;;;;;;;;;;;;;;;;;
424745;"Ed Frios";5415/184;16/06/2026;CE;MASSAPE;12/06/2026;;"FORTALEZA OESTE";01/07/2026;1;1;0;0;0;0;0;0;0;0;0;0;0;0;0;0;0;0;0;Nao;Desbloqueado;;TREINADO;;;;;;;;;;;;;;;;;;;;;;;;;;;;;;;;;
165005;"SUPERMERCADO VIANA";0937/481;05/09/2025;PI;PICOS;21/03/2018;08/07/2023;TERESINA;01/07/2026;49;0;0;0;0;0;0;0;0;0;0;0;0;0;0;0;0;0;0;Nao;Desbloqueado;;TRANSACIONAL;;;;;;;;;;;;;;;;;;;;;;;;;;;;;;;;;
202662;"COMERCIAL DE ESTIVAS E CEREAIS GIOVANNNA";0452/160;;CE;FORTALEZA;15/01/2024;21/06/2023;"FORTALEZA LESTE";01/07/2026;1;0;0;0;0;0;0;0;0;0;0;0;0;0;0;0;0;0;0;Nao;Desbloqueado;;TRANSACIONAL;;;;;;;;;;;;;;;;;;;;;;;;;;;;;;;;;
219479;"MERCADINHO SANTO EXPEDITO";5447/102;11/10/2022;CE;PENTECOSTE;15/01/2024;25/05/2021;"FORTALEZA OESTE";01/07/2026;16;0;0;0;0;0;0;0;0;0;0;0;0;0;0;0;0;0;0;Nao;Desbloqueado;;TREINADO;;;;;;;;;;;;;;;;;;;;;;;;;;;;;;;;;
221489;"FJM INFOTMATICA E PAPELARIA";1351/213;28/01/2022;CE;TURURU;22/11/2021;05/10/2021;"FORTALEZA OESTE";01/07/2026;73;0;0;0;0;0;0;0;0;0;0;0;0;0;0;0;0;0;0;Sim;Desbloqueado;;TREINADO;;;;;;;;;;;;;;;;;;;;;;;;;;;;;;;;;
231850;"OPTICA RENAISSANCE";1379/125;06/04/2022;CE;FORTALEZA;31/08/2022;29/04/2022;"FORTALEZA OESTE";02/04/2026;0;0;0;0;0;0;0;0;0;0;0;0;0;0;0;0;0;0;0;Nao;Desbloqueado;;TRANSACIONAL;;;;;;;;;;;;;;;;;;;;;;;;;;;;;;;;;
243188;"WEYNE OTICA";0683/112;10/01/2023;CE;FORTALEZA;15/01/2024;19/01/2023;"FORTALEZA OESTE";01/07/2026;1;0;0;0;0;0;0;0;0;0;0;0;0;0;0;0;0;0;0;Nao;Desbloqueado;;TREINADO;;;;;;;;;;;;;;;;;;;;;;;;;;;;;;;;;
251298;"EXCEL CONSTRUCOES";0600/087;13/10/2023;CE;FORTALEZA;15/01/2024;27/10/2023;"FORTALEZA LESTE";30/06/2026;0;0;0;0;0;0;0;0;0;0;0;0;0;0;0;0;0;0;0;Nao;Desbloqueado;;TREINADO;;;;;;;;;;;;;;;;;;;;;;;;;;;;;;;;;
418872;"Tech Seguranca Climatizacao E Tecnologia";1781/145;25/11/2025;CE;"LIMOEIRO DO NORTE";09/10/2025;27/11/2025;"FORTALEZA LESTE";01/07/2026;84;0;0;0;0;0;0;0;0;0;0;0;0;0;0;0;0;0;0;Nao;Desbloqueado;;TREINADO;;;;;;;;;;;;;;;;;;;;;;;;;;;;;;;;;
130684;"FARMACIA MENINO JESUS";0607/063;13/03/2024;CE;FORTALEZA;21/08/2015;22/06/2023;"FORTALEZA LESTE";01/07/2026;6;0;0;0;0;0;0;0;0;0;0;0;0;0;0;0;0;0;0;Nao;Desbloqueado;;TREINADO;;;;;;;;;;;;;;;;;;;;;;;;;;;;;;;;;
228563;"MERCADINHO COMPRE BEM";5415/134;20/01/2022;CE;"SENADOR SA";15/01/2024;18/03/2022;"FORTALEZA OESTE";01/07/2026;80;0;0;0;0;0;0;0;0;0;0;0;0;0;0;0;0;0;0;Nao;Desbloqueado;;TREINADO;;;;;;;;;;;;;;;;;;;;;;;;;;;;;;;;;
250178;"ALL OF CELL";0985/431;11/10/2023;PI;"BURITI DOS MONTES";15/01/2024;27/09/2023;TERESINA;01/07/2026;21;0;0;0;0;0;0;0;0;0;0;0;0;0;0;0;0;0;0;Nao;Desbloqueado;;TREINADO;;;;;;;;;;;;;;;;;;;;;;;;;;;;;;;;;
169759;"SUPER MERCADO VITORIA";0937/490;06/02/2026;PI;"SAO JOAO DA VARJOTA";17/09/2018;12/03/2024;TERESINA;01/07/2026;5;0;0;0;0;0;0;0;0;0;0;0;0;0;0;0;0;0;0;Nao;Desbloqueado;;TRANSACIONAL;;;;;;;;;;;;;;;;;;;;;;;;;;;;;;;;;
175020;"MERCANTIL O CARDOSO";5447/108;18/03/2024;CE;PENTECOSTE;05/08/2020;14/06/2019;"FORTALEZA OESTE";01/07/2026;33;0;0;0;0;0;0;0;0;0;0;0;0;0;0;0;0;0;0;Nao;Desbloqueado;;TRANSACIONAL;;;;;;;;;;;;;;;;;;;;;;;;;;;;;;;;;
236161;"MERCADINHO MV COMERCIO";0685/209;;CE;ICAPUI;08/07/2022;;"FORTALEZA LESTE";01/07/2026;17;0;0;0;0;0;0;0;0;0;0;0;0;0;0;0;0;0;0;Nao;Desbloqueado;;TRANSACIONAL;;;;;;;;;;;;;;;;;;;;;;;;;;;;;;;;;
37984;"FARMACIA PADRE CICERO 0001";5438/068;06/10/2023;CE;IBICUITINGA;30/04/2015;10/10/2024;"FORTALEZA LESTE";01/07/2026;129;0;0;0;0;0;0;0;0;0;0;0;0;0;0;0;0;0;0;Sim;Desbloqueado;;TREINADO;;;;;;;;;;;;;;;;;;;;;;;;;;;;;;;;;
72923;"FARMACIA JOSE RODRIGUES";1351/121;18/08/2023;CE;TURURU;03/07/2015;24/10/2024;"FORTALEZA OESTE";24/06/2026;0;0;0;0;0;0;0;0;0;0;0;0;0;0;0;0;0;0;0;Sim;Desbloqueado;;TREINADO;;;;;;;;;;;;;;;;;;;;;;;;;;;;;;;;;
156918;"ANCORA DISTRIBUIDORA - FILIAL 2";0685/153;23/10/2020;CE;ARACATI;15/01/2024;03/04/2025;"FORTALEZA LESTE";01/07/2026;242;0;0;0;0;0;0;0;0;0;0;0;0;0;0;0;0;0;0;Nao;Desbloqueado;;TREINADO;;;;;;;;;;;;;;;;;;;;;;;;;;;;;;;;;
220880;"GARRAS MOVEIS";0937/535;;PI;"ISAIAS COELHO";15/01/2024;30/08/2021;TERESINA;24/11/2025;0;0;0;0;0;0;0;0;0;0;0;0;0;0;0;0;0;0;0;Nao;Bloqueado;02/03/2026;TRANSACIONAL;;;;;;;;;;;;;;;;;;;;;;;;;;;;;;;;;
400504;"ESSENCIAL COSMETICOS E BIJUTERIAS";0625/138;14/08/2025;CE;FORTALEZA;22/01/2024;07/02/2024;"FORTALEZA OESTE";01/07/2026;2;0;0;0;0;0;0;0;0;0;0;0;0;0;0;0;0;0;0;Nao;Desbloqueado;;TREINADO;;;;;;;;;;;;;;;;;;;;;;;;;;;;;;;;;
153740;EDMOVEIS;0704/130;16/07/2021;CE;ARATUBA;21/10/2016;12/04/2022;"FORTALEZA LESTE";01/07/2026;107;0;0;0;0;0;0;0;0;0;0;0;0;0;0;0;0;0;0;Sim;Desbloqueado;;TREINADO;;;;;;;;;;;;;;;;;;;;;;;;;;;;;;;;;
205118;"DROGARIA FARMA CERTA";0702/143;20/07/2023;CE;SOBRAL;28/10/2020;18/11/2020;"FORTALEZA OESTE";01/07/2026;81;0;0;0;0;0;0;0;0;0;0;0;0;0;0;0;0;0;0;Sim;Desbloqueado;;TRANSACIONAL;;;;;;;;;;;;;;;;;;;;;;;;;;;;;;;;;
229272;"DROGARIAS A M FARMA";0405/542;;PI;TERESINA;15/01/2024;23/03/2022;TERESINA;17/03/2026;0;0;0;0;0;0;0;0;0;0;0;0;0;0;0;0;0;0;0;Nao;Bloqueado;24/03/2026;TRANSACIONAL;;;;;;;;;;;;;;;;;;;;;;;;;;;;;;;;;
42439;"MERCADINHO SANGELA";0716/067;08/06/2026;CE;CASCAVEL;20/12/2016;18/04/2024;"FORTALEZA LESTE";01/07/2026;7;0;0;0;0;0;0;0;0;0;0;0;0;0;0;0;0;0;0;Nao;Desbloqueado;;TREINADO;;;;;;;;;;;;;;;;;;;;;;;;;;;;;;;;;
221639;"COMERCIAL NORTE FRUTAS";0854/170;;PI;TERESINA;15/01/2024;;TERESINA;01/07/2026;5;0;0;0;0;0;0;0;0;0;0;0;0;0;0;0;0;0;0;Nao;Desbloqueado;;TRANSACIONAL;;;;;;;;;;;;;;;;;;;;;;;;;;;;;;;;;
416512;"Supermercado Central";0752/142;06/09/2025;CE;IBIAPINA;28/08/2025;16/10/2025;TERESINA;01/07/2026;30;0;0;0;0;0;0;0;0;0;0;0;0;0;0;0;0;0;0;Sim;Desbloqueado;;TREINADO;;;;;;;;;;;;;;;;;;;;;;;;;;;;;;;;;
55630;FARMANET;0937/209;10/11/2023;PI;SUSSUAPARA;20/11/2015;18/10/2019;TERESINA;01/07/2026;101;0;0;0;0;0;0;0;0;0;0;0;0;0;0;0;0;0;0;Sim;Desbloqueado;;TRANSACIONAL;;;;;;;;;;;;;;;;;;;;;;;;;;;;;;;;;
135827;"MERCADINHO BOM PRECO";0985/302;;PI;"JATOBA DO PIAUI";11/04/2016;12/02/2015;TERESINA;01/07/2026;3;0;0;0;0;0;0;0;0;0;0;0;0;0;0;0;0;0;0;Nao;Desbloqueado;;TRANSACIONAL;;;;;;;;;;;;;;;;;;;;;;;;;;;;;;;;;
181243;"COMERCIAL PEDRINA";0405/511;25/02/2022;PI;"AGUA BRANCA";16/03/2020;22/08/2024;TERESINA;01/07/2026;32;0;0;0;0;0;0;0;0;0;0;0;0;0;0;0;0;0;0;Nao;Desbloqueado;;TRANSACIONAL;;;;;;;;;;;;;;;;;;;;;;;;;;;;;;;;;
412103;"Neném Kids";5449/153;27/05/2025;CE;REDENCAO;03/05/2025;12/06/2025;"FORTALEZA LESTE";01/07/2026;34;1;1;1;0;0;0;0;0;0;0;0;0;0;0;0;0;0;0;Nao;Desbloqueado;;TREINADO;;;;;;;;;;;;;;;;;;;;;;;;;;;;;;;;;
412987;"Mercearia Weslley Stefhan";0985/437;30/05/2025;PI;"BURITI DOS MONTES";22/05/2025;13/06/2025;TERESINA;01/07/2026;4;0;0;0;0;0;0;0;0;0;0;0;0;0;0;0;0;0;0;Nao;Desbloqueado;;TRANSACIONAL;;;;;;;;;;;;;;;;;;;;;;;;;;;;;;;;;
422211;"DAVI PAPELARIA";0726/181;18/03/2026;CE;TIANGUA;30/01/2026;28/04/2026;TERESINA;01/07/2026;10;0;0;0;0;0;0;0;0;0;0;0;0;0;0;0;0;0;0;Nao;Desbloqueado;;TRANSACIONAL;;;;;;;;;;;;;;;;;;;;;;;;;;;;;;;;;
79364;"ARA MINIMERCADO";5806/077;24/08/2023;PI;"DOMINGOS MOURAO";12/09/2016;09/08/2024;TERESINA;01/07/2026;31;0;0;0;0;0;0;0;0;0;0;0;0;0;0;0;0;0;0;Nao;Desbloqueado;;TRANSACIONAL;;;;;;;;;;;;;;;;;;;;;;;;;;;;;;;;;
148364;"PALHANO MAIS";0696/081;25/09/2020;CE;PALHANO;31/08/2016;09/11/2021;"FORTALEZA LESTE";01/07/2026;185;0;0;0;0;0;0;0;0;0;0;0;0;0;0;0;0;0;0;Sim;Desbloqueado;;TREINADO;;;;;;;;;;;;;;;;;;;;;;;;;;;;;;;;;
204036;"FARMACIA SAO JORGE";0937/527;15/02/2023;PI;"SAO LUIS DO PIAUI";03/11/2020;06/04/2021;TERESINA;01/07/2026;22;0;0;0;0;0;0;0;0;0;0;0;0;0;0;0;0;0;0;Nao;Desbloqueado;;TRANSACIONAL;;;;;;;;;;;;;;;;;;;;;;;;;;;;;;;;;
236916;"MIX LINGERIE";5395/098;11/07/2022;CE;JAGUARUANA;15/01/2024;28/07/2022;"FORTALEZA LESTE";01/07/2026;155;2;1;0;0;0;0;0;0;0;0;0;0;0;0;0;0;0;0;Sim;Desbloqueado;;TREINADO;;;;;;;;;;;;;;;;;;;;;;;;;;;;;;;;;
245327;"CAZE CAMPO E PESCA";0685/215;27/02/2023;CE;FORTIM;15/06/2023;09/03/2023;"FORTALEZA LESTE";01/07/2026;37;0;0;0;0;0;0;0;0;0;0;0;0;0;0;0;0;0;0;Nao;Desbloqueado;;TREINADO;;;;;;;;;;;;;;;;;;;;;;;;;;;;;;;;;
249994;"MERCADINHO BEM BARATO";0458/362;23/08/2023;CE;MERUOCA;13/12/2023;27/09/2023;"FORTALEZA OESTE";01/07/2026;13;0;0;0;0;0;0;0;0;0;0;0;0;0;0;0;0;0;0;Nao;Desbloqueado;;TRANSACIONAL;;;;;;;;;;;;;;;;;;;;;;;;;;;;;;;;;
410744;"MERCADO P H OLIVEIRA";0719/184;31/03/2025;CE;ITAPAJE;25/03/2025;08/04/2025;"FORTALEZA OESTE";15/12/2025;0;0;0;0;0;0;0;0;0;0;0;0;0;0;0;0;0;0;0;Sim;Bloqueado;02/03/2026;TREINADO;;;;;;;;;;;;;;;;;;;;;;;;;;;;;;;;;
420190;"Vilmania Armarinho";5798/183;26/02/2026;PI;"SAO JOAO DO ARRAIAL";10/12/2025;19/03/2026;TERESINA;01/07/2026;12;0;0;0;0;0;0;0;0;0;0;0;0;0;0;0;0;0;0;Nao;Desbloqueado;;TRANSACIONAL;;;;;;;;;;;;;;;;;;;;;;;;;;;;;;;;;
422374;"Bodega 24 Horas";1234/127;13/02/2026;CE;FORTALEZA;09/02/2026;;"FORTALEZA OESTE";05/05/2026;0;0;0;0;0;0;0;0;0;0;0;0;0;0;0;0;0;0;0;Nao;Bloqueado;26/05/2026;TRANSACIONAL;;;;;;;;;;;;;;;;;;;;;;;;;;;;;;;;;
70928;"J M M CASTRO BENEVIDES";0628/065;;CE;FORTALEZA;03/09/2015;;"FORTALEZA OESTE";01/07/2026;63;0;0;0;0;0;0;0;0;0;0;0;0;0;0;0;0;0;0;Nao;Desbloqueado;;TRANSACIONAL;;;;;;;;;;;;;;;;;;;;;;;;;;;;;;;;;
154279;"DROGARIA GENERICA";5798/112;27/09/2023;PI;ESPERANTINA;31/01/2017;18/04/2023;TERESINA;01/07/2026;101;0;0;0;0;0;0;0;0;0;0;0;0;0;0;0;0;0;0;Nao;Desbloqueado;;TRANSACIONAL;;;;;;;;;;;;;;;;;;;;;;;;;;;;;;;;;
188844;"MERCEARIA FERNANDES";0405/524;22/05/2025;PI;"MONSENHOR GIL";22/06/2020;22/10/2020;TERESINA;01/07/2026;17;0;0;0;0;0;0;0;0;0;0;0;0;0;0;0;0;0;0;Nao;Desbloqueado;;TRANSACIONAL;;;;;;;;;;;;;;;;;;;;;;;;;;;;;;;;;
421679;"Erivelton Mercearia";0458/453;13/01/2026;CE;FORQUILHA;02/01/2026;;"FORTALEZA OESTE";01/07/2026;33;0;0;0;0;0;0;0;0;0;0;0;0;0;0;0;0;0;0;Nao;Desbloqueado;;TRANSACIONAL;;;;;;;;;;;;;;;;;;;;;;;;;;;;;;;;;
422684;"Mercadinho Santa Rita";0937/779;05/03/2026;PI;"ALAGOINHA DO PIAUI";02/03/2026;;TERESINA;01/07/2026;10;0;0;0;0;0;0;0;0;0;0;0;0;0;0;0;0;0;0;Nao;Desbloqueado;;TRANSACIONAL;;;;;;;;;;;;;;;;;;;;;;;;;;;;;;;;;
86898;"DANDIM CONSTRUCOES";1522/160;01/04/2025;PI;"BURITI DOS LOPES";21/07/2015;15/07/2024;TERESINA;01/07/2026;62;0;0;0;0;0;0;0;0;0;0;0;0;0;0;0;0;0;0;Nao;Desbloqueado;;TREINADO;;;;;;;;;;;;;;;;;;;;;;;;;;;;;;;;;
140907;"MERCADINHO F CARDOSO";5798/110;18/07/2023;PI;"JOCA MARQUES";16/07/2015;28/03/2022;TERESINA;01/07/2026;29;0;0;0;0;0;0;0;0;0;0;0;0;0;0;0;0;0;0;Nao;Desbloqueado;;TRANSACIONAL;;;;;;;;;;;;;;;;;;;;;;;;;;;;;;;;;
179143;"BEM BARATO DROGARIAS";0854/157;04/09/2023;MA;TIMON;20/03/2020;20/10/2023;TERESINA;01/07/2026;15;0;0;0;0;0;0;0;0;0;0;0;0;0;0;0;0;0;0;Nao;Desbloqueado;;TREINADO;;;;;;;;;;;;;;;;;;;;;;;;;;;;;;;;;
204849;"VITOR CONSTRUCOES";5449/132;26/03/2021;CE;ACARAPE;23/03/2022;25/05/2026;"FORTALEZA LESTE";01/07/2026;303;0;0;0;0;0;0;0;0;0;0;0;0;0;0;0;0;0;0;Sim;Desbloqueado;;TREINADO;;;;;;;;;;;;;;;;;;;;;;;;;;;;;;;;;
410397;"PAPELARIA CENTRAL";0458/430;25/03/2025;CE;FORQUILHA;08/03/2025;24/04/2025;"FORTALEZA OESTE";01/07/2026;57;0;0;0;0;0;0;0;0;0;0;0;0;0;0;0;0;0;0;Nao;Desbloqueado;;TRANSACIONAL;;;;;;;;;;;;;;;;;;;;;;;;;;;;;;;;;
411755;"FERNANDO MOTOS";0765/147;14/05/2025;CE;OCARA;24/04/2025;24/06/2025;"FORTALEZA LESTE";01/07/2026;99;0;0;0;0;0;0;0;0;0;0;0;0;0;0;0;0;0;0;Nao;Desbloqueado;;TRANSACIONAL;;;;;;;;;;;;;;;;;;;;;;;;;;;;;;;;;
423004;"Loja eletrônicos";5386/109;20/03/2026;CE;EUSEBIO;17/03/2026;13/04/2026;"FORTALEZA LESTE";01/07/2026;18;0;0;0;0;0;0;0;0;0;0;0;0;0;0;0;0;0;0;Nao;Desbloqueado;;TRANSACIONAL;;;;;;;;;;;;;;;;;;;;;;;;;;;;;;;;;
69449;"MERCANTIL CHICO LAURA";1522/128;13/02/2025;PI;"CAJUEIRO DA PRAIA";17/06/2015;30/01/2025;TERESINA;09/06/2026;0;0;0;0;0;0;0;0;0;0;0;0;0;0;0;0;0;0;0;Nao;Bloqueado;10/06/2026;TRANSACIONAL;;;;;;;;;;;;;;;;;;;;;;;;;;;;;;;;;
130534;"CASA SAO JOSE";0937/442;24/09/2021;PI;"CURRAL NOVO DO PIAUI";07/08/2015;12/06/2024;TERESINA;01/07/2026;62;0;0;0;0;0;0;0;0;0;0;0;0;0;0;0;0;0;0;Nao;Desbloqueado;;TRANSACIONAL;;;;;;;;;;;;;;;;;;;;;;;;;;;;;;;;;
406085;"Comércio São Jorge";0458/418;13/09/2024;CE;COREAU;06/09/2024;25/11/2024;"FORTALEZA OESTE";01/07/2026;2;0;0;0;0;0;0;0;0;0;0;0;0;0;0;0;0;0;0;Nao;Desbloqueado;;TRANSACIONAL;;;;;;;;;;;;;;;;;;;;;;;;;;;;;;;;;
424311;"Drogaria Alto Farma";0767/161;29/05/2026;CE;PACATUBA;21/05/2026;;"FORTALEZA LESTE";29/05/2026;0;0;0;0;0;0;0;0;0;0;0;0;0;0;0;0;0;0;0;Sim;Desbloqueado;;TRANSACIONAL;;;;;;;;;;;;;;;;;;;;;;;;;;;;;;;;;
147670;"FARMACIA N S DO CARMO";5808/089;05/10/2023;PI;PIRIPIRI;23/09/2016;05/06/2026;TERESINA;01/07/2026;40;0;0;0;0;0;0;0;0;0;0;0;0;0;0;0;0;0;0;Nao;Desbloqueado;;TREINADO;;;;;;;;;;;;;;;;;;;;;;;;;;;;;;;;;
203813;"MERCADINHO SAO FRANCISCO";1351/313;02/09/2025;CE;MIRAIMA;19/10/2020;23/09/2025;"FORTALEZA OESTE";01/07/2026;97;0;0;0;0;0;0;0;0;0;0;0;0;0;0;0;0;0;0;Sim;Desbloqueado;;TREINADO;;;;;;;;;;;;;;;;;;;;;;;;;;;;;;;;;
204096;"PLAYBOY BAR COMERCIO E EVENTOS";5792/147;13/03/2026;PI;"CAMPO LARGO DO PIAUI";07/10/2020;28/04/2021;TERESINA;01/07/2026;7;0;0;0;0;0;0;0;0;0;0;0;0;0;0;0;0;0;0;Nao;Desbloqueado;;TRANSACIONAL;;;;;;;;;;;;;;;;;;;;;;;;;;;;;;;;;
242944;"ALTAIR FARMACIA E DRUGSTORE";5367/149;14/11/2022;CE;MORRINHOS;17/08/2023;05/12/2022;"FORTALEZA OESTE";01/07/2026;88;0;0;0;0;400;0;0;0;0;0;0;0;0;0;0;0;0;0;Nao;Desbloqueado;;TREINADO;;;;;;;;;;;;;;;;;;;;;;;;;;;;;;;;;
250301;"MERCADINHO DEUS E FIEL CL";1302/187;22/08/2023;CE;CANINDE;15/01/2024;19/09/2023;"FORTALEZA OESTE";01/07/2026;4;0;0;0;0;0;0;0;0;0;0;0;0;0;0;0;0;0;0;Nao;Desbloqueado;;TRANSACIONAL;;;;;;;;;;;;;;;;;;;;;;;;;;;;;;;;;
400150;"MINI BOX PINHEIRO";5438/118;26/12/2023;CE;JAGUARETAMA;15/01/2024;12/03/2024;"FORTALEZA LESTE";01/07/2026;2;0;0;0;0;0;0;0;0;0;0;0;0;0;0;0;0;0;0;Nao;Desbloqueado;;TRANSACIONAL;;;;;;;;;;;;;;;;;;;;;;;;;;;;;;;;;
406179;"Vilanova Motopeças";0854/184;11/12/2024;MA;TIMON;11/09/2024;25/09/2024;TERESINA;23/03/2026;0;0;0;0;0;0;0;0;0;0;0;0;0;0;0;0;0;0;0;Nao;Bloqueado;24/03/2026;TRANSACIONAL;;;;;;;;;;;;;;;;;;;;;;;;;;;;;;;;;
414693;"Comercial Bandeira";0625/146;11/08/2025;CE;FORTALEZA;15/07/2025;;"FORTALEZA OESTE";08/04/2026;0;0;0;0;0;0;0;0;0;0;0;0;0;0;0;0;0;0;0;Nao;Desbloqueado;;TREINADO;;;;;;;;;;;;;;;;;;;;;;;;;;;;;;;;;
421735;"PLAY TECH";1302/231;16/01/2026;CE;CARIDADE;10/01/2026;28/01/2026;"FORTALEZA OESTE";01/07/2026;18;1;1;1;0;0;0;0;0;0;0;0;0;0;0;0;0;1;0;Nao;Desbloqueado;;TREINADO;;;;;;;;;;;;;;;;;;;;;;;;;;;;;;;;;
70674;"LOPES MERCADINHO";0699/202;28/07/2021;CE;"SAO LUIS DO CURU";19/08/2015;14/09/2024;"FORTALEZA OESTE";01/07/2026;185;1;1;1;0;0;0;0;0;0;0;0;0;0;0;0;0;1;0;Sim;Desbloqueado;;TREINADO;;;;;;;;;;;;;;;;;;;;;;;;;;;;;;;;;
218083;"ELSON COMPUTADORES";0458/389;05/09/2023;CE;FRECHEIRINHA;22/04/2021;21/05/2021;"FORTALEZA OESTE";30/06/2026;0;0;0;0;0;0;0;0;0;0;0;0;0;0;0;0;0;0;0;Nao;Desbloqueado;;TREINADO;;;;;;;;;;;;;;;;;;;;;;;;;;;;;;;;;
223727;"MERCADINHO GABI";0715/134;10/03/2026;CE;CAMOCIM;21/01/2022;13/03/2026;"FORTALEZA OESTE";01/07/2026;10;0;0;0;0;0;0;0;0;0;0;0;0;0;0;0;0;0;0;Nao;Desbloqueado;;TREINADO;;;;;;;;;;;;;;;;;;;;;;;;;;;;;;;;;
249697;"MERCEARIA O NILTON";0726/268;25/07/2023;CE;"VICOSA DO CEARA";15/01/2024;07/08/2023;TERESINA;01/07/2026;21;0;0;0;0;0;0;0;0;0;0;0;0;0;0;0;0;0;0;Sim;Desbloqueado;;TREINADO;;;;;;;;;;;;;;;;;;;;;;;;;;;;;;;;;
416340;"Comecial Sn";0295/268;04/09/2025;CE;CAUCAIA;26/08/2025;16/09/2025;"FORTALEZA OESTE";14/05/2026;0;0;0;0;0;0;0;0;0;0;0;0;0;0;0;0;0;0;0;Sim;Bloqueado;26/05/2026;TREINADO;;;;;;;;;;;;;;;;;;;;;;;;;;;;;;;;;
145250;"FARMACIA FROTA";5303/075;03/11/2020;CE;AMONTADA;03/03/2016;11/09/2025;"FORTALEZA OESTE";01/07/2026;4;0;0;0;0;0;0;0;0;0;0;0;0;0;0;0;0;0;0;Nao;Desbloqueado;;TREINADO;;;;;;;;;;;;;;;;;;;;;;;;;;;;;;;;;
250498;"CVR CENTRAL DE VARIEDADES MERCEARIA";0937/738;14/11/2023;PI;ITAINOPOLIS;15/01/2024;20/10/2023;TERESINA;01/07/2026;70;0;0;0;0;0;0;0;0;0;0;0;0;0;0;0;0;0;0;Nao;Desbloqueado;;TRANSACIONAL;;;;;;;;;;;;;;;;;;;;;;;;;;;;;;;;;
241398;"COMERCIAL MICHELLE";0628/091;14/08/2025;CE;FORTALEZA;17/08/2023;21/11/2022;"FORTALEZA OESTE";01/07/2026;15;0;0;0;0;0;0;0;0;0;0;0;0;0;0;0;0;0;0;Nao;Desbloqueado;;TRANSACIONAL;;;;;;;;;;;;;;;;;;;;;;;;;;;;;;;;;
245749;"MERCADINHO LIMA";3848/229;13/01/2025;PI;"NOVO SANTO ANTONIO";15/01/2024;28/03/2023;TERESINA;01/07/2026;8;0;0;0;0;0;0;0;0;0;0;0;0;0;0;0;0;0;0;Nao;Desbloqueado;;TRANSACIONAL;;;;;;;;;;;;;;;;;;;;;;;;;;;;;;;;;
403855;"Drogaria Sao Jose";5798/170;25/06/2024;PI;ESPERANTINA;13/06/2024;12/02/2026;TERESINA;09/03/2026;0;0;0;0;0;0;0;0;0;0;0;0;0;0;0;0;0;0;0;Sim;Bloqueado;26/05/2026;TRANSACIONAL;;;;;;;;;;;;;;;;;;;;;;;;;;;;;;;;;
416873;"JB Materiais para Construção";5387/164;10/09/2025;CE;CAMOCIM;03/09/2025;;"FORTALEZA OESTE";30/06/2026;0;0;0;0;0;0;0;0;0;0;0;0;0;0;0;0;0;0;0;Nao;Desbloqueado;;TRANSACIONAL;;;;;;;;;;;;;;;;;;;;;;;;;;;;;;;;;
47425;"SUPERMERCADO J&L";5443/063;13/04/2022;CE;PARACURU;12/05/2015;18/06/2024;"FORTALEZA OESTE";01/07/2026;7;0;0;0;0;0;0;0;0;0;0;0;0;0;0;0;0;0;0;Nao;Desbloqueado;;TRANSACIONAL;;;;;;;;;;;;;;;;;;;;;;;;;;;;;;;;;
187294;"RIBEIRO ELETROMOVEIS";3848/204;05/10/2023;PI;ALTOS;25/03/2020;06/01/2022;TERESINA;01/07/2026;89;0;0;0;0;0;0;0;0;0;0;0;0;0;0;0;0;0;0;Nao;Desbloqueado;;TREINADO;;;;;;;;;;;;;;;;;;;;;;;;;;;;;;;;;
227367;"CASA DAS RACOES";0937/545;;PI;"SANTO ANTONIO DE LISBOA";15/01/2024;;TERESINA;01/07/2026;23;0;0;0;0;0;0;0;0;0;0;0;0;0;0;0;0;0;0;Nao;Desbloqueado;;TRANSACIONAL;;;;;;;;;;;;;;;;;;;;;;;;;;;;;;;;;
246816;"COMERCIAL O LUCIVANDO";1302/179;18/10/2023;CE;ITATIRA;15/01/2024;;"FORTALEZA OESTE";01/07/2026;8;0;0;0;0;0;0;0;0;0;0;0;0;0;0;0;0;0;0;Nao;Desbloqueado;;TRANSACIONAL;;;;;;;;;;;;;;;;;;;;;;;;;;;;;;;;;
254345;"FARMACIA REDENCAO LIBERDADE";5449/145;23/11/2023;CE;REDENCAO;15/01/2024;20/01/2026;"FORTALEZA LESTE";01/07/2026;108;2;0;0;0;0;0;0;0;0;0;0;0;0;0;0;0;0;0;Nao;Desbloqueado;;TREINADO;;;;;;;;;;;;;;;;;;;;;;;;;;;;;;;;;
254363;"ANCORA DISTRIBUIDORA DE ALIMENTOS 00021";5446/241;08/12/2023;CE;TRAIRI;15/01/2024;22/12/2023;"FORTALEZA OESTE";01/07/2026;1;0;0;0;0;0;0;0;0;0;0;0;0;0;0;0;0;0;0;Nao;Desbloqueado;;TREINADO;;;;;;;;;;;;;;;;;;;;;;;;;;;;;;;;;
414245;"Adriano Frios";0713/223;09/07/2025;CE;FORTALEZA;24/06/2025;23/07/2025;"FORTALEZA LESTE";01/07/2026;9;0;0;0;0;0;0;0;0;0;0;0;0;0;0;0;0;0;0;Sim;Desbloqueado;;TREINADO;;;;;;;;;;;;;;;;;;;;;;;;;;;;;;;;;
424599;"Rn Construcoes";1379/150;11/06/2026;CE;FORTALEZA;03/06/2026;;"FORTALEZA OESTE";16/06/2026;0;0;0;0;0;0;0;0;0;0;0;0;0;0;0;0;0;0;0;Nao;Desbloqueado;;TRANSACIONAL;;;;;;;;;;;;;;;;;;;;;;;;;;;;;;;;;
54376;"MERCADINHO MOURA";0937/205;23/02/2026;PI;GEMINIANO;11/06/2015;25/11/2024;TERESINA;01/07/2026;8;0;0;0;0;0;0;0;0;0;0;0;0;0;0;0;0;0;0;Nao;Desbloqueado;;TRANSACIONAL;;;;;;;;;;;;;;;;;;;;;;;;;;;;;;;;;
403616;"MERCADINHO FRUTAS E LEGUMES";0742/078;10/06/2024;CE;FORTALEZA;04/06/2024;;"FORTALEZA OESTE";01/07/2026;5;0;0;0;0;0;0;0;0;0;0;0;0;0;0;0;0;0;0;Nao;Desbloqueado;;TRANSACIONAL;;;;;;;;;;;;;;;;;;;;;;;;;;;;;;;;;
407867;"Drogaria Itapipoca";1351/254;25/11/2024;CE;ITAPIPOCA;14/11/2024;16/01/2025;"FORTALEZA OESTE";26/06/2026;0;0;0;0;0;0;0;0;0;0;0;0;0;0;0;0;0;0;0;Nao;Desbloqueado;;TRANSACIONAL;;;;;;;;;;;;;;;;;;;;;;;;;;;;;;;;;
120250;"MERCADINHO BOM PRECO";0985/299;20/06/2023;PI;"COCAL DE TELHA";11/04/2016;12/06/2024;TERESINA;01/07/2026;36;0;0;0;0;0;0;0;0;0;0;0;0;0;0;0;0;0;0;Nao;Desbloqueado;;TREINADO;;;;;;;;;;;;;;;;;;;;;;;;;;;;;;;;;
121391;"COMERCIAL HIANA";5387/081;07/11/2020;CE;GRANJA;18/05/2015;21/06/2024;"FORTALEZA OESTE";01/07/2026;208;0;0;0;0;0;31237;31237;0;0;5000;0;1;0;0;0;0;0;0;Sim;Desbloqueado;;TREINADO;;;;;;;;;;;;;;;;;;;;;;;;;;;;;;;;;
182813;"PANIFICADORA ALIMENTA";2120/170;30/03/2026;PI;TERESINA;15/01/2024;18/07/2023;TERESINA;01/07/2026;16;0;0;0;0;0;0;0;0;0;0;0;0;0;0;0;0;0;0;Nao;Desbloqueado;;TRANSACIONAL;;;;;;;;;;;;;;;;;;;;;;;;;;;;;;;;;
223454;"KACE COMERCIO";0985/335;02/03/2023;PI;"JATOBA DO PIAUI";31/08/2021;23/02/2023;TERESINA;01/07/2026;27;0;0;0;0;0;0;0;0;0;0;0;0;0;0;0;0;0;0;Nao;Desbloqueado;;TRANSACIONAL;;;;;;;;;;;;;;;;;;;;;;;;;;;;;;;;;
255367;"MERCADINHO E PERFUMARIA ESPACO DO BEN";0715/158;15/12/2023;CE;BARROQUINHA;15/01/2024;09/02/2024;"FORTALEZA OESTE";01/07/2026;54;0;0;0;0;0;0;0;0;0;0;0;0;0;0;0;0;0;0;Nao;Desbloqueado;;TREINADO;;;;;;;;;;;;;;;;;;;;;;;;;;;;;;;;;
410723;"JPK MODAS";0719/183;28/03/2025;CE;TEJUCUOCA;22/03/2025;10/04/2025;"FORTALEZA OESTE";30/06/2026;0;0;0;0;0;0;0;0;0;0;0;0;0;0;0;0;0;0;0;Nao;Desbloqueado;;TREINADO;;;;;;;;;;;;;;;;;;;;;;;;;;;;;;;;;
420195;"J 3 Pecas E Servicos";0719/195;18/12/2025;CE;ITAPAJE;10/12/2025;12/01/2026;"FORTALEZA OESTE";01/07/2026;8;0;0;0;0;0;0;0;0;0;0;0;0;0;0;0;0;0;0;Nao;Desbloqueado;;TREINADO;;;;;;;;;;;;;;;;;;;;;;;;;;;;;;;;;
151546;"MERCADINHO CRUZ";0684/138;22/10/2020;CE;CRUZ;26/12/2016;13/02/2026;"FORTALEZA OESTE";01/07/2026;150;0;0;0;0;0;0;0;0;0;0;0;0;0;0;0;0;0;0;Sim;Desbloqueado;;TREINADO;;;;;;;;;;;;;;;;;;;;;;;;;;;;;;;;;
158973;"FARMACIA GAMA";0716/112;03/12/2020;CE;PINDORETAMA;29/08/2017;28/04/2022;"FORTALEZA LESTE";01/07/2026;168;0;0;0;0;520;21395;21395;0;0;0;0;0;0;0;0;0;0;0;Sim;Desbloqueado;;TREINADO;;;;;;;;;;;;;;;;;;;;;;;;;;;;;;;;;
166719;"MERCEARIA O HELENO";5387/094;08/10/2025;CE;GRANJA;23/08/2018;09/05/2018;"FORTALEZA OESTE";26/02/2026;0;0;0;0;0;0;0;0;0;0;0;0;0;0;0;0;0;0;0;Sim;Bloqueado;27/04/2026;TREINADO;;;;;;;;;;;;;;;;;;;;;;;;;;;;;;;;;
178342;"MERCADINHO DANTAS";0703/158;23/04/2026;CE;JAGUARIBARA;06/11/2019;10/10/2024;"FORTALEZA LESTE";01/07/2026;161;0;0;0;0;0;0;0;0;0;0;0;0;0;0;0;0;0;0;Sim;Desbloqueado;;TRANSACIONAL;;;;;;;;;;;;;;;;;;;;;;;;;;;;;;;;;
254773;"LOJINHA DO LAR";5415/156;17/03/2025;CE;MASSAPE;12/12/2023;11/12/2023;"FORTALEZA OESTE";01/07/2026;49;0;0;0;0;0;0;0;0;0;0;0;0;0;0;0;0;0;0;Nao;Desbloqueado;;TRANSACIONAL;;;;;;;;;;;;;;;;;;;;;;;;;;;;;;;;;
409636;"SUPERMERCADO QUEIROZ 0004";5365/137;21/05/2026;CE;BATURITE;08/02/2025;;"FORTALEZA LESTE";21/05/2026;0;0;0;0;0;0;0;0;0;0;0;0;0;0;0;0;0;0;0;Nao;Desbloqueado;;TRANSACIONAL;;;;;;;;;;;;;;;;;;;;;;;;;;;;;;;;;
76248;"MERCADINHO LUIZ GENESIO";0405/341;31/03/2022;PI;"JARDIM DO MULATO";13/09/2016;24/07/2024;TERESINA;01/07/2026;27;0;0;0;0;0;0;0;0;0;0;0;0;0;0;0;0;0;0;Nao;Desbloqueado;;TRANSACIONAL;;;;;;;;;;;;;;;;;;;;;;;;;;;;;;;;;
206993;"ADALBERTO CONSTRUCOES";5446/225;12/12/2025;CE;TRAIRI;15/01/2024;26/02/2021;"FORTALEZA OESTE";01/07/2026;53;0;0;0;0;0;0;0;0;0;0;0;0;0;0;0;0;0;0;Nao;Desbloqueado;;TREINADO;;;;;;;;;;;;;;;;;;;;;;;;;;;;;;;;;
420122;"Ls Comercio De Alimentos";1302/228;05/01/2026;CE;ITATIRA;05/12/2025;10/03/2026;"FORTALEZA OESTE";01/07/2026;16;0;0;0;0;0;0;0;0;0;0;0;0;0;0;0;0;0;0;Sim;Desbloqueado;;TREINADO;;;;;;;;;;;;;;;;;;;;;;;;;;;;;;;;;
167227;"COMERCIAL BOM PRECO";0684/150;28/07/2023;CE;ACARAU;10/10/2018;08/03/2023;"FORTALEZA OESTE";01/07/2026;77;0;0;0;0;0;0;0;0;0;0;0;0;0;0;0;0;0;0;Nao;Desbloqueado;;TRANSACIONAL;;;;;;;;;;;;;;;;;;;;;;;;;;;;;;;;;
205246;"JACKE VARIEDADES";1351/208;23/11/2022;CE;URUBURETAMA;15/10/2020;08/01/2021;"FORTALEZA OESTE";30/06/2026;0;0;0;0;0;0;0;0;0;0;0;0;0;0;0;0;0;0;0;Nao;Desbloqueado;;TRANSACIONAL;;;;;;;;;;;;;;;;;;;;;;;;;;;;;;;;;
231563;"SUPERMERCADO CARDOSO";3848/221;07/06/2022;PI;ALTOS;15/01/2024;18/05/2022;TERESINA;01/07/2026;44;0;0;0;0;0;0;0;0;0;0;0;0;0;0;0;0;0;0;Nao;Desbloqueado;;TREINADO;;;;;;;;;;;;;;;;;;;;;;;;;;;;;;;;;
239067;"POP FARMA BONS AMIGOS";1351/231;16/06/2023;CE;ITAPIPOCA;13/07/2023;29/11/2022;"FORTALEZA OESTE";01/07/2026;1;0;0;0;0;0;0;0;0;0;0;0;0;0;0;0;0;0;0;Nao;Desbloqueado;;TREINADO;;;;;;;;;;;;;;;;;;;;;;;;;;;;;;;;;
244445;"ANCORA DISTRIBUIDORA 0020";0765/129;22/03/2023;CE;PACAJUS;15/01/2024;11/04/2023;"FORTALEZA LESTE";01/07/2026;129;0;0;0;0;0;0;0;0;0;0;0;0;0;0;0;0;0;0;Nao;Desbloqueado;;TREINADO;;;;;;;;;;;;;;;;;;;;;;;;;;;;;;;;;
415931;"MAX LAN HOUSE E ACESSORIOS";0765/163;26/08/2025;CE;CHOROZINHO;18/08/2025;04/09/2025;"FORTALEZA LESTE";01/07/2026;21;0;0;0;0;0;0;0;0;0;0;0;0;0;0;0;0;0;0;Nao;Desbloqueado;;TRANSACIONAL;;;;;;;;;;;;;;;;;;;;;;;;;;;;;;;;;
417675;"Mercadinho Santos";5798/181;18/09/2025;PI;LUZILANDIA;13/09/2025;30/09/2025;TERESINA;11/04/2026;0;0;0;0;0;0;0;0;0;0;0;0;0;0;0;0;0;0;0;Sim;Bloqueado;26/06/2026;TRANSACIONAL;;;;;;;;;;;;;;;;;;;;;;;;;;;;;;;;;
54248;"MERCANTIL FRONTEIRENSE";0726/085;19/02/2024;PI;"SAO JOAO DA FRONTEIRA";03/09/2015;27/08/2024;TERESINA;01/07/2026;47;0;0;0;0;0;0;0;0;0;0;0;0;0;0;0;0;0;0;Sim;Desbloqueado;;TRANSACIONAL;;;;;;;;;;;;;;;;;;;;;;;;;;;;;;;;;
160722;"FARMACIA NOSSA SENHORA DE FATIMA";0458/064;20/05/2022;CE;ALCANTARAS;25/09/2017;07/11/2022;"FORTALEZA OESTE";01/07/2026;12;0;0;0;0;0;0;0;0;0;0;0;0;0;0;0;0;0;0;Nao;Desbloqueado;;TRANSACIONAL;;;;;;;;;;;;;;;;;;;;;;;;;;;;;;;;;
181134;"F & S COMERCIAL FILIAL 02";1522/237;28/05/2022;PI;PARNAIBA;15/01/2024;04/04/2022;TERESINA;01/07/2026;6;0;0;0;0;0;0;0;0;0;0;0;0;0;0;0;0;0;0;Nao;Desbloqueado;;TRANSACIONAL;;;;;;;;;;;;;;;;;;;;;;;;;;;;;;;;;
201292;"BOMBONIERE RENAN E MYLA";0719/140;18/06/2021;CE;IRAUCUBA;30/09/2021;11/09/2025;"FORTALEZA OESTE";01/07/2026;67;0;0;0;0;0;0;0;0;0;0;0;0;0;0;0;0;0;0;Sim;Desbloqueado;;TREINADO;;;;;;;;;;;;;;;;;;;;;;;;;;;;;;;;;
217610;"DISTRIBUIDORA O ASSIS";0719/150;;CE;ITAPAJE;03/05/2021;;"FORTALEZA OESTE";27/08/2021;0;0;0;0;0;0;0;0;0;0;0;0;0;0;0;0;0;0;0;Nao;Bloqueado;24/03/2026;TRANSACIONAL;;;;;;;;;;;;;;;;;;;;;;;;;;;;;;;;;
247424;"MARIE COSMETICOS";0703/197;11/08/2023;CE;IRACEMA;15/01/2024;;"FORTALEZA LESTE";01/07/2026;132;0;0;0;0;0;0;0;0;0;0;0;0;0;0;0;0;0;0;Sim;Desbloqueado;;TRANSACIONAL;;;;;;;;;;;;;;;;;;;;;;;;;;;;;;;;;
248018;"FARMACIA DONA BRANCA";0726/158;16/06/2023;CE;TIANGUA;26/06/2023;23/06/2023;TERESINA;01/07/2026;29;0;0;0;0;0;0;0;0;0;0;0;0;0;0;0;0;0;0;Nao;Desbloqueado;;TREINADO;;;;;;;;;;;;;;;;;;;;;;;;;;;;;;;;;
406141;"MERCANTIL QUEIROZ 0002";0704/178;08/06/2026;CE;ARACOIABA;09/09/2024;;"FORTALEZA LESTE";09/06/2026;0;0;0;0;0;0;0;0;0;0;0;0;0;0;0;0;0;0;0;Sim;Desbloqueado;;TRANSACIONAL;;;;;;;;;;;;;;;;;;;;;;;;;;;;;;;;;
415772;"Otica Central";0711/132;28/08/2025;CE;HORIZONTE;13/08/2025;23/10/2025;"FORTALEZA LESTE";29/06/2026;0;0;0;0;0;0;0;0;0;0;0;0;0;0;0;0;0;0;0;Nao;Desbloqueado;;TREINADO;;;;;;;;;;;;;;;;;;;;;;;;;;;;;;;;;
238765;"SEU ATACAREJO";1351/327;25/11/2025;CE;AMONTADA;15/01/2024;06/09/2022;"FORTALEZA OESTE";01/07/2026;83;0;0;0;0;0;0;0;0;0;0;0;0;0;0;0;0;0;0;Sim;Desbloqueado;;TREINADO;;;;;;;;;;;;;;;;;;;;;;;;;;;;;;;;;
240417;"FARMACIA PIMENTEL";0699/119;23/09/2022;CE;"SAO LUIS DO CURU";17/08/2023;28/05/2026;"FORTALEZA OESTE";01/07/2026;5;0;0;0;0;0;0;0;0;0;0;0;0;0;0;0;0;1;0;Nao;Desbloqueado;;TREINADO;;;;;;;;;;;;;;;;;;;;;;;;;;;;;;;;;
406361;"Optica Freitas Cruz";0684/207;25/09/2024;CE;CRUZ;19/09/2024;07/04/2025;"FORTALEZA OESTE";01/07/2026;29;0;0;0;0;0;0;0;0;0;0;0;0;0;0;0;0;0;0;Nao;Desbloqueado;;TREINADO;;;;;;;;;;;;;;;;;;;;;;;;;;;;;;;;;
422618;"Estaely Representacoes";0628/100;02/03/2026;CE;FORTALEZA;25/02/2026;20/03/2026;"FORTALEZA OESTE";28/04/2026;0;0;0;0;0;0;0;0;0;0;0;0;0;0;0;0;0;0;0;Nao;Bloqueado;26/06/2026;TRANSACIONAL;;;;;;;;;;;;;;;;;;;;;;;;;;;;;;;;;
424426;"Farmacia Do Trabalhador Do Preco Baixo";0683/143;28/05/2026;CE;FORTALEZA;26/05/2026;;"FORTALEZA OESTE";01/07/2026;7;0;0;0;0;0;0;0;0;0;0;0;0;0;0;0;0;0;0;Sim;Desbloqueado;;TRANSACIONAL;;;;;;;;;;;;;;;;;;;;;;;;;;;;;;;;;
80351;"DROGARIA CASTRO";5798/092;07/10/2020;PI;LUZILANDIA;03/11/2015;23/06/2026;TERESINA;01/07/2026;350;0;0;0;0;0;0;0;0;0;0;0;0;0;0;0;0;0;0;Sim;Desbloqueado;;TREINADO;;;;;;;;;;;;;;;;;;;;;;;;;;;;;;;;;
169824;"MERCANTIL COMPRE BEM";0937/493;;PI;PAQUETA;04/12/2018;21/02/2025;TERESINA;01/07/2026;13;0;0;0;0;0;0;0;0;0;0;0;0;0;0;0;0;0;0;Nao;Desbloqueado;;TRANSACIONAL;;;;;;;;;;;;;;;;;;;;;;;;;;;;;;;;;
200662;"MERCADINHO SERVE BEM";0458/327;03/06/2025;CE;MERUOCA;21/09/2020;05/07/2022;"FORTALEZA OESTE";01/07/2026;125;0;0;0;0;0;0;0;0;0;0;0;0;0;0;0;0;0;0;Nao;Desbloqueado;;TREINADO;;;;;;;;;;;;;;;;;;;;;;;;;;;;;;;;;
248103;"MARCELO MOTOS";1522/265;04/08/2023;PI;"MURICI DOS PORTELAS";15/01/2024;02/06/2023;TERESINA;01/07/2026;35;0;0;0;0;0;0;0;0;0;0;0;0;0;0;0;0;0;0;Sim;Desbloqueado;;TREINADO;;;;;;;;;;;;;;;;;;;;;;;;;;;;;;;;;
248604;"MERCADINHO NOSSA SENHORA DO LIVRAMENTO";5387/132;15/06/2023;CE;MARTINOPOLE;21/08/2023;12/07/2023;"FORTALEZA OESTE";01/07/2026;20;0;0;0;0;0;0;0;0;0;0;0;0;0;0;0;0;0;0;Nao;Desbloqueado;;TREINADO;;;;;;;;;;;;;;;;;;;;;;;;;;;;;;;;;
161347;"MERCADINHO LIMA BRITO";0937/119;02/02/2021;PI;"ALAGOINHA DO PIAUI";02/07/2020;02/02/2023;TERESINA;01/07/2026;39;0;0;0;0;0;0;0;0;0;0;0;0;0;0;0;0;0;0;Sim;Desbloqueado;;TREINADO;;;;;;;;;;;;;;;;;;;;;;;;;;;;;;;;;
226029;"MERCANTIL EXTRA MAIS";0937/748;19/08/2025;PI;"ALAGOINHA DO PIAUI";15/01/2024;01/02/2024;TERESINA;01/07/2026;48;0;0;0;0;0;0;0;0;0;0;0;0;0;0;0;0;0;0;Sim;Desbloqueado;;TRANSACIONAL;;;;;;;;;;;;;;;;;;;;;;;;;;;;;;;;;
231734;"HIPERCELL MANUTANCAO E ACESSORIOS";5808/116;06/12/2024;PI;PIRIPIRI;15/01/2024;06/06/2022;TERESINA;06/02/2026;0;0;0;0;0;0;0;0;0;0;0;0;0;0;0;0;0;0;0;Nao;Bloqueado;24/03/2026;TRANSACIONAL;;;;;;;;;;;;;;;;;;;;;;;;;;;;;;;;;
401445;"ITAJAVE CELULAR";0719/169;04/04/2025;CE;ITAPAJE;23/02/2024;14/03/2024;"FORTALEZA OESTE";30/06/2026;0;0;0;0;0;0;0;0;0;0;0;0;0;0;0;0;0;0;0;Nao;Desbloqueado;;TREINADO;;;;;;;;;;;;;;;;;;;;;;;;;;;;;;;;;
161346;"ARMARINHO PRESENTEAR";0685/076;23/10/2020;CE;ICAPUI;31/10/2017;02/08/2022;"FORTALEZA LESTE";01/07/2026;33;0;0;0;0;0;0;0;0;0;0;0;0;0;0;0;0;0;0;Nao;Desbloqueado;;TREINADO;;;;;;;;;;;;;;;;;;;;;;;;;;;;;;;;;
187801;"CLAECK SUPERMERCADO";0628/080;;CE;FORTALEZA;15/01/2024;;"FORTALEZA OESTE";24/06/2026;0;0;0;0;0;0;0;0;0;0;0;0;0;0;0;0;0;0;0;Nao;Desbloqueado;;TRANSACIONAL;;;;;;;;;;;;;;;;;;;;;;;;;;;;;;;;;
242064;"MERCADINHO BB";0458/354;11/04/2025;CE;MERUOCA;14/06/2023;02/01/2023;"FORTALEZA OESTE";01/07/2026;27;0;0;0;0;0;0;0;0;0;0;0;0;0;0;0;0;0;0;Nao;Desbloqueado;;TRANSACIONAL;;;;;;;;;;;;;;;;;;;;;;;;;;;;;;;;;
242980;"CENTER MAIS";0704/167;23/03/2024;CE;ARACOIABA;15/01/2024;19/12/2022;"FORTALEZA LESTE";01/07/2026;30;0;0;0;0;0;0;0;0;0;0;0;0;0;0;0;0;0;0;Nao;Desbloqueado;;TREINADO;;;;;;;;;;;;;;;;;;;;;;;;;;;;;;;;;
402538;"MERCADINHO SAO FRANCISCO";5365/132;24/04/2024;CE;BATURITE;16/04/2024;22/01/2026;"FORTALEZA LESTE";01/07/2026;72;0;0;0;0;0;0;0;0;0;0;0;0;0;0;0;0;0;0;Nao;Desbloqueado;;TREINADO;;;;;;;;;;;;;;;;;;;;;;;;;;;;;;;;;
403963;"PAPELARIA PADRE LEO";5367/160;26/06/2024;CE;"BELA CRUZ";19/06/2024;10/07/2024;"FORTALEZA OESTE";01/07/2026;24;0;0;0;0;0;0;0;0;0;0;0;0;0;0;0;0;0;0;Nao;Desbloqueado;;TREINADO;;;;;;;;;;;;;;;;;;;;;;;;;;;;;;;;;
405270;"DROGARIA FARMA NOVA";5449/151;09/01/2025;CE;REDENCAO;06/08/2024;19/11/2024;"FORTALEZA LESTE";01/07/2026;131;0;0;0;0;0;0;0;0;0;0;0;0;0;0;0;0;0;0;Sim;Desbloqueado;;TREINADO;;;;;;;;;;;;;;;;;;;;;;;;;;;;;;;;;
84575;"MERCADINHO POPULAR";1351/098;29/09/2023;CE;TURURU;21/08/2015;24/10/2024;"FORTALEZA OESTE";01/07/2026;39;0;0;0;0;0;0;0;0;0;0;0;0;0;0;0;0;0;0;Nao;Desbloqueado;;TREINADO;;;;;;;;;;;;;;;;;;;;;;;;;;;;;;;;;
121489;"MERCADINHO ARRUDA";1302/215;02/08/2023;CE;PARAMOTI;15/01/2024;09/08/2024;"FORTALEZA OESTE";01/07/2026;166;0;0;0;0;700;0;0;0;0;0;0;0;0;0;0;0;0;0;Sim;Desbloqueado;;TRANSACIONAL;;;;;;;;;;;;;;;;;;;;;;;;;;;;;;;;;
170825;"JR VARIEDADES";5387/105;27/09/2023;CE;GRANJA;14/08/2023;21/03/2024;"FORTALEZA OESTE";01/07/2026;78;0;0;0;0;0;0;0;0;0;0;0;0;0;0;0;0;0;0;Sim;Desbloqueado;;TREINADO;;;;;;;;;;;;;;;;;;;;;;;;;;;;;;;;;
221469;"DROGARIA GOMES";5792/185;13/07/2022;PI;"MIGUEL ALVES";15/01/2024;24/02/2022;TERESINA;01/07/2026;41;0;0;0;0;0;0;0;0;0;0;0;0;0;0;0;0;0;0;Nao;Desbloqueado;;TRANSACIONAL;;;;;;;;;;;;;;;;;;;;;;;;;;;;;;;;;
421680;"North Med 0002";0699/140;09/01/2026;CE;"SAO GONCALO DO AMARANTE";05/01/2026;20/01/2026;"FORTALEZA OESTE";01/07/2026;20;0;0;0;0;0;0;0;0;0;0;0;0;0;0;0;0;0;0;Nao;Desbloqueado;;TRANSACIONAL;;;;;;;;;;;;;;;;;;;;;;;;;;;;;;;;;
122035;"MERCADINHO BORGES";0937/435;14/04/2022;PI;"SANTANA DO PIAUI";11/06/2015;20/09/2019;TERESINA;01/07/2026;94;0;0;0;0;0;0;0;0;0;0;0;0;0;0;0;0;0;0;Nao;Desbloqueado;;TRANSACIONAL;;;;;;;;;;;;;;;;;;;;;;;;;;;;;;;;;
185729;"TOP MOVEIS PICOS";0937/522;11/10/2023;PI;PICOS;15/01/2024;09/04/2026;TERESINA;01/07/2026;55;1;0;1;0;0;0;0;0;0;0;0;0;0;0;0;0;1;0;Nao;Desbloqueado;;TREINADO;;;;;;;;;;;;;;;;;;;;;;;;;;;;;;;;;
407090;"FARMACIA VASCONCELOS";0726/165;27/12/2024;CE;TIANGUA;19/10/2024;08/04/2025;TERESINA;01/07/2026;123;0;0;0;0;0;0;0;0;0;0;0;0;0;0;0;0;0;0;Nao;Desbloqueado;;TREINADO;;;;;;;;;;;;;;;;;;;;;;;;;;;;;;;;;
418857;"Fc Atacado";2999/136;23/10/2025;CE;MARACANAU;09/10/2025;;"FORTALEZA OESTE";23/06/2026;0;0;0;0;0;0;0;0;0;0;0;0;0;0;0;0;0;0;0;Nao;Desbloqueado;;TREINADO;;;;;;;;;;;;;;;;;;;;;;;;;;;;;;;;;
422916;"FDM MATERIAIS PARA CONSTRUCAO";0683/142;24/03/2026;CE;FORTALEZA;12/03/2026;;"FORTALEZA OESTE";24/03/2026;0;0;0;0;0;0;0;0;0;0;0;0;0;0;0;0;0;0;0;Nao;Desbloqueado;;TREINADO;;;;;;;;;;;;;;;;;;;;;;;;;;;;;;;;;
100415;"O M SUPERMERCADOS";0937/410;22/04/2022;PI;"SANTA CRUZ DO PIAUI";11/06/2015;14/06/2024;TERESINA;01/07/2026;213;0;0;0;0;0;0;0;0;0;0;0;0;0;0;0;0;0;0;Sim;Desbloqueado;;TRANSACIONAL;;;;;;;;;;;;;;;;;;;;;;;;;;;;;;;;;
217955;"DROGARIA UNIAO";0405/751;22/04/2025;PI;UNIAO;03/05/2021;17/11/2022;TERESINA;01/07/2026;37;0;0;0;0;0;0;0;0;0;0;0;0;0;0;0;0;0;0;Nao;Desbloqueado;;TRANSACIONAL;;;;;;;;;;;;;;;;;;;;;;;;;;;;;;;;;
408026;"Farmacia Sao Pedro";0684/209;10/12/2024;CE;ACARAU;22/11/2024;14/02/2025;"FORTALEZA OESTE";01/07/2026;30;0;0;0;0;0;0;0;0;0;0;0;0;0;0;0;0;0;0;Nao;Desbloqueado;;TRANSACIONAL;;;;;;;;;;;;;;;;;;;;;;;;;;;;;;;;;
409253;"Mercadinho Laura";1351/256;30/01/2025;CE;ITAPIPOCA;23/01/2025;11/02/2025;"FORTALEZA OESTE";01/07/2026;29;0;0;0;0;0;0;0;0;0;0;0;0;0;0;0;0;0;0;Nao;Desbloqueado;;TREINADO;;;;;;;;;;;;;;;;;;;;;;;;;;;;;;;;;
414836;"Mercearia O Horacio";0458/444;22/07/2025;CE;FORQUILHA;17/07/2025;15/08/2025;"FORTALEZA OESTE";01/07/2026;86;0;0;0;0;0;0;0;0;0;0;0;0;0;0;0;0;0;0;Sim;Desbloqueado;;TRANSACIONAL;;;;;;;;;;;;;;;;;;;;;;;;;;;;;;;;;
232584;"DROGARIA MEDEIROS";0937/553;23/02/2026;PI;"ALAGOINHA DO PIAUI";15/01/2024;04/04/2023;TERESINA;01/07/2026;60;0;0;0;0;0;0;0;0;0;0;0;0;0;0;0;0;0;0;Nao;Desbloqueado;;TRANSACIONAL;;;;;;;;;;;;;;;;;;;;;;;;;;;;;;;;;
409857;"Mercadinho Gomes";0702/179;12/03/2025;CE;SOBRAL;17/02/2025;08/04/2025;"FORTALEZA OESTE";27/04/2026;0;0;0;0;0;0;0;0;0;0;0;0;0;0;0;0;0;0;0;Sim;Bloqueado;26/06/2026;TREINADO;;;;;;;;;;;;;;;;;;;;;;;;;;;;;;;;;
410741;"JG COSMETICOS";0765/145;08/04/2025;CE;OCARA;25/03/2025;15/04/2025;"FORTALEZA LESTE";01/07/2026;40;0;0;0;0;0;0;0;0;0;0;0;0;0;0;0;0;0;0;Nao;Desbloqueado;;TREINADO;;;;;;;;;;;;;;;;;;;;;;;;;;;;;;;;;
47013;"COMERCIAL ALVES";1302/101;29/07/2021;CE;ITATIRA;17/11/2016;28/09/2021;"FORTALEZA OESTE";01/07/2026;104;1;0;1;0;0;0;0;0;0;0;0;0;0;0;0;0;0;0;Sim;Desbloqueado;;TREINADO;;;;;;;;;;;;;;;;;;;;;;;;;;;;;;;;;
159525;"EXCLUSIVA CELULAR E ACESSORIOS";5790/107;11/08/2023;PI;BENEDITINOS;18/10/2017;28/09/2023;TERESINA;01/07/2026;136;0;0;0;0;0;0;0;0;0;0;0;0;0;0;0;0;0;0;Sim;Desbloqueado;;TREINADO;;;;;;;;;;;;;;;;;;;;;;;;;;;;;;;;;
204230;"LOJA DE CARUARU";0715/131;31/03/2021;CE;BARROQUINHA;26/09/2022;13/01/2021;"FORTALEZA OESTE";10/06/2026;0;0;0;0;0;0;0;0;0;0;0;0;0;0;0;0;0;0;0;Nao;Bloqueado;10/06/2026;TRANSACIONAL;;;;;;;;;;;;;;;;;;;;;;;;;;;;;;;;;
216811;"MERCADINHO RIBAMAR";2214/089;29/10/2021;CE;FORTALEZA;15/01/2024;01/11/2021;"FORTALEZA LESTE";01/07/2026;6;0;0;0;0;0;0;0;0;0;0;0;0;0;0;0;0;0;0;Nao;Desbloqueado;;TRANSACIONAL;;;;;;;;;;;;;;;;;;;;;;;;;;;;;;;;;
240223;"TOP MOVEIS ITAPIPOCA 002";1351/233;29/09/2023;CE;ITAPIPOCA;15/01/2024;03/11/2022;"FORTALEZA OESTE";01/07/2026;5;0;0;0;0;0;0;0;0;0;0;0;0;0;0;0;0;0;0;Nao;Desbloqueado;;TREINADO;;;;;;;;;;;;;;;;;;;;;;;;;;;;;;;;;
67257;"FARMACIA SAO JOSE";1522/125;16/08/2024;PI;"CAJUEIRO DA PRAIA";17/06/2015;16/08/2024;TERESINA;01/07/2026;1;0;0;0;0;0;0;0;0;0;0;0;0;0;0;0;0;0;0;Nao;Desbloqueado;;TRANSACIONAL;;;;;;;;;;;;;;;;;;;;;;;;;;;;;;;;;
250353;"QUEIROZ CALCADOS";0703/201;08/09/2023;CE;IRACEMA;15/01/2024;27/09/2023;"FORTALEZA LESTE";01/07/2026;167;0;0;0;0;0;0;0;0;0;0;0;0;0;0;0;0;0;0;Nao;Desbloqueado;;TREINADO;;;;;;;;;;;;;;;;;;;;;;;;;;;;;;;;;
418691;"Otica Piripiri LJ 003";5798/182;09/02/2026;PI;ESPERANTINA;03/10/2025;18/11/2025;TERESINA;29/06/2026;0;0;0;0;0;0;0;0;0;0;0;0;0;0;0;0;0;0;0;Nao;Desbloqueado;;TRANSACIONAL;;;;;;;;;;;;;;;;;;;;;;;;;;;;;;;;;
184680;"MERCADINHO PRINCESINHA";5387/118;28/07/2023;CE;MARTINOPOLE;04/09/2020;21/11/2024;"FORTALEZA OESTE";01/07/2026;75;0;0;0;0;725;0;0;0;0;0;0;0;0;0;0;0;0;0;Nao;Desbloqueado;;TREINADO;;;;;;;;;;;;;;;;;;;;;;;;;;;;;;;;;
251822;"MERCADINHO M E DE CARVALHO";0405/579;26/10/2023;PI;"MONSENHOR GIL";15/01/2024;14/11/2023;TERESINA;05/06/2026;0;0;0;0;0;0;0;0;0;0;0;0;0;0;0;0;0;0;0;Nao;Bloqueado;10/06/2026;TRANSACIONAL;;;;;;;;;;;;;;;;;;;;;;;;;;;;;;;;;
400206;FARMACENTRO;5446/106;02/01/2024;CE;PARAIPABA;15/01/2024;27/02/2026;"FORTALEZA OESTE";01/07/2026;57;0;0;0;0;0;0;0;0;0;0;0;0;0;0;0;0;0;0;Sim;Desbloqueado;;TREINADO;;;;;;;;;;;;;;;;;;;;;;;;;;;;;;;;;
403164;"Cibelle Modas";5798/167;06/06/2024;PI;MADEIRO;16/05/2024;10/06/2024;TERESINA;25/06/2026;0;0;0;0;0;0;0;0;0;0;0;0;0;0;0;0;0;0;0;Nao;Bloqueado;26/06/2026;TRANSACIONAL;;;;;;;;;;;;;;;;;;;;;;;;;;;;;;;;;
419128;"Casa Reinaldo";0405/785;05/11/2025;PI;TERESINA;21/10/2025;13/11/2025;TERESINA;01/07/2026;9;0;0;0;0;0;0;0;0;0;0;0;0;0;0;0;0;0;0;Sim;Desbloqueado;;TRANSACIONAL;;;;;;;;;;;;;;;;;;;;;;;;;;;;;;;;;
419250;"Farmacia Fortvida";0752/144;25/11/2025;CE;IBIAPINA;28/10/2025;04/12/2025;TERESINA;01/07/2026;9;1;1;1;0;0;0;0;0;0;0;0;0;0;0;0;0;0;0;Nao;Desbloqueado;;TREINADO;;;;;;;;;;;;;;;;;;;;;;;;;;;;;;;;;
423001;"Style Variedades";0752/145;20/03/2026;CE;UBAJARA;17/03/2026;31/03/2026;TERESINA;30/06/2026;0;0;0;0;0;0;0;0;0;0;0;0;0;0;0;0;0;0;0;Nao;Desbloqueado;;TREINADO;;;;;;;;;;;;;;;;;;;;;;;;;;;;;;;;;
424206;Techmix;0684/229;26/05/2026;CE;CRUZ;18/05/2026;09/06/2026;"FORTALEZA OESTE";01/07/2026;50;0;0;0;0;0;0;0;0;0;0;0;0;0;0;0;0;0;0;Nao;Desbloqueado;;TREINADO;;;;;;;;;;;;;;;;;;;;;;;;;;;;;;;;;
47457;"MERCADINHO DA FAMILIA";0985/095;31/10/2020;PI;"CAPITAO DE CAMPOS";28/08/2015;12/06/2024;TERESINA;01/07/2026;123;0;0;0;0;0;0;0;0;0;0;0;0;0;0;0;0;0;0;Nao;Desbloqueado;;TREINADO;;;;;;;;;;;;;;;;;;;;;;;;;;;;;;;;;
156633;"MERCADINHO TIO JOAO";5387/089;22/09/2023;CE;CAMOCIM;14/08/2023;04/11/2022;"FORTALEZA OESTE";01/07/2026;51;0;0;0;0;0;0;0;0;0;0;0;0;0;0;0;0;0;0;Nao;Desbloqueado;;TRANSACIONAL;;;;;;;;;;;;;;;;;;;;;;;;;;;;;;;;;
169483;"ORPAM MAGAZINE";1302/135;26/09/2023;CE;CANINDE;15/01/2024;10/08/2021;"FORTALEZA OESTE";08/06/2026;0;0;0;0;0;0;0;0;0;0;0;0;0;0;0;0;0;0;0;Nao;Bloqueado;10/06/2026;TRANSACIONAL;;;;;;;;;;;;;;;;;;;;;;;;;;;;;;;;;
236028;"MERCADINHO ADAO";0985/427;14/07/2022;PI;"ASSUNCAO DO PIAUI";15/01/2024;11/08/2022;TERESINA;01/07/2026;29;0;0;0;0;0;0;0;0;0;0;0;0;0;0;0;0;0;0;Nao;Desbloqueado;;TREINADO;;;;;;;;;;;;;;;;;;;;;;;;;;;;;;;;;
236248;"MELHOR FARMA";5798/158;19/09/2023;PI;ESPERANTINA;06/09/2022;18/08/2022;TERESINA;01/07/2026;15;0;0;0;0;0;0;0;0;0;0;0;0;0;0;0;0;0;0;Nao;Desbloqueado;;TREINADO;;;;;;;;;;;;;;;;;;;;;;;;;;;;;;;;;
407686;"Mercantil Sao Bento";0703/207;14/11/2024;CE;"SAO JOAO DO JAGUARIBE";08/11/2024;03/12/2024;"FORTALEZA LESTE";25/06/2026;0;0;0;0;0;0;0;0;0;0;0;0;0;0;0;0;0;0;0;Sim;Desbloqueado;;TRANSACIONAL;;;;;;;;;;;;;;;;;;;;;;;;;;;;;;;;;
411353;"Mercadinho do Auri";0765/146;23/04/2025;CE;OCARA;14/04/2025;20/05/2025;"FORTALEZA LESTE";29/06/2026;0;0;0;0;0;0;0;0;0;0;0;0;0;0;0;0;0;0;0;Sim;Desbloqueado;;TRANSACIONAL;;;;;;;;;;;;;;;;;;;;;;;;;;;;;;;;;
415998;"FRIGORIFICO POPULAR";0716/173;29/08/2025;CE;CASCAVEL;20/08/2025;24/10/2025;"FORTALEZA LESTE";30/06/2026;0;0;0;0;0;0;0;0;0;0;0;0;0;0;0;0;0;0;0;Sim;Desbloqueado;;TREINADO;;;;;;;;;;;;;;;;;;;;;;;;;;;;;;;;;
418140;"FARMACIA BASILIO";0628/098;05/01/2026;CE;FORTALEZA;24/09/2025;;"FORTALEZA OESTE";12/02/2026;0;0;0;0;0;0;0;0;0;0;0;0;0;0;0;0;0;0;0;Sim;Bloqueado;27/04/2026;TRANSACIONAL;;;;;;;;;;;;;;;;;;;;;;;;;;;;;;;;;
419800;"MERCADINHO ALVES";1302/226;04/12/2025;CE;CANINDE;22/11/2025;17/12/2025;"FORTALEZA OESTE";06/05/2026;0;0;0;0;0;0;0;0;0;0;0;0;0;0;0;0;0;0;0;Nao;Desbloqueado;;TREINADO;;;;;;;;;;;;;;;;;;;;;;;;;;;;;;;;;
185723;"TOP MOVEIS MESSEJANA";0713/140;01/08/2023;CE;FORTALEZA;15/01/2024;08/04/2025;"FORTALEZA LESTE";29/06/2026;0;0;0;0;0;0;0;0;0;0;0;0;0;0;0;0;0;0;0;Nao;Desbloqueado;;TREINADO;;;;;;;;;;;;;;;;;;;;;;;;;;;;;;;;;
413675;"POSTO DE MEDICAMENTOS CAMARA";0719/187;31/07/2025;CE;ITAPAJE;04/06/2025;13/08/2025;"FORTALEZA OESTE";01/07/2026;12;0;0;0;0;0;0;0;0;0;0;0;0;0;0;0;0;0;0;Sim;Desbloqueado;;TRANSACIONAL;;;;;;;;;;;;;;;;;;;;;;;;;;;;;;;;;
414194;"Tabosa Material De Construcao";0699/133;06/08/2025;CE;"SAO LUIS DO CURU";19/06/2025;12/08/2025;"FORTALEZA OESTE";01/07/2026;11;0;0;0;0;0;0;0;0;0;0;0;0;0;0;0;0;0;0;Nao;Desbloqueado;;TREINADO;;;;;;;;;;;;;;;;;;;;;;;;;;;;;;;;;
83181;"FARMACIA SAO GONCALO";0699/086;24/09/2020;CE;"SAO GONCALO DO AMARANTE";06/05/2015;11/06/2026;"FORTALEZA OESTE";01/07/2026;235;0;0;0;0;0;0;0;0;0;0;0;0;0;0;0;0;0;0;Sim;Desbloqueado;;TREINADO;;;;;;;;;;;;;;;;;;;;;;;;;;;;;;;;;
136902;"MERCADINHO JB";0937/454;27/06/2023;PI;GEMINIANO;07/08/2015;21/12/2022;TERESINA;01/07/2026;55;0;0;0;0;0;0;0;0;0;0;0;0;0;0;0;0;0;0;Sim;Desbloqueado;;TRANSACIONAL;;;;;;;;;;;;;;;;;;;;;;;;;;;;;;;;;
171059;"BAZIM CONSTRUCOES";0985/404;09/04/2022;PI;"SAO MIGUEL DO TAPUIO";25/09/2018;27/09/2023;TERESINA;01/07/2026;34;0;0;0;0;0;0;0;0;0;0;0;0;0;0;0;0;0;0;Nao;Desbloqueado;;TRANSACIONAL;;;;;;;;;;;;;;;;;;;;;;;;;;;;;;;;;
217515;"ELE MERCADINHO";5387/122;;CE;GRANJA;11/05/2021;06/05/2021;"FORTALEZA OESTE";01/07/2026;128;0;0;0;0;0;0;0;0;0;0;0;0;0;0;0;0;0;0;Sim;Desbloqueado;;TRANSACIONAL;;;;;;;;;;;;;;;;;;;;;;;;;;;;;;;;;
248370;"BELLOPE CALCADOS";5443/103;05/06/2023;CE;PARACURU;15/01/2024;24/07/2023;"FORTALEZA OESTE";01/07/2026;5;0;0;0;0;0;0;0;0;0;0;0;0;0;0;0;0;0;0;Nao;Desbloqueado;;TREINADO;;;;;;;;;;;;;;;;;;;;;;;;;;;;;;;;;
414596;"BARAO CONVENIENCIA";1522/280;11/07/2025;PI;PARNAIBA;08/07/2025;30/07/2025;TERESINA;01/07/2026;12;0;0;0;0;0;0;0;0;0;0;0;0;0;0;0;0;0;0;Nao;Desbloqueado;;TREINADO;;;;;;;;;;;;;;;;;;;;;;;;;;;;;;;;;
420114;"JA SHOP";5386/107;06/01/2026;CE;AQUIRAZ;04/12/2025;16/01/2026;"FORTALEZA LESTE";01/07/2026;5;0;0;0;0;0;0;0;0;0;0;0;0;0;0;0;0;0;0;Nao;Desbloqueado;;TREINADO;;;;;;;;;;;;;;;;;;;;;;;;;;;;;;;;;
422777;"Frigorifico Master Carnes";5447/142;12/03/2026;CE;PENTECOSTE;05/03/2026;23/03/2026;"FORTALEZA OESTE";01/07/2026;19;0;0;0;0;1200;2006;2006;0;0;0;0;0;0;0;1;1;0;0;Nao;Desbloqueado;;TREINADO;;;;;;;;;;;;;;;;;;;;;;;;;;;;;;;;;
164122;"DROGARIA RAMOS";0937/480;12/03/2025;PI;"ALEGRETE DO PIAUI";29/01/2018;30/05/2023;TERESINA;01/07/2026;57;0;0;0;0;0;0;0;0;0;0;0;0;0;0;0;0;0;0;Nao;Desbloqueado;;TRANSACIONAL;;;;;;;;;;;;;;;;;;;;;;;;;;;;;;;;;
181746;"MIRANDA VARIEDADES";0719/132;10/05/2021;CE;IRAUCUBA;14/10/2019;08/04/2025;"FORTALEZA OESTE";01/07/2026;79;0;0;0;0;0;0;0;0;0;0;0;0;0;0;0;0;0;0;Sim;Desbloqueado;;TREINADO;;;;;;;;;;;;;;;;;;;;;;;;;;;;;;;;;
188795;"MERCADINHO PRECO IDEAL";0704/141;04/06/2021;CE;ARACOIABA;26/05/2020;11/06/2025;"FORTALEZA LESTE";01/07/2026;50;0;0;0;0;0;0;0;0;0;0;0;0;0;0;0;0;0;0;Nao;Desbloqueado;;TREINADO;;;;;;;;;;;;;;;;;;;;;;;;;;;;;;;;;
238141;CENTERCELL;0703/188;24/04/2023;CE;ERERE;15/01/2024;23/08/2022;"FORTALEZA LESTE";01/07/2026;9;0;0;0;0;0;0;0;0;0;0;0;0;0;0;0;0;0;0;Nao;Desbloqueado;;TRANSACIONAL;;;;;;;;;;;;;;;;;;;;;;;;;;;;;;;;;
405887;"FORSTUNATA VARIEDADES";0985/346;17/09/2024;PI;"NOSSA SENHORA DE NAZARE";30/08/2024;27/09/2024;TERESINA;30/06/2026;0;0;0;0;0;0;0;0;0;0;0;0;0;0;0;0;0;0;0;Nao;Desbloqueado;;TRANSACIONAL;;;;;;;;;;;;;;;;;;;;;;;;;;;;;;;;;
88132;"DROGARIA SANTA LUZIA FILIAL";5792/074;27/02/2026;PI;"CAMPO LARGO DO PIAUI";15/01/2024;28/06/2024;TERESINA;01/07/2026;1;0;0;0;0;0;0;0;0;0;0;0;0;0;0;0;0;0;0;Nao;Desbloqueado;;TRANSACIONAL;;;;;;;;;;;;;;;;;;;;;;;;;;;;;;;;;
121585;"PAPELARIA COELHO E DAMASCENO";0685/130;01/08/2023;CE;ITAICABA;17/06/2015;08/08/2024;"FORTALEZA LESTE";01/07/2026;84;0;0;0;0;0;0;0;0;0;0;0;0;0;0;0;0;0;0;Sim;Desbloqueado;;TREINADO;;;;;;;;;;;;;;;;;;;;;;;;;;;;;;;;;
130325;"COMERCIAL SÃO GABRIEL";0937/452;23/05/2023;PI;BOCAINA;25/09/2017;17/02/2023;TERESINA;01/07/2026;102;0;0;0;0;0;0;0;0;0;0;0;0;0;0;0;0;0;0;Sim;Desbloqueado;;TRANSACIONAL;;;;;;;;;;;;;;;;;;;;;;;;;;;;;;;;;
409626;"Drogaria Magalhaes";5387/143;13/02/2025;CE;URUOCA;07/02/2025;13/06/2025;"FORTALEZA OESTE";01/07/2026;38;0;0;0;0;0;0;0;0;0;0;0;0;0;0;0;0;0;0;Sim;Desbloqueado;;TREINADO;;;;;;;;;;;;;;;;;;;;;;;;;;;;;;;;;
418787;"Farmacia Santa Terezinha";0703/215;22/10/2025;CE;ERERE;08/10/2025;27/10/2025;"FORTALEZA LESTE";01/07/2026;42;0;0;0;0;0;0;0;0;0;0;0;0;0;0;0;0;0;0;Nao;Desbloqueado;;TREINADO;;;;;;;;;;;;;;;;;;;;;;;;;;;;;;;;;
420055;"Mercadinho Gomes De Melo";0715/170;15/12/2025;CE;CAMOCIM;03/12/2025;26/01/2026;"FORTALEZA OESTE";01/07/2026;7;0;0;0;0;0;0;0;0;0;0;0;0;0;0;0;0;0;0;Sim;Desbloqueado;;TREINADO;;;;;;;;;;;;;;;;;;;;;;;;;;;;;;;;;
422328;"Mercadinho Kipreco";0937/776;11/02/2026;PI;"SAO JULIAO";06/02/2026;;TERESINA;01/07/2026;8;0;0;0;0;0;0;0;0;0;0;0;0;0;0;0;0;0;0;Sim;Desbloqueado;;TRANSACIONAL;;;;;;;;;;;;;;;;;;;;;;;;;;;;;;;;;
72163;"ALBUQUERQUE EMPLACAMENTOS";0628/063;;CE;FORTALEZA;27/01/2016;;"FORTALEZA OESTE";11/06/2026;0;0;0;0;0;0;0;0;0;0;0;0;0;0;0;0;0;0;0;Nao;Desbloqueado;;TRANSACIONAL;;;;;;;;;;;;;;;;;;;;;;;;;;;;;;;;;
121045;"HELI DA SILVA VARIEDADES";0937/431;07/08/2021;PI;"ISAIAS COELHO";19/08/2015;18/10/2024;TERESINA;01/07/2026;159;0;0;0;0;0;0;0;0;0;0;0;0;0;0;0;0;0;0;Sim;Desbloqueado;;TREINADO;;;;;;;;;;;;;;;;;;;;;;;;;;;;;;;;;
134090;PLANTOFARMA;5798/106;18/06/2021;PI;ESPERANTINA;31/03/2020;24/10/2024;TERESINA;01/07/2026;42;0;0;0;0;0;0;0;0;0;0;0;0;0;0;0;0;0;0;Nao;Desbloqueado;;TREINADO;;;;;;;;;;;;;;;;;;;;;;;;;;;;;;;;;
147446;"SUPER JR MERCANTIL";5415/179;12/11/2025;CE;FORQUILHA;29/01/2016;21/11/2025;"FORTALEZA OESTE";01/07/2026;18;0;0;0;0;0;0;0;0;0;0;0;0;0;0;0;0;0;0;Sim;Desbloqueado;;TRANSACIONAL;;;;;;;;;;;;;;;;;;;;;;;;;;;;;;;;;
164541;"ANCORA DISTRIBUIDORA 0001";0693/111;23/09/2020;CE;MARACANAU;15/01/2024;26/11/2024;"FORTALEZA OESTE";01/07/2026;99;0;0;0;0;0;0;0;0;0;0;0;0;0;0;0;0;0;0;Nao;Desbloqueado;;TREINADO;;;;;;;;;;;;;;;;;;;;;;;;;;;;;;;;;
217474;FARMACENTER;0937/533;07/02/2022;PI;"SANTO ANTONIO DE LISBOA";03/10/2022;30/08/2022;TERESINA;01/07/2026;139;1;1;1;0;0;0;0;0;0;0;0;0;0;0;0;0;1;0;Sim;Desbloqueado;;TREINADO;;;;;;;;;;;;;;;;;;;;;;;;;;;;;;;;;
239095;"MERCADINHO PADRE CICERO";0458/352;07/05/2026;CE;ALCANTARAS;14/06/2023;09/11/2022;"FORTALEZA OESTE";01/07/2026;11;0;0;0;0;0;0;0;0;0;0;0;0;0;0;0;0;0;0;Nao;Desbloqueado;;TRANSACIONAL;;;;;;;;;;;;;;;;;;;;;;;;;;;;;;;;;
246895;"MERCADINHO JATAHY";0610/092;20/06/2024;CE;FORTALEZA;15/01/2024;27/10/2023;"FORTALEZA OESTE";24/07/2024;0;0;0;0;0;0;0;0;0;0;0;0;0;0;0;0;0;0;0;Nao;Bloqueado;26/07/2024;TRANSACIONAL;;;;;;;;;;;;;;;;;;;;;;;;;;;;;;;;;
156781;"MERCADINHO AREIA";5795/105;07/08/2021;PI;"SAO JOAO DA SERRA";04/01/2019;14/07/2022;TERESINA;01/07/2026;173;0;0;0;0;0;0;0;0;0;0;0;0;0;0;0;0;0;0;Sim;Desbloqueado;;TREINADO;;;;;;;;;;;;;;;;;;;;;;;;;;;;;;;;;
232587;FARMANET;0937/554;02/05/2024;PI;SUSSUAPARA;15/01/2024;19/03/2024;TERESINA;01/07/2026;28;0;0;0;0;0;0;0;0;0;0;0;0;0;0;0;0;0;0;Nao;Desbloqueado;;TRANSACIONAL;;;;;;;;;;;;;;;;;;;;;;;;;;;;;;;;;
243206;"ATACAREJO SAO MATEUS";0985/430;12/12/2022;PI;"ASSUNCAO DO PIAUI";15/01/2024;08/04/2026;TERESINA;01/07/2026;4;0;0;0;0;0;0;0;0;0;0;0;0;0;0;0;0;0;0;Nao;Desbloqueado;;TREINADO;;;;;;;;;;;;;;;;;;;;;;;;;;;;;;;;;
404796;"Boutique Socorro Matos";5447/127;29/08/2024;CE;APUIARES;22/07/2024;19/09/2024;"FORTALEZA OESTE";01/07/2026;101;0;0;0;0;0;0;0;0;0;0;0;0;0;0;0;0;0;0;Nao;Desbloqueado;;TREINADO;;;;;;;;;;;;;;;;;;;;;;;;;;;;;;;;;
139942;"ITA MERCANTIL";0704/119;24/07/2023;CE;ITAPIUNA;18/05/2015;10/06/2026;"FORTALEZA LESTE";01/07/2026;33;0;0;0;0;0;0;0;0;0;0;0;0;0;0;0;0;0;0;Sim;Desbloqueado;;TREINADO;;;;;;;;;;;;;;;;;;;;;;;;;;;;;;;;;
174853;"LELEO CALCADOS";5367/129;17/08/2023;CE;MARCO;15/01/2024;05/03/2026;"FORTALEZA OESTE";01/07/2026;134;0;0;0;0;0;0;0;0;0;0;0;0;0;0;0;0;0;0;Sim;Desbloqueado;;TREINADO;;;;;;;;;;;;;;;;;;;;;;;;;;;;;;;;;
185844;"ZE INALDO MOTO PECAS";0405/522;03/06/2025;PI;"AGUA BRANCA";15/01/2024;06/12/2022;TERESINA;30/06/2026;0;0;0;0;0;0;0;0;0;0;0;0;0;0;0;0;0;0;0;Nao;Desbloqueado;;TRANSACIONAL;;;;;;;;;;;;;;;;;;;;;;;;;;;;;;;;;
248658;"ED FARMA";0704/171;16/06/2023;CE;ARATUBA;15/01/2024;27/06/2023;"FORTALEZA LESTE";01/07/2026;41;0;0;0;0;0;0;0;0;0;0;0;0;0;0;0;0;0;0;Nao;Desbloqueado;;TREINADO;;;;;;;;;;;;;;;;;;;;;;;;;;;;;;;;;
255051;"LEMOS SUPERMERCADO";0649/128;13/12/2023;CE;MARACANAU;15/01/2024;22/01/2024;"FORTALEZA OESTE";01/07/2026;115;0;0;0;0;0;0;0;0;0;0;0;0;0;0;0;0;0;0;Nao;Desbloqueado;;TREINADO;;;;;;;;;;;;;;;;;;;;;;;;;;;;;;;;;
423772;"PRIMO CELL";5438/133;30/04/2026;CE;"MORADA NOVA";23/04/2026;28/05/2026;"FORTALEZA LESTE";03/06/2026;0;0;0;0;0;0;0;0;0;0;0;0;0;0;0;0;0;0;0;Nao;Desbloqueado;;TREINADO;;;;;;;;;;;;;;;;;;;;;;;;;;;;;;;;;
55632;"MERCADINHO ALCIONE";0937/213;;PI;SUSSUAPARA;25/11/2015;16/11/2021;TERESINA;01/07/2026;7;0;0;0;0;0;0;0;0;0;0;0;0;0;0;0;0;0;0;Nao;Desbloqueado;;TRANSACIONAL;;;;;;;;;;;;;;;;;;;;;;;;;;;;;;;;;
171937;"FARMACIA RAILANE";0937/507;20/07/2023;PI;"ISAIAS COELHO";06/02/2019;26/10/2023;TERESINA;01/07/2026;126;0;0;0;0;0;0;0;0;0;0;0;0;0;0;1;0;2;20;Sim;Desbloqueado;;TREINADO;;;;;;;;;;;;;;;;;;;;;;;;;;;;;;;;;
242809;"SUPERMERCADO OPCAO FILIAL 0002";5806/131;26/03/2025;PI;"PEDRO II";15/01/2024;23/01/2023;TERESINA;20/03/2026;0;0;0;0;0;0;0;0;0;0;0;0;0;0;0;0;0;0;0;Nao;Bloqueado;24/03/2026;TRANSACIONAL;;;;;;;;;;;;;;;;;;;;;;;;;;;;;;;;;
410966;"Sonho De Crianca Moda Infantil";5304/132;07/04/2025;CE;AQUIRAZ;01/04/2025;05/05/2025;"FORTALEZA LESTE";01/07/2026;16;0;0;0;0;0;0;0;0;0;0;0;0;0;0;0;0;0;0;Nao;Desbloqueado;;TREINADO;;;;;;;;;;;;;;;;;;;;;;;;;;;;;;;;;
412503;"Mercadinho Sao Francisco";1302/225;05/06/2025;CE;PARAMOTI;09/05/2025;26/06/2025;"FORTALEZA OESTE";01/07/2026;11;0;0;0;0;0;0;0;0;0;0;0;0;0;0;0;0;0;0;Nao;Desbloqueado;;TRANSACIONAL;;;;;;;;;;;;;;;;;;;;;;;;;;;;;;;;;
418748;"Rogerio Motos Pecas E Acessorios";0684/222;;CE;CRUZ;04/10/2025;26/11/2025;"FORTALEZA OESTE";26/03/2026;0;0;0;0;0;0;0;0;0;0;0;0;0;0;0;0;0;0;0;Nao;Desbloqueado;;TREINADO;;;;;;;;;;;;;;;;;;;;;;;;;;;;;;;;;
424285;"AG 0937 PICOS";0937/783;03/06/2026;PI;PICOS;20/05/2026;;TERESINA;01/07/2026;0;1;0;1;0;0;0;0;0;0;0;0;0;1;0;0;0;0;0;Nao;Desbloqueado;;TRANSACIONAL;;;;;;;;;;;;;;;;;;;;;;;;;;;;;;;;;
45826;"CASA SÃO FRANCISCO";0702/149;01/06/2022;CE;SOBRAL;06/05/2015;20/08/2024;"FORTALEZA OESTE";01/07/2026;38;0;0;0;0;0;0;0;0;0;0;0;0;0;0;0;0;0;0;Nao;Desbloqueado;;TRANSACIONAL;;;;;;;;;;;;;;;;;;;;;;;;;;;;;;;;;
99155;"BROTHER NET TEIXEIRA ME";5367/138;24/11/2021;CE;"JIJOCA DE JERICOACOARA";30/09/2021;20/05/2026;"FORTALEZA OESTE";01/07/2026;289;0;0;0;0;0;0;0;0;0;0;0;0;0;0;0;0;0;0;Sim;Desbloqueado;;TREINADO;;;;;;;;;;;;;;;;;;;;;;;;;;;;;;;;;
152976;"J ALVES E OLIVEIRA-0042";1579/172;;CE;MARANGUAPE;15/01/2024;08/06/2018;"FORTALEZA OESTE";01/07/2026;19;0;0;0;0;0;0;0;0;0;0;0;0;0;0;0;0;0;0;Nao;Desbloqueado;;TRANSACIONAL;;;;;;;;;;;;;;;;;;;;;;;;;;;;;;;;;
408724;"Loja De Moveis Sao Joaquim";0702/178;27/12/2024;CE;SOBRAL;18/12/2024;23/01/2025;"FORTALEZA OESTE";01/07/2026;8;0;0;0;0;0;0;0;0;0;0;0;0;0;0;0;0;0;0;Nao;Desbloqueado;;TRANSACIONAL;;;;;;;;;;;;;;;;;;;;;;;;;;;;;;;;;
418015;Connect+;0726/175;27/09/2025;CE;TIANGUA;23/09/2025;09/10/2025;TERESINA;01/07/2026;19;1;0;1;0;0;0;0;0;0;0;0;0;1;0;0;0;1;0;Nao;Desbloqueado;;TREINADO;;;;;;;;;;;;;;;;;;;;;;;;;;;;;;;;;
83792;"FARMACIA SANTO ANTONIO";5792/088;13/07/2023;PI;BATALHA;13/05/2015;10/06/2026;TERESINA;01/07/2026;167;0;0;0;0;0;0;0;0;0;0;0;0;0;0;0;0;0;0;Sim;Desbloqueado;;TREINADO;;;;;;;;;;;;;;;;;;;;;;;;;;;;;;;;;
132628;"SUPERMERCADO MARQUES";5367/083;27/07/2023;CE;MORRINHOS;19/05/2015;12/05/2026;"FORTALEZA OESTE";01/07/2026;187;0;0;0;0;0;0;0;0;0;0;0;0;0;0;0;0;0;0;Sim;Desbloqueado;;TREINADO;;;;;;;;;;;;;;;;;;;;;;;;;;;;;;;;;
187219;"FARMACIA FIQUE BEM";5438/100;13/09/2023;CE;"MORADA NOVA";04/09/2020;26/02/2024;"FORTALEZA LESTE";01/07/2026;310;0;0;0;0;0;0;0;0;0;0;0;0;0;0;0;0;0;0;Nao;Desbloqueado;;TREINADO;;;;;;;;;;;;;;;;;;;;;;;;;;;;;;;;;
242211;"MERCADINHO POMPEU";0684/192;23/08/2023;CE;ACARAU;25/01/2023;12/02/2026;"FORTALEZA OESTE";01/07/2026;66;0;0;0;0;0;0;0;0;0;0;0;0;0;0;0;0;0;0;Nao;Desbloqueado;;TREINADO;;;;;;;;;;;;;;;;;;;;;;;;;;;;;;;;;
421703;"Mercadao Das Pecas";5808/218;21/01/2026;PI;PIRIPIRI;07/01/2026;05/02/2026;TERESINA;01/07/2026;3;0;0;0;0;0;0;0;0;0;0;0;0;0;0;0;0;0;0;Nao;Desbloqueado;;TREINADO;;;;;;;;;;;;;;;;;;;;;;;;;;;;;;;;;
82525;"COMERCIAL SAO RAIMUNDO";5792/060;18/06/2021;PI;BARRAS;13/05/2015;10/10/2024;TERESINA;01/07/2026;108;0;0;0;0;0;0;0;0;0;0;0;0;0;0;0;0;0;0;Nao;Desbloqueado;;TREINADO;;;;;;;;;;;;;;;;;;;;;;;;;;;;;;;;;
157497;"COMERCIO VALDERI CAIOCA";1351/283;11/08/2023;CE;MIRAIMA;26/11/2018;21/07/2022;"FORTALEZA OESTE";01/07/2026;35;0;0;0;0;0;0;0;0;0;0;0;0;0;0;0;0;0;0;Nao;Desbloqueado;;TREINADO;;;;;;;;;;;;;;;;;;;;;;;;;;;;;;;;;
206551;"MERCADINHO 2 IRMAOS";5366/085;13/09/2023;CE;BEBERIBE;15/01/2024;15/01/2026;"FORTALEZA LESTE";01/07/2026;37;0;0;0;0;0;0;0;0;0;0;0;0;0;0;0;0;0;0;Nao;Desbloqueado;;TREINADO;;;;;;;;;;;;;;;;;;;;;;;;;;;;;;;;;
219247;"DROGARIA LIMA MAIA";5438/103;09/01/2025;CE;"MORADA NOVA";15/01/2024;17/03/2025;"FORTALEZA LESTE";01/07/2026;140;0;0;0;0;0;0;0;0;0;0;0;0;0;0;0;0;0;0;Nao;Desbloqueado;;TRANSACIONAL;;;;;;;;;;;;;;;;;;;;;;;;;;;;;;;;;
248496;"MERCADINHO BOM VIZINHO";0765/136;30/11/2023;CE;OCARA;21/12/2023;19/12/2023;"FORTALEZA LESTE";01/07/2026;19;0;0;0;0;0;0;0;0;0;0;0;0;0;0;0;0;0;0;Nao;Desbloqueado;;TRANSACIONAL;;;;;;;;;;;;;;;;;;;;;;;;;;;;;;;;;
248557;"M PEREIRA CONSTRUCOES";1522/268;16/06/2023;PI;"LUIS CORREIA";15/01/2024;04/07/2023;TERESINA;01/07/2026;66;0;0;0;0;0;0;0;0;0;0;0;0;0;0;0;0;0;0;Sim;Desbloqueado;;TREINADO;;;;;;;;;;;;;;;;;;;;;;;;;;;;;;;;;
45951;"MERCANTIL SERAFIM";0703/083;05/06/2025;CE;POTIRETAMA;12/12/2016;16/06/2025;"FORTALEZA LESTE";01/07/2026;88;0;0;0;0;0;0;0;0;0;0;0;0;0;0;0;0;0;0;Nao;Desbloqueado;;TRANSACIONAL;;;;;;;;;;;;;;;;;;;;;;;;;;;;;;;;;
204619;"MERCANTIL O IRMAO";0719/144;02/07/2021;CE;TEJUCUOCA;11/05/2021;18/09/2025;"FORTALEZA OESTE";01/07/2026;23;0;0;0;0;0;0;0;0;0;0;0;0;0;0;0;0;0;0;Nao;Desbloqueado;;TREINADO;;;;;;;;;;;;;;;;;;;;;;;;;;;;;;;;;
222910;"MERCADO ANDERSON";0703/172;19/12/2022;CE;"TABULEIRO DO NORTE";15/01/2024;;"FORTALEZA LESTE";09/04/2026;0;0;0;0;0;0;0;0;0;0;0;0;0;0;0;0;0;0;0;Nao;Desbloqueado;;TRANSACIONAL;;;;;;;;;;;;;;;;;;;;;;;;;;;;;;;;;
253214;"SUPER TELEFRANGO 0006";5449/144;26/10/2023;CE;REDENCAO;15/01/2024;06/12/2023;"FORTALEZA LESTE";01/07/2026;7;0;0;0;0;0;0;0;0;0;0;0;0;0;0;0;0;0;0;Nao;Desbloqueado;;TREINADO;;;;;;;;;;;;;;;;;;;;;;;;;;;;;;;;;
403457;"Super Lili";0765/138;12/06/2024;CE;OCARA;28/05/2024;27/06/2024;"FORTALEZA LESTE";01/07/2026;6;0;0;0;0;0;0;0;0;0;0;0;0;0;0;0;0;0;0;Nao;Desbloqueado;;TRANSACIONAL;;;;;;;;;;;;;;;;;;;;;;;;;;;;;;;;;
408863;"Mercadinho Esperanca";3848/251;06/01/2025;PI;BENEDITINOS;27/12/2024;15/01/2025;TERESINA;30/06/2026;0;0;0;0;0;0;0;0;0;0;0;0;0;0;0;0;0;0;0;Nao;Desbloqueado;;TRANSACIONAL;;;;;;;;;;;;;;;;;;;;;;;;;;;;;;;;;
409592;"Mercantil Central";0458/425;17/02/2025;CE;FRECHEIRINHA;06/02/2025;21/08/2025;"FORTALEZA OESTE";01/07/2026;18;0;0;0;0;0;0;0;0;0;0;0;0;0;0;0;0;0;0;Sim;Desbloqueado;;TRANSACIONAL;;;;;;;;;;;;;;;;;;;;;;;;;;;;;;;;;
418791;"FABIO CELL";0715/168;21/10/2025;CE;BARROQUINHA;08/10/2025;27/10/2025;"FORTALEZA OESTE";01/07/2026;132;0;0;0;0;0;0;0;0;0;0;0;0;0;0;0;0;0;0;Nao;Desbloqueado;;TREINADO;;;;;;;;;;;;;;;;;;;;;;;;;;;;;;;;;
422468;"FG FARMA";1579/231;20/02/2026;CE;MARANGUAPE;12/02/2026;05/03/2026;"FORTALEZA OESTE";29/05/2026;0;0;0;0;0;0;0;0;0;0;0;0;0;0;0;0;0;0;0;Nao;Desbloqueado;;TREINADO;;;;;;;;;;;;;;;;;;;;;;;;;;;;;;;;;
423758;"Comercial O Gleyson";5415/182;27/04/2026;CE;"SENADOR SA";23/04/2026;22/05/2026;"FORTALEZA OESTE";01/07/2026;27;0;0;0;0;0;0;0;0;0;0;0;0;0;0;0;0;0;0;Nao;Desbloqueado;;TRANSACIONAL;;;;;;;;;;;;;;;;;;;;;;;;;;;;;;;;;
60722;"COMERCIAL SIGEFREDO";0985/135;13/07/2023;PI;"SIGEFREDO PACHECO";10/08/2015;07/08/2024;TERESINA;01/07/2026;142;0;0;0;0;0;0;0;0;0;0;0;0;0;0;0;0;0;0;Sim;Desbloqueado;;TREINADO;;;;;;;;;;;;;;;;;;;;;;;;;;;;;;;;;
220242;"1001 COISAS";2214/093;30/07/2024;CE;FORTALEZA;31/03/2022;14/08/2024;"FORTALEZA LESTE";01/07/2026;17;0;0;0;0;0;0;0;0;0;0;0;0;0;0;0;0;0;0;Nao;Desbloqueado;;TREINADO;;;;;;;;;;;;;;;;;;;;;;;;;;;;;;;;;
233330;"CRYS FASHION";0685/204;;CE;ICAPUI;15/01/2024;;"FORTALEZA LESTE";01/07/2026;12;0;0;0;0;0;0;0;0;0;0;0;0;0;0;0;0;0;0;Nao;Desbloqueado;;TRANSACIONAL;;;;;;;;;;;;;;;;;;;;;;;;;;;;;;;;;
165320;"COMERCIAL DE DEUSA";0405/119;26/02/2026;PI;"MIGUEL LEAO";01/04/2020;14/02/2023;TERESINA;01/07/2026;13;0;0;0;0;0;0;0;0;0;0;0;0;0;0;0;0;0;0;Nao;Desbloqueado;;TRANSACIONAL;;;;;;;;;;;;;;;;;;;;;;;;;;;;;;;;;
238726;"SUPERMERCADO BARROSO";0937/724;27/01/2023;PI;"AROEIRAS DO ITAIM";15/01/2024;19/12/2022;TERESINA;01/07/2026;44;0;0;0;0;0;0;0;0;0;0;0;0;0;0;0;0;0;0;Nao;Desbloqueado;;TRANSACIONAL;;;;;;;;;;;;;;;;;;;;;;;;;;;;;;;;;
402421;"Mercado Henes";0719/171;19/04/2024;CE;IRAUCUBA;10/04/2024;;"FORTALEZA OESTE";05/05/2026;0;0;0;0;0;0;0;0;0;0;0;0;0;0;0;0;0;0;0;Sim;Bloqueado;05/05/2026;TRANSACIONAL;;;;;;;;;;;;;;;;;;;;;;;;;;;;;;;;;
418373;"SUPER TELEFRANGO 0008";5449/171;13/10/2025;CE;ACARAPE;30/09/2025;07/11/2025;"FORTALEZA LESTE";30/06/2026;0;0;0;0;0;0;0;0;0;0;0;0;0;0;0;0;0;0;0;Nao;Desbloqueado;;TREINADO;;;;;;;;;;;;;;;;;;;;;;;;;;;;;;;;;
420262;"CASA DOS RECEPTORES";0726/278;23/12/2025;CE;"VICOSA DO CEARA";16/12/2025;21/05/2026;TERESINA;01/07/2026;0;0;0;0;0;0;0;0;0;0;0;0;0;0;0;0;0;0;0;Nao;Desbloqueado;;TREINADO;;;;;;;;;;;;;;;;;;;;;;;;;;;;;;;;;
44568;"COMERCIAL FROTA";5387/076;31/07/2023;CE;MARTINOPOLE;13/05/2015;25/06/2024;"FORTALEZA OESTE";01/07/2026;198;0;0;0;0;0;0;0;0;0;0;0;0;0;0;0;0;0;0;Sim;Desbloqueado;;TREINADO;;;;;;;;;;;;;;;;;;;;;;;;;;;;;;;;;
58237;"MERCADINHO PAULO SERGIO";0985/127;30/11/2020;PI;"SIGEFREDO PACHECO";13/08/2015;08/08/2024;TERESINA;01/07/2026;119;0;0;0;0;0;0;0;0;0;0;0;0;0;0;0;0;0;0;Nao;Desbloqueado;;TREINADO;;;;;;;;;;;;;;;;;;;;;;;;;;;;;;;;;
204988;"CASA SHALOM";0405/527;26/04/2024;PI;"MONSENHOR GIL";19/10/2020;18/05/2022;TERESINA;01/07/2026;26;0;0;0;0;0;0;0;0;0;0;0;0;0;0;0;0;0;0;Nao;Desbloqueado;;TRANSACIONAL;;;;;;;;;;;;;;;;;;;;;;;;;;;;;;;;;
245908;"TOP VISAO OTICA";5304/126;16/09/2023;CE;AQUIRAZ;15/01/2024;05/02/2026;"FORTALEZA LESTE";01/07/2026;93;0;0;0;0;0;0;0;0;0;0;0;0;0;0;0;0;0;0;Nao;Desbloqueado;;TREINADO;;;;;;;;;;;;;;;;;;;;;;;;;;;;;;;;;
408942;"IOSO ACESSORIOS";1234/129;30/03/2026;CE;FORTALEZA;04/01/2025;09/04/2026;"FORTALEZA OESTE";01/07/2026;8;2;1;2;0;0;0;0;0;0;0;0;0;0;0;0;0;0;0;Nao;Desbloqueado;;TREINADO;;;;;;;;;;;;;;;;;;;;;;;;;;;;;;;;;
423698;"Alexandre Mercadinho E Magazine";5449/174;27/04/2026;CE;REDENCAO;20/04/2026;;"FORTALEZA LESTE";01/07/2026;7;0;0;0;0;0;0;0;0;0;0;0;0;0;0;0;0;0;0;Sim;Desbloqueado;;TRANSACIONAL;;;;;;;;;;;;;;;;;;;;;;;;;;;;;;;;;
88695;"COMERCIAL SENHOR DO BOMFIM";5792/094;23/08/2023;PI;PORTO;06/04/2020;27/08/2024;TERESINA;01/07/2026;78;1;1;0;0;0;0;0;0;0;0;0;0;0;0;0;0;0;0;Sim;Desbloqueado;;TREINADO;;;;;;;;;;;;;;;;;;;;;;;;;;;;;;;;;
182045;FARMACENTER;0937/519;;PI;GEMINIANO;27/11/2019;23/01/2020;TERESINA;01/07/2026;4;0;0;0;0;0;0;0;0;0;0;0;0;0;0;0;0;0;0;Nao;Desbloqueado;;TRANSACIONAL;;;;;;;;;;;;;;;;;;;;;;;;;;;;;;;;;
230050;"FACIL FARMA";1302/173;03/03/2022;CE;ITATIRA;15/01/2024;21/03/2022;"FORTALEZA OESTE";01/07/2026;21;0;0;0;0;0;0;0;0;0;0;0;0;0;0;0;0;0;0;Nao;Desbloqueado;;TREINADO;;;;;;;;;;;;;;;;;;;;;;;;;;;;;;;;;
250924;"FARMACIA NOSSA SENHORA APARECIDA";3848/237;20/10/2025;PI;ALTOS;15/01/2024;28/09/2023;TERESINA;01/07/2026;26;0;0;0;0;0;0;0;0;0;0;0;0;0;0;0;0;0;0;Nao;Desbloqueado;;TRANSACIONAL;;;;;;;;;;;;;;;;;;;;;;;;;;;;;;;;;
86446;"COMERCIAL KENNEDY";5792/097;06/11/2020;PI;"NOSSA SENHORA DOS REMEDIOS";06/04/2020;19/07/2024;TERESINA;01/07/2026;98;0;0;0;0;0;0;0;0;0;0;0;0;0;0;0;0;0;0;Sim;Desbloqueado;;TREINADO;;;;;;;;;;;;;;;;;;;;;;;;;;;;;;;;;
204621;"DANNIELY VARIEDADES";1302/157;04/01/2022;CE;ITATIRA;15/01/2024;21/01/2026;"FORTALEZA OESTE";01/07/2026;175;0;0;0;0;1350;0;0;0;0;0;0;0;0;0;0;0;0;0;Sim;Desbloqueado;;TREINADO;;;;;;;;;;;;;;;;;;;;;;;;;;;;;;;;;
229552;"FARMACIA SAO RAFAEL";0458/338;16/02/2022;CE;GROAIRAS;31/08/2022;10/03/2022;"FORTALEZA OESTE";01/07/2026;81;0;0;0;0;0;0;0;0;0;0;0;0;0;0;0;0;0;0;Sim;Desbloqueado;;TREINADO;;;;;;;;;;;;;;;;;;;;;;;;;;;;;;;;;
251212;"STHEFANY VARIEDADES";0985/432;02/10/2023;PI;"CASTELO DO PIAUI";15/01/2024;28/11/2023;TERESINA;01/07/2026;4;0;0;0;0;0;0;0;0;0;0;0;0;0;0;0;0;0;0;Nao;Desbloqueado;;TRANSACIONAL;;;;;;;;;;;;;;;;;;;;;;;;;;;;;;;;;
401707;"Tem De Tudo Variedades";0719/176;03/09/2024;CE;ITAPAJE;05/03/2024;08/04/2025;"FORTALEZA OESTE";01/07/2026;10;0;0;0;0;0;0;0;0;0;0;0;0;0;0;0;0;0;0;Nao;Desbloqueado;;TREINADO;;;;;;;;;;;;;;;;;;;;;;;;;;;;;;;;;
418491;"Vtec Solucoes";5387/167;07/10/2025;CE;GRANJA;01/10/2025;23/10/2025;"FORTALEZA OESTE";01/07/2026;13;0;0;0;0;0;0;0;0;0;0;0;0;0;0;0;0;0;0;Nao;Desbloqueado;;TRANSACIONAL;;;;;;;;;;;;;;;;;;;;;;;;;;;;;;;;;
164949;"FARMACIA SANTA TEREZINHA";5365/095;25/07/2023;CE;BATURITE;29/03/2018;18/04/2023;"FORTALEZA LESTE";01/07/2026;2;0;0;0;0;0;0;0;0;0;0;0;0;0;0;0;0;0;0;Nao;Desbloqueado;;TREINADO;;;;;;;;;;;;;;;;;;;;;;;;;;;;;;;;;
419906;"TOP MÓVEIS – PARACURU 0048";5443/113;05/12/2025;CE;PARACURU;28/11/2025;16/12/2025;"FORTALEZA OESTE";01/07/2026;1;0;0;0;0;0;0;0;0;0;0;0;0;0;0;0;0;0;0;Nao;Desbloqueado;;TREINADO;;;;;;;;;;;;;;;;;;;;;;;;;;;;;;;;;
419928;"REIMAR SUPERMERCADOS 0008";0711/133;16/12/2025;CE;HORIZONTE;01/12/2025;21/01/2026;"FORTALEZA LESTE";01/07/2026;26;0;0;0;0;0;0;0;0;0;0;0;0;0;0;0;0;0;0;Sim;Desbloqueado;;TREINADO;;;;;;;;;;;;;;;;;;;;;;;;;;;;;;;;;
143510;"COMERCIAL SANTO ANTONIO";0854/104;26/05/2025;MA;TIMON;15/01/2024;06/06/2025;TERESINA;01/07/2026;9;0;0;0;0;0;0;0;0;0;0;0;0;0;0;0;0;0;0;Sim;Desbloqueado;;TRANSACIONAL;;;;;;;;;;;;;;;;;;;;;;;;;;;;;;;;;
153609;"DROGA CENTER";5790/095;;PI;ALTOS;15/01/2024;;TERESINA;01/07/2026;64;0;0;0;0;0;0;0;0;0;0;0;0;0;0;0;0;0;0;Nao;Desbloqueado;;TRANSACIONAL;;;;;;;;;;;;;;;;;;;;;;;;;;;;;;;;;
243054;"A BOUTIQUE MS";1781/138;24/10/2023;CE;"LIMOEIRO DO NORTE";15/01/2024;23/04/2024;"FORTALEZA LESTE";03/06/2026;0;0;0;0;0;0;0;0;0;0;0;0;0;0;0;0;0;0;0;Nao;Desbloqueado;;TRANSACIONAL;;;;;;;;;;;;;;;;;;;;;;;;;;;;;;;;;
251646;"ELETROLAR 0008";5098/084;04/10/2023;CE;"ALTO SANTO";15/01/2024;26/01/2024;"FORTALEZA LESTE";01/07/2026;71;0;0;0;0;0;0;0;0;0;0;0;0;0;0;0;0;0;0;Nao;Desbloqueado;;TREINADO;;;;;;;;;;;;;;;;;;;;;;;;;;;;;;;;;
159670;"MERCADINHO GRANDAO";0649/092;05/08/2025;CE;FORTALEZA;26/09/2022;16/05/2022;"FORTALEZA OESTE";01/07/2026;17;0;0;0;0;0;0;0;0;0;0;0;0;0;0;0;0;0;0;Nao;Desbloqueado;;TREINADO;;;;;;;;;;;;;;;;;;;;;;;;;;;;;;;;;
253212;"SUPER TELEFRANGO 0005";0645/141;26/10/2023;CE;FORTALEZA;15/01/2024;11/12/2023;"FORTALEZA OESTE";01/07/2026;22;0;0;0;0;0;0;0;0;0;0;0;0;0;0;0;0;0;0;Nao;Desbloqueado;;TRANSACIONAL;;;;;;;;;;;;;;;;;;;;;;;;;;;;;;;;;
402415;"MERCADINHO PINHEIRO";0702/173;19/04/2024;CE;SOBRAL;10/04/2024;;"FORTALEZA OESTE";01/07/2026;12;0;0;0;0;0;0;0;0;0;0;0;0;0;0;0;0;0;0;Nao;Desbloqueado;;TRANSACIONAL;;;;;;;;;;;;;;;;;;;;;;;;;;;;;;;;;
177515;"FRIGORIFICO CHIQUINHO DOS CARNEIROS";0645/124;19/04/2024;CE;FORTALEZA;11/05/2021;29/04/2021;"FORTALEZA OESTE";30/06/2026;0;0;0;0;0;0;0;0;0;0;0;0;0;0;0;0;0;0;0;Nao;Desbloqueado;;TREINADO;;;;;;;;;;;;;;;;;;;;;;;;;;;;;;;;;
233255;HIROSHIMA;5367/146;10/05/2022;CE;"BELA CRUZ";05/09/2022;18/07/2022;"FORTALEZA OESTE";01/07/2026;6;0;0;0;0;0;28279;28279;0;0;0;0;0;0;0;0;0;0;0;Nao;Desbloqueado;;TREINADO;;;;;;;;;;;;;;;;;;;;;;;;;;;;;;;;;
250803;"ELETROLAR 0006";5438/121;22/03/2024;CE;JAGUARETAMA;15/01/2024;05/10/2023;"FORTALEZA LESTE";26/03/2026;0;0;0;0;0;0;0;0;0;0;0;0;0;0;0;0;0;0;0;Nao;Bloqueado;26/06/2026;TRANSACIONAL;;;;;;;;;;;;;;;;;;;;;;;;;;;;;;;;;
402372;"MERCADINHO ELSHADAI";0458/413;15/04/2024;CE;GROAIRAS;09/04/2024;24/04/2024;"FORTALEZA OESTE";01/07/2026;43;0;0;0;0;0;0;0;0;0;0;0;0;0;0;0;0;0;0;Nao;Desbloqueado;;TRANSACIONAL;;;;;;;;;;;;;;;;;;;;;;;;;;;;;;;;;
414810;"Eusebio Pet Care";5386/106;11/08/2025;CE;EUSEBIO;16/07/2025;;"FORTALEZA LESTE";05/12/2025;0;0;0;0;0;0;0;0;0;0;0;0;0;0;0;0;0;0;0;Nao;Bloqueado;02/03/2026;TRANSACIONAL;;;;;;;;;;;;;;;;;;;;;;;;;;;;;;;;;
160152;"PRIMUS MOTOS";0405/076;11/02/2026;PI;"BARRO DURO";01/04/2020;18/11/2022;TERESINA;01/07/2026;110;0;0;0;0;0;0;0;0;0;0;0;0;0;0;0;0;0;0;Sim;Desbloqueado;;TREINADO;;;;;;;;;;;;;;;;;;;;;;;;;;;;;;;;;
164943;"BE MERCADINHO JAMES RESENDE";5792/130;06/09/2024;PI;"BOA HORA";01/04/2020;16/12/2022;TERESINA;01/07/2026;23;0;0;0;0;0;0;0;0;0;0;0;0;0;0;0;0;0;0;Nao;Desbloqueado;;TREINADO;;;;;;;;;;;;;;;;;;;;;;;;;;;;;;;;;
420264;SMARTPHONE;1579/228;12/02/2026;CE;MARANGUAPE;16/12/2025;08/01/2026;"FORTALEZA OESTE";01/07/2026;183;5;4;5;0;820;0;0;0;0;0;0;1;0;0;0;0;5;0;Nao;Desbloqueado;;TREINADO;;;;;;;;;;;;;;;;;;;;;;;;;;;;;;;;;
207711;"DROGARIA BEM ESTAR";0405/750;04/06/2024;PI;"JOSE DE FREITAS";15/01/2024;05/04/2022;TERESINA;01/07/2026;330;0;0;0;0;0;0;0;0;0;0;0;0;0;0;0;0;0;0;Sim;Desbloqueado;;TRANSACIONAL;;;;;;;;;;;;;;;;;;;;;;;;;;;;;;;;;
408227;"G L Construcoes";1302/213;13/12/2024;CE;CARIDADE;30/11/2024;07/01/2025;"FORTALEZA OESTE";01/07/2026;34;0;0;0;0;0;0;0;0;0;0;0;0;0;0;0;0;0;0;Nao;Desbloqueado;;TREINADO;;;;;;;;;;;;;;;;;;;;;;;;;;;;;;;;;
423771;"Divina Makeup";5447/144;30/04/2026;CE;PENTECOSTE;23/04/2026;;"FORTALEZA OESTE";27/06/2026;0;0;0;0;0;0;0;0;0;0;0;0;0;0;0;0;0;0;0;Nao;Desbloqueado;;TREINADO;;;;;;;;;;;;;;;;;;;;;;;;;;;;;;;;;
116228;"FARMACIA LIMA";0937/419;30/05/2023;PI;"ALEGRETE DO PIAUI";07/04/2016;28/11/2024;TERESINA;01/07/2026;198;0;0;0;0;0;0;0;0;0;0;0;0;0;0;0;0;0;0;Nao;Desbloqueado;;TREINADO;;;;;;;;;;;;;;;;;;;;;;;;;;;;;;;;;
164547;"ANCORA DISTRIBUIDORA 0008";1234/112;;CE;FORTALEZA;15/01/2024;;"FORTALEZA OESTE";01/07/2026;27;0;0;0;0;0;0;0;0;0;0;0;0;0;0;0;0;0;0;Nao;Desbloqueado;;TRANSACIONAL;;;;;;;;;;;;;;;;;;;;;;;;;;;;;;;;;
248938;"TOP MOVEIS ITAPAJE";0719/164;28/06/2023;CE;ITAPAJE;15/01/2024;17/07/2023;"FORTALEZA OESTE";27/05/2026;0;0;0;0;0;0;0;0;0;0;0;0;0;0;0;0;0;0;0;Nao;Desbloqueado;;TREINADO;;;;;;;;;;;;;;;;;;;;;;;;;;;;;;;;;
250387;"MERCADINHO SANTOS";0985/343;25/11/2024;PI;"BOQUEIRAO DO PIAUI";15/01/2024;30/08/2023;TERESINA;01/07/2026;5;0;0;0;0;0;0;0;0;0;0;0;0;0;0;0;0;0;0;Nao;Desbloqueado;;TRANSACIONAL;;;;;;;;;;;;;;;;;;;;;;;;;;;;;;;;;
83277;"FARMACIA COMERCIAL NOSSA SENHORA DO ROSARIO";0458/184;03/11/2020;CE;GROAIRAS;28/07/2015;26/06/2024;"FORTALEZA OESTE";01/07/2026;335;0;0;0;0;0;0;0;0;0;0;0;0;0;0;0;0;0;0;Nao;Desbloqueado;;TREINADO;;;;;;;;;;;;;;;;;;;;;;;;;;;;;;;;;
182761;"SHOP ELEGANCE";5449/130;13/05/2021;CE;BARREIRA;18/12/2019;09/06/2026;"FORTALEZA LESTE";01/07/2026;258;0;0;0;0;0;0;0;0;0;0;0;0;0;0;0;0;0;0;Sim;Desbloqueado;;TREINADO;;;;;;;;;;;;;;;;;;;;;;;;;;;;;;;;;
228557;"POSTO DE MEDICAMENTOS NSA SENHORA DAS DORES";0458/337;18/01/2022;CE;FORQUILHA;31/08/2022;28/01/2022;"FORTALEZA OESTE";01/07/2026;39;0;0;0;0;0;0;0;0;0;0;0;0;0;0;0;0;0;0;Nao;Desbloqueado;;TREINADO;;;;;;;;;;;;;;;;;;;;;;;;;;;;;;;;;
419816;"Cantinho Baby";0726/176;15/12/2025;CE;TIANGUA;24/11/2025;27/01/2026;TERESINA;18/06/2026;0;0;0;0;0;0;0;0;0;0;0;0;0;0;0;0;0;0;0;Nao;Desbloqueado;;TREINADO;;;;;;;;;;;;;;;;;;;;;;;;;;;;;;;;;
423524;"Fa Mercadinho E Distribuidora";1579/234;16/04/2026;CE;PALMACIA;13/04/2026;11/05/2026;"FORTALEZA OESTE";01/07/2026;62;0;0;0;0;0;0;0;0;0;0;0;0;0;0;0;0;0;0;Nao;Desbloqueado;;TRANSACIONAL;;;;;;;;;;;;;;;;;;;;;;;;;;;;;;;;;
54844;"MERCADINHO SÃO JOSE";5808/139;07/07/2021;PI;"SAO JOSE DO DIVINO";20/08/2015;26/11/2024;TERESINA;01/07/2026;78;0;0;0;0;0;0;0;0;0;0;0;0;0;0;0;0;0;10;Sim;Desbloqueado;;TRANSACIONAL;;;;;;;;;;;;;;;;;;;;;;;;;;;;;;;;;
251915;"MALU FARMA";1302/200;20/10/2023;CE;CARIDADE;15/01/2024;09/11/2023;"FORTALEZA OESTE";01/07/2026;16;0;0;0;0;0;0;0;0;0;0;0;0;0;0;0;0;0;0;Nao;Desbloqueado;;TRANSACIONAL;;;;;;;;;;;;;;;;;;;;;;;;;;;;;;;;;
254725;"FARMACIAS JK 0003";0715/154;16/11/2023;CE;CAMOCIM;15/01/2024;07/12/2023;"FORTALEZA OESTE";01/07/2026;19;0;0;0;0;0;0;0;0;0;0;0;0;0;0;0;0;0;0;Nao;Desbloqueado;;TREINADO;;;;;;;;;;;;;;;;;;;;;;;;;;;;;;;;;
71197;"LOJA ORTOMOVEIS";0937/194;24/11/2023;PI;"FRANCISCO SANTOS";24/04/2015;28/11/2024;TERESINA;01/07/2026;58;0;0;0;0;0;0;0;0;0;0;0;0;0;0;0;0;0;0;Sim;Desbloqueado;;TRANSACIONAL;;;;;;;;;;;;;;;;;;;;;;;;;;;;;;;;;
238767;"RAIMAR SUPERMERCADOS";0711/122;;CE;HORIZONTE;15/01/2024;;"FORTALEZA LESTE";01/07/2026;13;0;0;0;0;0;0;0;0;0;0;0;0;0;0;0;0;0;0;Nao;Desbloqueado;;TRANSACIONAL;;;;;;;;;;;;;;;;;;;;;;;;;;;;;;;;;
407194;"SUPERMERCADO J&L 0003";5443/108;;CE;PARACURU;24/10/2024;;"FORTALEZA OESTE";09/06/2026;0;0;0;0;0;0;0;0;0;0;0;0;0;0;0;0;0;0;0;Sim;Desbloqueado;;TRANSACIONAL;;;;;;;;;;;;;;;;;;;;;;;;;;;;;;;;;
415036;"MERCADINHO ANTONIO BRASIL";0704/187;28/07/2025;CE;ARATUBA;23/07/2025;11/08/2025;"FORTALEZA LESTE";01/07/2026;23;0;0;0;0;0;0;0;0;0;0;0;0;0;0;0;0;0;0;Nao;Desbloqueado;;TRANSACIONAL;;;;;;;;;;;;;;;;;;;;;;;;;;;;;;;;;
416564;"MERCADINHO SAMUCA";0649/137;09/09/2025;CE;FORTALEZA;28/08/2025;15/09/2025;"FORTALEZA OESTE";30/06/2026;0;0;0;0;0;0;0;0;0;0;0;0;0;0;0;0;0;0;0;Sim;Desbloqueado;;TREINADO;;;;;;;;;;;;;;;;;;;;;;;;;;;;;;;;;
80845;"MERCADINHO RODRIGUES";0985/364;25/02/2026;PI;"SAO JOAO DA SERRA";15/01/2024;23/02/2023;TERESINA;01/07/2026;44;0;0;0;0;0;0;0;0;0;0;0;0;0;0;0;0;0;0;Nao;Desbloqueado;;TRANSACIONAL;;;;;;;;;;;;;;;;;;;;;;;;;;;;;;;;;
171924;"DROGARIA MAIS SAUDE";5798/135;23/03/2021;PI;"SAO JOAO DO ARRAIAL";18/12/2018;29/03/2022;TERESINA;01/07/2026;30;0;0;0;0;0;0;0;0;0;0;0;0;0;0;0;0;0;0;Sim;Desbloqueado;;TREINADO;;;;;;;;;;;;;;;;;;;;;;;;;;;;;;;;;
401735;"FARMACIA GAMA 0001";5366/092;12/03/2024;CE;BEBERIBE;06/03/2024;21/06/2024;"FORTALEZA LESTE";01/07/2026;103;0;0;0;0;0;0;0;0;0;0;0;0;0;0;0;0;0;0;Sim;Desbloqueado;;TREINADO;;;;;;;;;;;;;;;;;;;;;;;;;;;;;;;;;
411153;"Posto Hp 2";0458/435;16/04/2025;CE;MORAUJO;07/04/2025;28/05/2025;"FORTALEZA OESTE";27/01/2026;0;0;0;0;0;0;0;0;0;0;0;0;0;0;0;0;0;0;0;Nao;Bloqueado;27/04/2026;TREINADO;;;;;;;;;;;;;;;;;;;;;;;;;;;;;;;;;
423901;"DROGARIA SANTA LUZIA 0003";5792/213;06/05/2026;PI;BARRAS;29/04/2026;22/05/2026;TERESINA;01/07/2026;5;0;0;0;0;0;0;0;0;0;0;0;0;0;0;0;0;0;0;Sim;Desbloqueado;;TREINADO;;;;;;;;;;;;;;;;;;;;;;;;;;;;;;;;;
171708;"COMERCIAL PONTO CERTO";0985/315;15/08/2025;PI;"JATOBA DO PIAUI";25/03/2020;17/10/2023;TERESINA;01/07/2026;2;0;0;0;0;0;0;0;0;0;0;0;0;0;0;0;0;0;0;Nao;Desbloqueado;;TRANSACIONAL;;;;;;;;;;;;;;;;;;;;;;;;;;;;;;;;;
250259;"MERCADINHO BELEM";0625/134;;CE;FORTALEZA;15/01/2024;;"FORTALEZA OESTE";01/07/2026;18;0;0;0;0;0;0;0;0;0;0;0;0;0;0;0;0;0;0;Nao;Desbloqueado;;TRANSACIONAL;;;;;;;;;;;;;;;;;;;;;;;;;;;;;;;;;
404720;"Muambaria Loja de Variedades";5367/159;30/07/2024;CE;"JIJOCA DE JERICOACOARA";16/07/2024;23/08/2024;"FORTALEZA OESTE";26/06/2026;0;0;0;0;0;0;0;0;0;0;0;0;0;0;0;0;0;0;0;Nao;Desbloqueado;;TREINADO;;;;;;;;;;;;;;;;;;;;;;;;;;;;;;;;;
416498;"ROCHA MERCEARIA";0985/446;26/09/2025;PI;"CASTELO DO PIAUI";10/09/2025;27/10/2025;TERESINA;01/07/2026;25;0;0;0;0;0;0;0;0;0;0;0;0;0;0;0;0;0;0;Nao;Desbloqueado;;TRANSACIONAL;;;;;;;;;;;;;;;;;;;;;;;;;;;;;;;;;
424525;"MERCADINHO AVENIDA";0645/154;05/06/2026;CE;FORTALEZA;29/05/2026;18/06/2026;"FORTALEZA OESTE";30/06/2026;0;0;0;0;0;0;0;0;0;0;0;0;0;0;0;0;0;0;0;Nao;Desbloqueado;;TRANSACIONAL;;;;;;;;;;;;;;;;;;;;;;;;;;;;;;;;;
201339;"MERCADINHO BANDEIRA";5438/101;;CE;JAGUARETAMA;15/01/2024;30/10/2020;"FORTALEZA LESTE";01/07/2026;9;0;0;0;0;0;0;0;0;0;0;0;0;0;0;0;0;0;0;Nao;Desbloqueado;;TRANSACIONAL;;;;;;;;;;;;;;;;;;;;;;;;;;;;;;;;;
408067;"MERCADO ARC ATACAREJO";1302/212;03/12/2024;CE;CARIDADE;25/11/2024;;"FORTALEZA OESTE";30/12/2025;0;0;0;0;0;0;0;0;0;0;0;0;0;0;0;0;0;0;0;Sim;Bloqueado;02/03/2026;TRANSACIONAL;;;;;;;;;;;;;;;;;;;;;;;;;;;;;;;;;
418618;"ND LOJINHA DA MODA";0985/450;15/10/2025;PI;"SIGEFREDO PACHECO";02/10/2025;;TERESINA;10/06/2026;0;0;0;0;0;0;0;0;0;0;0;0;0;0;0;0;0;0;0;Nao;Bloqueado;10/06/2026;TRANSACIONAL;;;;;;;;;;;;;;;;;;;;;;;;;;;;;;;;;
400400;"MERCEARIA O PAULO";0702/172;16/04/2025;CE;SOBRAL;15/01/2024;20/02/2024;"FORTALEZA OESTE";01/07/2026;7;0;0;0;0;0;0;0;0;0;0;0;0;0;0;0;0;0;0;Sim;Desbloqueado;;TRANSACIONAL;;;;;;;;;;;;;;;;;;;;;;;;;;;;;;;;;
414960;"K CELL ACESSORIOS";5447/137;26/07/2025;CE;APUIARES;21/07/2025;06/08/2025;"FORTALEZA OESTE";01/07/2026;7;0;0;0;0;0;0;0;0;0;0;0;0;0;0;0;0;0;0;Nao;Desbloqueado;;TREINADO;;;;;;;;;;;;;;;;;;;;;;;;;;;;;;;;;
43930;"MERCADINHO SAO LUIZ";0405/125;19/03/2025;PI;"DEMERVAL LOBAO";28/09/2015;12/06/2025;TERESINA;01/07/2026;5;0;0;0;0;0;0;0;0;0;0;0;0;0;0;0;0;0;0;Nao;Desbloqueado;;TRANSACIONAL;;;;;;;;;;;;;;;;;;;;;;;;;;;;;;;;;
407034;"SUPER POVÃO 0002";1302/210;04/11/2025;CE;ITATIRA;17/10/2024;08/11/2024;"FORTALEZA OESTE";01/07/2026;9;0;0;0;0;0;0;0;0;0;0;0;0;0;0;0;0;0;0;Sim;Desbloqueado;;TRANSACIONAL;;;;;;;;;;;;;;;;;;;;;;;;;;;;;;;;;
414181;"Universo Da Beleza";5446/145;26/06/2025;CE;PARAIPABA;19/06/2025;09/07/2025;"FORTALEZA OESTE";29/05/2026;0;0;0;0;0;0;0;0;0;0;0;0;0;0;0;0;0;0;0;Nao;Desbloqueado;;TREINADO;;;;;;;;;;;;;;;;;;;;;;;;;;;;;;;;;
70913;"MIG MERCANTIL";5806/078;16/08/2022;PI;"DOMINGOS MOURAO";25/03/2020;26/11/2024;TERESINA;01/07/2026;30;0;0;0;0;0;0;0;0;0;0;0;0;0;0;0;0;0;0;Sim;Desbloqueado;;TRANSACIONAL;;;;;;;;;;;;;;;;;;;;;;;;;;;;;;;;;
99624;"I. SOARES COMERCIAL";5367/081;07/05/2026;CE;MORRINHOS;20/05/2015;01/03/2024;"FORTALEZA OESTE";01/07/2026;16;0;0;0;0;0;0;0;0;0;0;0;0;0;0;0;0;0;0;Nao;Desbloqueado;;TREINADO;;;;;;;;;;;;;;;;;;;;;;;;;;;;;;;;;
187928;"MERCADINHO MINI PRECO";5792/183;30/11/2022;PI;"MIGUEL ALVES";25/03/2020;18/11/2022;TERESINA;01/07/2026;70;0;0;0;0;0;0;0;0;0;0;0;0;0;0;0;0;0;0;Nao;Desbloqueado;;TRANSACIONAL;;;;;;;;;;;;;;;;;;;;;;;;;;;;;;;;;
251152;"DROGARIA MULTIFARMA";0715/151;15/09/2023;CE;CAMOCIM;15/01/2024;27/09/2023;"FORTALEZA OESTE";01/07/2026;22;0;0;0;0;0;0;0;0;0;0;0;0;0;0;0;0;0;0;Nao;Desbloqueado;;TREINADO;;;;;;;;;;;;;;;;;;;;;;;;;;;;;;;;;
255275;"ALS ASSISTENCIA LINK SOFTWARE";1351/242;13/12/2023;CE;URUBURETAMA;15/01/2024;18/12/2023;"FORTALEZA OESTE";01/07/2026;139;0;0;0;0;0;0;0;0;0;0;0;0;0;0;0;0;0;0;Nao;Desbloqueado;;TREINADO;;;;;;;;;;;;;;;;;;;;;;;;;;;;;;;;;
420272;"Mercadinho Sao Francisco";1579/227;19/12/2025;CE;MARANGUAPE;16/12/2025;08/01/2026;"FORTALEZA OESTE";01/07/2026;4;0;0;0;0;0;0;0;0;0;0;0;0;0;0;0;0;0;0;Sim;Desbloqueado;;TRANSACIONAL;;;;;;;;;;;;;;;;;;;;;;;;;;;;;;;;;
87455;"G M CONSTRUCOES";5806/065;22/06/2021;PI;"PEDRO II";29/05/2015;27/11/2024;TERESINA;01/07/2026;5;0;0;0;0;0;0;0;0;0;0;0;0;0;0;0;0;0;0;Nao;Desbloqueado;;TRANSACIONAL;;;;;;;;;;;;;;;;;;;;;;;;;;;;;;;;;
206290;"EUNARDS COMERCIAL";1351/315;14/09/2021;CE;MIRAIMA;05/09/2022;11/09/2025;"FORTALEZA OESTE";01/07/2026;120;0;0;0;0;0;0;0;0;0;0;0;0;0;0;0;0;0;0;Sim;Desbloqueado;;TREINADO;;;;;;;;;;;;;;;;;;;;;;;;;;;;;;;;;
232236;"CASA DO ESPORTE";0458/343;04/10/2023;CE;MERUOCA;29/04/2022;;"FORTALEZA OESTE";01/07/2026;16;0;0;0;0;0;0;0;0;0;0;0;0;0;0;0;0;0;0;Nao;Desbloqueado;;TRANSACIONAL;;;;;;;;;;;;;;;;;;;;;;;;;;;;;;;;;
232624;"REDES DO CEARA";0288/135;01/08/2022;CE;FORTALEZA;15/01/2024;20/07/2022;"FORTALEZA LESTE";01/07/2026;52;1;0;1;0;0;0;0;0;0;0;0;0;0;0;0;0;1;0;Nao;Desbloqueado;;TREINADO;;;;;;;;;;;;;;;;;;;;;;;;;;;;;;;;;
413713;"Comercial J.A";0937/771;01/07/2025;PI;"SAO JULIAO";05/06/2025;;TERESINA;01/07/2026;39;0;0;0;0;0;0;0;0;0;0;0;0;0;0;0;0;0;0;Sim;Desbloqueado;;TRANSACIONAL;;;;;;;;;;;;;;;;;;;;;;;;;;;;;;;;;
415841;"AK RACOES";5367/174;20/08/2025;CE;MORRINHOS;14/08/2025;11/09/2025;"FORTALEZA OESTE";01/07/2026;8;0;0;0;0;0;0;0;0;0;0;0;0;0;0;0;0;0;0;Nao;Desbloqueado;;TREINADO;;;;;;;;;;;;;;;;;;;;;;;;;;;;;;;;;
416771;"Gm Motos Pecas";2999/138;07/01/2026;CE;FORTALEZA;02/09/2025;;"FORTALEZA OESTE";25/06/2026;0;0;0;0;0;0;0;0;0;0;0;0;0;0;0;0;0;0;0;Nao;Bloqueado;26/06/2026;TRANSACIONAL;;;;;;;;;;;;;;;;;;;;;;;;;;;;;;;;;
233043;"CENTRAL FARMA";0937/718;11/09/2025;PI;"SAO JULIAO";15/01/2024;28/11/2022;TERESINA;01/07/2026;17;0;0;0;0;0;0;0;0;0;0;0;0;0;0;0;0;0;0;Nao;Desbloqueado;;TRANSACIONAL;;;;;;;;;;;;;;;;;;;;;;;;;;;;;;;;;
83747;"ZE INALDO MOTO PECAS";0405/352;28/05/2025;PI;"AGUA BRANCA";05/04/2016;21/08/2024;TERESINA;01/07/2026;5;0;0;0;0;0;0;0;0;0;0;0;0;0;0;0;0;0;0;Nao;Desbloqueado;;TRANSACIONAL;;;;;;;;;;;;;;;;;;;;;;;;;;;;;;;;;
167940;"SUPER DIKA";0295/070;03/12/2025;CE;CAUCAIA;18/11/2025;21/05/2026;"FORTALEZA OESTE";01/07/2026;135;0;0;0;0;0;0;0;0;0;0;0;0;0;0;0;0;0;0;Sim;Desbloqueado;;TREINADO;;;;;;;;;;;;;;;;;;;;;;;;;;;;;;;;;
216329;"CM FARMA";5792/151;06/02/2026;PI;BARRAS;15/03/2021;15/02/2022;TERESINA;01/07/2026;71;0;0;0;0;0;0;0;0;0;0;0;0;0;0;0;0;0;0;Nao;Desbloqueado;;TRANSACIONAL;;;;;;;;;;;;;;;;;;;;;;;;;;;;;;;;;
419833;"LDO CELULARES & ACESSORIOS";0719/194;03/12/2025;CE;ITAPAJE;25/11/2025;25/02/2026;"FORTALEZA OESTE";01/07/2026;21;0;0;0;0;0;0;0;0;0;0;0;0;0;0;0;0;0;0;Nao;Desbloqueado;;TREINADO;;;;;;;;;;;;;;;;;;;;;;;;;;;;;;;;;
154649;"LOJAO FURTADO";5795/104;29/09/2020;PI;"CASTELO DO PIAUI";26/07/2018;23/04/2026;TERESINA;01/07/2026;7;0;0;0;0;0;0;0;0;0;0;0;0;0;0;0;0;0;0;Nao;Desbloqueado;;TREINADO;;;;;;;;;;;;;;;;;;;;;;;;;;;;;;;;;
173912;"FARMACIA SANTO ANTONIO";0937/515;07/08/2021;PI;"SANTO ANTONIO DE LISBOA";15/01/2024;22/05/2024;TERESINA;01/07/2026;104;0;0;0;0;0;0;0;0;0;0;0;0;0;0;0;0;0;0;Sim;Desbloqueado;;TREINADO;;;;;;;;;;;;;;;;;;;;;;;;;;;;;;;;;
232840;"TOP MOVEIS SOBRAL II";0458/364;01/09/2023;CE;SOBRAL;15/01/2024;13/12/2023;"FORTALEZA OESTE";30/06/2026;0;0;0;0;0;0;0;0;0;0;0;0;0;0;0;0;0;0;0;Nao;Desbloqueado;;TREINADO;;;;;;;;;;;;;;;;;;;;;;;;;;;;;;;;;
410446;"COMERCIAL CICERO GRACIANO";5367/167;17/03/2025;CE;ITAREMA;11/03/2025;12/05/2025;"FORTALEZA OESTE";01/07/2026;11;0;0;0;0;0;0;0;0;0;0;0;0;0;0;0;0;0;0;Nao;Desbloqueado;;TREINADO;;;;;;;;;;;;;;;;;;;;;;;;;;;;;;;;;
138153;"MERCADINHO BELA VISTA";1302/217;18/07/2023;CE;PARAMOTI;14/05/2015;10/06/2026;"FORTALEZA OESTE";01/07/2026;62;0;0;0;0;0;0;0;0;0;0;0;0;0;0;0;0;0;0;Sim;Desbloqueado;;TREINADO;;;;;;;;;;;;;;;;;;;;;;;;;;;;;;;;;
181715;"MERCANTIL QUEIROZ";3456/071;26/10/2023;CE;FORTALEZA;10/12/2019;09/08/2023;"FORTALEZA LESTE";01/07/2026;49;0;0;0;0;0;0;0;0;0;0;0;0;0;0;0;0;0;0;Nao;Desbloqueado;;TRANSACIONAL;;;;;;;;;;;;;;;;;;;;;;;;;;;;;;;;;
185726;"TOP MOVEIS SOBRAL";0702/136;18/07/2023;CE;SOBRAL;15/01/2024;30/08/2021;"FORTALEZA OESTE";01/07/2026;7;1;0;1;0;0;0;0;0;0;0;0;0;0;0;0;0;1;0;Nao;Desbloqueado;;TREINADO;;;;;;;;;;;;;;;;;;;;;;;;;;;;;;;;;
233308;"MERCADINHO FAMILIAR";0703/259;12/05/2022;CE;"ALTO SANTO";15/01/2024;20/07/2022;"FORTALEZA LESTE";01/07/2026;66;0;0;0;0;0;0;0;0;0;0;0;0;0;0;0;0;0;0;Nao;Desbloqueado;;TRANSACIONAL;;;;;;;;;;;;;;;;;;;;;;;;;;;;;;;;;
250808;"STUDIO CHAGUINHA";5806/135;10/11/2023;PI;"LAGOA DE SAO FRANCISCO";15/01/2024;26/05/2026;TERESINA;01/07/2026;36;0;0;0;0;0;0;0;0;0;0;0;0;0;0;0;0;0;0;Nao;Desbloqueado;;TREINADO;;;;;;;;;;;;;;;;;;;;;;;;;;;;;;;;;
47362;"DROGARIA SÃO FRANCISCO DE ASSIS";3848/154;21/08/2025;PI;"ALTO LONGA";03/09/2015;26/02/2026;TERESINA;01/07/2026;91;0;0;0;0;0;0;0;0;0;0;0;0;0;0;0;0;0;0;Sim;Desbloqueado;;TRANSACIONAL;;;;;;;;;;;;;;;;;;;;;;;;;;;;;;;;;
69957;"RR INFORMATICA";0937/331;21/02/2023;PI;"IPIRANGA DO PIAUI";25/03/2020;20/08/2024;TERESINA;01/07/2026;296;1;1;1;0;0;0;0;0;0;0;0;0;0;1;0;0;0;0;Nao;Desbloqueado;;TREINADO;;;;;;;;;;;;;;;;;;;;;;;;;;;;;;;;;
181443;"MERCADINHO IDEAL";5438/095;09/09/2024;CE;"MORADA NOVA";01/10/2019;21/11/2024;"FORTALEZA LESTE";01/07/2026;150;0;0;0;0;0;0;0;0;0;0;0;0;0;0;0;0;0;0;Sim;Desbloqueado;;TRANSACIONAL;;;;;;;;;;;;;;;;;;;;;;;;;;;;;;;;;
403466;"Supermercado Santo Antonio";0937/755;09/02/2026;PI;"DOM EXPEDITO LOPES";28/05/2024;30/07/2024;TERESINA;01/07/2026;9;0;0;0;0;0;0;0;0;0;0;0;0;0;0;0;0;0;0;Nao;Desbloqueado;;TRANSACIONAL;;;;;;;;;;;;;;;;;;;;;;;;;;;;;;;;;
157548;"PANIFICADORA PREDILETA";5808/211;01/07/2025;PI;PIRACURUCA;20/06/2025;29/07/2025;TERESINA;06/01/2026;0;0;0;0;0;0;0;0;0;0;0;0;0;0;0;0;0;0;0;Nao;Bloqueado;02/03/2026;TRANSACIONAL;;;;;;;;;;;;;;;;;;;;;;;;;;;;;;;;;
159594;"COMERCIAL O CHAGAS";1522/070;22/06/2022;PI;CAXINGO;03/11/2017;19/09/2022;TERESINA;01/07/2026;39;0;0;0;0;0;0;0;0;0;0;0;0;0;0;0;0;0;0;Nao;Desbloqueado;;TREINADO;;;;;;;;;;;;;;;;;;;;;;;;;;;;;;;;;
159728;"EC CONSTRUCOES";5447/090;;CE;APUIARES;15/01/2024;;"FORTALEZA OESTE";01/07/2026;8;0;0;0;0;0;0;0;0;0;0;0;0;0;0;0;0;0;0;Nao;Desbloqueado;;TRANSACIONAL;;;;;;;;;;;;;;;;;;;;;;;;;;;;;;;;;
188500;"COMERCIAL ARAUJO";5792/142;19/06/2023;PI;BATALHA;05/05/2020;06/06/2022;TERESINA;01/07/2026;162;0;0;0;0;0;0;0;0;0;0;0;0;0;0;0;0;0;0;Sim;Desbloqueado;;TREINADO;;;;;;;;;;;;;;;;;;;;;;;;;;;;;;;;;
409065;"SUPERMERCADO FAMILIA 003";5808/204;11/02/2025;PI;PIRIPIRI;13/01/2025;29/01/2025;TERESINA;25/06/2026;0;0;0;0;0;0;0;0;0;0;0;0;0;0;0;0;0;0;0;Sim;Bloqueado;26/06/2026;TRANSACIONAL;;;;;;;;;;;;;;;;;;;;;;;;;;;;;;;;;
416327;"ALAN ELETROMOVEIS";0458/448;28/08/2025;CE;GROAIRAS;26/08/2025;10/09/2025;"FORTALEZA OESTE";01/07/2026;5;0;0;0;0;0;0;0;0;0;0;0;0;0;0;0;0;0;0;Nao;Desbloqueado;;TRANSACIONAL;;;;;;;;;;;;;;;;;;;;;;;;;;;;;;;;;
424389;"SUPER POTIGUAR";5438/134;28/05/2026;CE;JAGUARETAMA;22/05/2026;;"FORTALEZA LESTE";01/07/2026;47;0;0;0;0;0;0;0;0;0;0;0;0;0;0;0;0;0;0;Nao;Desbloqueado;;TRANSACIONAL;;;;;;;;;;;;;;;;;;;;;;;;;;;;;;;;;
62265;"BEM ME QUER";0704/104;09/08/2023;CE;ARATUBA;18/05/2015;01/06/2026;"FORTALEZA LESTE";01/07/2026;138;0;0;0;0;0;0;0;0;0;0;0;0;0;0;0;0;0;0;Sim;Desbloqueado;;TREINADO;;;;;;;;;;;;;;;;;;;;;;;;;;;;;;;;;
150698;"FARMACIA MAIS SAUDE";0458/303;15/10/2020;CE;FORQUILHA;30/06/2016;23/03/2026;"FORTALEZA OESTE";01/07/2026;228;0;0;0;0;0;15486;15486;0;0;0;0;0;0;0;0;0;0;0;Sim;Desbloqueado;;TREINADO;;;;;;;;;;;;;;;;;;;;;;;;;;;;;;;;;
169798;"J I P PACHECO";0715/129;24/04/2026;CE;CHAVAL;27/09/2018;06/12/2023;"FORTALEZA OESTE";01/07/2026;32;0;0;0;0;0;0;0;0;0;0;0;0;0;0;0;0;0;0;Nao;Desbloqueado;;TREINADO;;;;;;;;;;;;;;;;;;;;;;;;;;;;;;;;;
175067;"GERMANA CONFECCOES";0458/317;16/08/2022;CE;SOBRAL;13/09/2019;12/11/2024;"FORTALEZA OESTE";01/07/2026;61;2;0;1;0;0;0;0;0;0;0;0;0;0;0;0;0;2;0;Nao;Desbloqueado;;TREINADO;;;;;;;;;;;;;;;;;;;;;;;;;;;;;;;;;
207628;"SUPERMERCADO EXITO 0001";0295/220;;CE;CAUCAIA;15/01/2024;;"FORTALEZA OESTE";01/07/2026;7;0;0;0;0;0;0;0;0;0;0;0;0;0;0;0;0;0;0;Nao;Desbloqueado;;TRANSACIONAL;;;;;;;;;;;;;;;;;;;;;;;;;;;;;;;;;
402582;"Portela Construçoes";0985/347;22/05/2024;PI;"SIGEFREDO PACHECO";17/04/2024;17/05/2024;TERESINA;01/07/2026;39;0;0;0;0;0;0;0;0;0;0;0;0;0;0;0;0;0;0;Nao;Desbloqueado;;TRANSACIONAL;;;;;;;;;;;;;;;;;;;;;;;;;;;;;;;;;
406313;"Supermercado Salvador2";0937/759;19/09/2025;PI;"SANTO ANTONIO DE LISBOA";18/09/2024;;TERESINA;01/07/2026;77;0;0;0;0;0;0;0;0;0;0;0;0;0;0;0;0;0;0;Sim;Desbloqueado;;TRANSACIONAL;;;;;;;;;;;;;;;;;;;;;;;;;;;;;;;;;
415629;"MERCADINHO O NOVESCO";5447/138;13/08/2025;CE;"GENERAL SAMPAIO";07/08/2025;;"FORTALEZA OESTE";01/07/2026;19;0;0;0;0;0;0;0;0;0;0;0;0;0;0;0;0;0;0;Nao;Desbloqueado;;TRANSACIONAL;;;;;;;;;;;;;;;;;;;;;;;;;;;;;;;;;
419596;Farmed;0937/773;22/12/2025;PI;BOCAINA;15/11/2025;19/01/2026;TERESINA;01/07/2026;16;0;0;0;0;0;0;0;0;0;0;0;0;0;0;0;0;0;0;Sim;Desbloqueado;;TRANSACIONAL;;;;;;;;;;;;;;;;;;;;;;;;;;;;;;;;;
422809;"ENCANTO MIX";1579/233;13/03/2026;CE;PALMACIA;06/03/2026;20/04/2026;"FORTALEZA OESTE";01/07/2026;1;0;0;0;0;0;0;0;0;0;0;0;0;0;0;0;0;0;0;Nao;Desbloqueado;;TREINADO;;;;;;;;;;;;;;;;;;;;;;;;;;;;;;;;;
423561;"Atacarejo O Marcos";0684/228;23/04/2026;CE;ACARAU;13/04/2026;;"FORTALEZA OESTE";01/07/2026;5;0;0;0;0;0;0;0;0;0;0;0;0;0;0;0;0;0;0;Sim;Desbloqueado;;TRANSACIONAL;;;;;;;;;;;;;;;;;;;;;;;;;;;;;;;;;
424534;"Bella Moda Intima";5438/135;03/06/2026;CE;"MORADA NOVA";29/05/2026;22/06/2026;"FORTALEZA LESTE";01/07/2026;6;0;0;0;0;0;0;0;0;0;0;0;0;0;0;0;0;0;0;Nao;Desbloqueado;;TREINADO;;;;;;;;;;;;;;;;;;;;;;;;;;;;;;;;;
56376;"COMERCIAL ROCHA ALMEIDA";0715/120;16/07/2021;CE;CHAVAL;02/07/2015;24/06/2024;"FORTALEZA OESTE";01/07/2026;31;0;0;0;0;0;0;0;0;0;0;0;0;0;0;0;0;0;0;Nao;Desbloqueado;;TREINADO;;;;;;;;;;;;;;;;;;;;;;;;;;;;;;;;;
185488;"RC DISTRIBUIDORA";0625/117;14/07/2025;CE;CAUCAIA;01/07/2020;20/01/2026;"FORTALEZA OESTE";25/03/2026;0;0;0;0;0;0;0;0;0;0;0;0;0;0;0;0;0;0;0;Nao;Bloqueado;26/06/2026;TRANSACIONAL;;;;;;;;;;;;;;;;;;;;;;;;;;;;;;;;;
216079;"TOP MOVEIS PACAJUS";0765/120;01/08/2023;CE;PACAJUS;15/01/2024;20/04/2021;"FORTALEZA LESTE";29/06/2026;0;0;0;0;0;0;0;0;0;0;0;0;0;0;0;0;0;0;0;Nao;Desbloqueado;;TREINADO;;;;;;;;;;;;;;;;;;;;;;;;;;;;;;;;;
227359;"ESTRELA ATACADISTA";0703/178;;CE;"TABULEIRO DO NORTE";15/01/2024;;"FORTALEZA LESTE";01/07/2026;100;0;0;0;0;0;0;0;0;0;0;0;0;0;0;0;0;0;0;Sim;Desbloqueado;;TRANSACIONAL;;;;;;;;;;;;;;;;;;;;;;;;;;;;;;;;;
247750;"ATACADAO TIO XIUAUA";0702/166;22/05/2023;CE;SOBRAL;15/01/2024;13/06/2023;"FORTALEZA OESTE";01/07/2026;1;0;0;0;0;0;0;0;0;0;0;0;0;0;0;0;0;0;0;Nao;Desbloqueado;;TREINADO;;;;;;;;;;;;;;;;;;;;;;;;;;;;;;;;;
253211;"SUPER TELEFRANGO 0004";0713/202;13/03/2024;CE;FORTALEZA;15/01/2024;08/12/2023;"FORTALEZA LESTE";22/06/2026;0;0;0;0;0;0;0;0;0;0;0;0;0;0;0;0;0;0;0;Nao;Desbloqueado;;TRANSACIONAL;;;;;;;;;;;;;;;;;;;;;;;;;;;;;;;;;
254955;"MERCADINHO CANAA";0937/745;04/12/2023;PI;"CAMPO GRANDE DO PIAUI";15/01/2024;19/12/2023;TERESINA;01/07/2026;10;0;0;0;0;0;0;0;0;0;0;0;0;0;0;0;0;0;0;Nao;Desbloqueado;;TRANSACIONAL;;;;;;;;;;;;;;;;;;;;;;;;;;;;;;;;;
424646;"RAIMAR SUPERMERCADOS LJ 11";5449/176;15/06/2026;CE;REDENCAO;05/06/2026;;"FORTALEZA LESTE";15/06/2026;0;0;0;0;0;0;0;0;0;0;0;0;0;0;0;0;0;0;0;Nao;Desbloqueado;;TREINADO;;;;;;;;;;;;;;;;;;;;;;;;;;;;;;;;;
181144;"SUPERMERCADOS ELIZEU MARTINS  009";1522/244;;PI;"LUIS CORREIA";15/01/2024;;TERESINA;01/07/2026;1;0;0;0;0;0;0;0;0;0;0;0;0;0;0;0;0;0;0;Nao;Desbloqueado;;TRANSACIONAL;;;;;;;;;;;;;;;;;;;;;;;;;;;;;;;;;
201213;"MERCADINHO EVAIR";0765/117;05/11/2025;CE;OCARA;21/07/2020;09/12/2025;"FORTALEZA LESTE";01/07/2026;38;0;0;0;0;0;0;0;0;0;0;0;0;0;0;0;0;0;0;Nao;Desbloqueado;;TREINADO;;;;;;;;;;;;;;;;;;;;;;;;;;;;;;;;;
249790;"RAPIGRAF SERVICOS GRAFICOS";5386/096;01/08/2023;CE;EUSEBIO;15/01/2024;07/01/2026;"FORTALEZA LESTE";30/06/2026;0;0;0;0;0;0;0;0;0;0;0;0;0;0;0;0;0;0;0;Nao;Desbloqueado;;TREINADO;;;;;;;;;;;;;;;;;;;;;;;;;;;;;;;;;
403349;"Mercadinho Popular";0703/206;28/05/2024;CE;ERERE;24/05/2024;13/06/2024;"FORTALEZA LESTE";01/07/2026;16;0;0;0;0;0;0;0;0;0;0;0;0;0;0;0;0;0;0;Nao;Desbloqueado;;TRANSACIONAL;;;;;;;;;;;;;;;;;;;;;;;;;;;;;;;;;
82751;"POPY SUPERMERCADO";5806/060;;PI;"PEDRO II";29/05/2015;26/01/2023;TERESINA;01/07/2026;70;0;0;0;0;0;0;0;0;0;0;0;0;0;0;0;0;0;0;Nao;Desbloqueado;;TRANSACIONAL;;;;;;;;;;;;;;;;;;;;;;;;;;;;;;;;;
424344;"Tudo & Cia";0685/244;16/06/2026;CE;ICAPUI;21/05/2026;;"FORTALEZA LESTE";01/07/2026;19;0;0;0;0;0;0;0;0;0;0;0;0;0;0;0;0;0;0;Nao;Desbloqueado;;TRANSACIONAL;;;;;;;;;;;;;;;;;;;;;;;;;;;;;;;;;
51350;"SANDY VARIEDADES";5098/061;02/10/2020;CE;"ALTO SANTO";03/06/2015;09/10/2024;"FORTALEZA LESTE";01/07/2026;319;0;0;0;0;0;0;0;0;0;0;0;0;0;0;0;0;0;0;Sim;Desbloqueado;;TREINADO;;;;;;;;;;;;;;;;;;;;;;;;;;;;;;;;;
180964;"MERCADINHO NSA SENHORA DE FATIMA";0702/131;21/07/2023;CE;CARIRE;26/11/2019;01/11/2024;"FORTALEZA OESTE";01/07/2026;102;1;1;1;0;0;0;0;0;0;0;0;0;0;0;0;0;0;0;Nao;Desbloqueado;;TREINADO;;;;;;;;;;;;;;;;;;;;;;;;;;;;;;;;;
217443;"MIMO INFANTIL";5387/124;04/04/2022;CE;GRANJA;11/05/2021;16/06/2026;"FORTALEZA OESTE";01/07/2026;129;0;0;0;0;0;0;0;0;0;0;0;0;0;0;0;0;0;0;Sim;Desbloqueado;;TREINADO;;;;;;;;;;;;;;;;;;;;;;;;;;;;;;;;;
409286;"Mercantil Dom Pedro Ii";1522/277;30/01/2025;PI;"BURITI DOS LOPES";24/01/2025;26/02/2025;TERESINA;01/07/2026;11;0;0;0;0;0;0;0;0;0;0;0;0;0;0;0;0;0;0;Nao;Desbloqueado;;TRANSACIONAL;;;;;;;;;;;;;;;;;;;;;;;;;;;;;;;;;
417965;"Estock Embalagens";1379/145;07/10/2025;CE;FORTALEZA;22/09/2025;21/10/2025;"FORTALEZA OESTE";15/06/2026;0;0;0;0;0;0;0;0;0;0;0;0;0;0;0;0;0;0;0;Nao;Desbloqueado;;TREINADO;;;;;;;;;;;;;;;;;;;;;;;;;;;;;;;;;
222885;"SUPER GELADAO";1302/161;25/06/2025;CE;CANINDE;15/01/2024;09/11/2021;"FORTALEZA OESTE";01/07/2026;4;0;0;0;0;0;0;0;0;0;0;0;0;0;0;0;0;0;0;Nao;Desbloqueado;;TRANSACIONAL;;;;;;;;;;;;;;;;;;;;;;;;;;;;;;;;;
66569;"VAREJAO ALVES";5798/090;02/10/2023;PI;"SAO JOAO DO ARRAIAL";05/04/2016;27/08/2024;TERESINA;01/07/2026;21;0;0;0;0;0;0;0;0;0;0;0;0;0;0;0;0;1;0;Nao;Desbloqueado;;TREINADO;;;;;;;;;;;;;;;;;;;;;;;;;;;;;;;;;
164549;"ANCORA DISTRIBUIDORA 0012";5386/075;23/01/2023;CE;EUSEBIO;15/01/2024;30/03/2022;"FORTALEZA LESTE";01/07/2026;10;1;0;1;0;0;0;0;0;0;0;0;0;0;0;0;0;0;0;Nao;Desbloqueado;;TREINADO;;;;;;;;;;;;;;;;;;;;;;;;;;;;;;;;;
173520;"MERCADINHO LUIZ GOMES";0704/124;10/09/2025;CE;ARACOIABA;03/09/2025;18/09/2025;"FORTALEZA LESTE";01/07/2026;59;0;0;0;0;0;0;0;0;0;0;0;0;0;0;0;0;0;0;Sim;Desbloqueado;;TREINADO;;;;;;;;;;;;;;;;;;;;;;;;;;;;;;;;;
407238;"ISE BIJU";0649/129;30/10/2024;CE;FORTALEZA;25/10/2024;11/11/2024;"FORTALEZA OESTE";10/04/2026;0;0;0;0;0;0;0;0;0;0;0;0;0;0;0;0;0;0;0;Nao;Desbloqueado;;TREINADO;;;;;;;;;;;;;;;;;;;;;;;;;;;;;;;;;
414772;"Leve Mais";0693/145;30/03/2026;CE;PACATUBA;15/07/2025;08/08/2025;"FORTALEZA OESTE";27/05/2026;0;0;0;0;0;0;0;0;0;0;0;0;0;0;0;0;0;0;0;Nao;Desbloqueado;;TRANSACIONAL;;;;;;;;;;;;;;;;;;;;;;;;;;;;;;;;;
219521;"MERCADINHO SAO FRANCISCO";5806/122;22/11/2023;PI;"DOMINGOS MOURAO";15/01/2024;19/03/2026;TERESINA;01/07/2026;36;2;2;2;0;0;0;0;0;0;0;0;0;0;0;0;0;1;0;Nao;Desbloqueado;;TREINADO;;;;;;;;;;;;;;;;;;;;;;;;;;;;;;;;;
402889;"L VARIEDADES";0295/257;16/10/2024;CE;CAUCAIA;03/05/2024;03/12/2024;"FORTALEZA OESTE";01/07/2026;25;0;0;0;0;0;0;0;0;0;0;0;0;0;0;0;0;0;0;Nao;Desbloqueado;;TRANSACIONAL;;;;;;;;;;;;;;;;;;;;;;;;;;;;;;;;;
411103;"BANCA DE REVISATAS O JAIRO";0684/217;11/04/2025;CE;ACARAU;04/04/2025;28/07/2021;"FORTALEZA OESTE";01/07/2026;47;0;0;0;0;0;0;0;0;0;0;0;0;0;0;0;0;0;0;Nao;Desbloqueado;;TREINADO;;;;;;;;;;;;;;;;;;;;;;;;;;;;;;;;;
174834;"MERCANTIL SAO GONCALO";0719/125;25/08/2023;CE;ITAPAJE;15/05/2019;20/02/2024;"FORTALEZA OESTE";01/07/2026;128;0;0;0;0;0;0;0;0;0;0;0;0;0;0;0;0;0;0;Sim;Desbloqueado;;TREINADO;;;;;;;;;;;;;;;;;;;;;;;;;;;;;;;;;
183256;"MERCADINHO FABIO";5806/118;09/03/2026;PI;"LAGOA DE SAO FRANCISCO";16/03/2020;24/10/2024;TERESINA;01/07/2026;20;0;0;0;0;0;0;0;0;0;0;0;0;0;0;0;0;0;0;Nao;Desbloqueado;;TRANSACIONAL;;;;;;;;;;;;;;;;;;;;;;;;;;;;;;;;;
217543;"MINI ARMAZEM ECONOMICO";5808/103;28/04/2025;PI;BRASILEIRA;15/01/2024;11/02/2022;TERESINA;01/07/2026;12;0;0;0;0;0;0;0;0;0;0;0;0;0;0;0;0;0;0;Nao;Desbloqueado;;TRANSACIONAL;;;;;;;;;;;;;;;;;;;;;;;;;;;;;;;;;
416572;"LIZ FARMA";5365/141;16/09/2025;CE;MULUNGU;28/08/2025;13/01/2026;"FORTALEZA LESTE";01/07/2026;9;0;0;0;0;0;0;0;0;0;0;0;0;0;0;0;0;0;0;Sim;Desbloqueado;;TREINADO;;;;;;;;;;;;;;;;;;;;;;;;;;;;;;;;;
423251;"JOAO JOSE MERCEARIA";0685/242;06/04/2026;CE;ITAICABA;30/03/2026;;"FORTALEZA LESTE";01/07/2026;104;0;0;0;0;0;0;0;0;0;0;0;0;0;0;0;0;0;0;Nao;Desbloqueado;;TREINADO;;;;;;;;;;;;;;;;;;;;;;;;;;;;;;;;;
220498;"MERCEARIA AMORIM CAVALCANTE";5798/152;10/03/2022;PI;"CAMPO LARGO DO PIAUI";31/03/2022;18/07/2022;TERESINA;01/07/2026;27;0;0;0;0;0;0;0;0;0;0;0;0;0;0;0;0;0;0;Nao;Desbloqueado;;TREINADO;;;;;;;;;;;;;;;;;;;;;;;;;;;;;;;;;
401567;"Estacao Farma";1522/272;14/03/2024;PI;"BOM PRINCIPIO DO PIAUI";28/02/2024;26/03/2024;TERESINA;01/07/2026;70;0;0;0;0;0;0;0;0;0;0;0;0;0;0;0;0;0;0;Nao;Desbloqueado;;TREINADO;;;;;;;;;;;;;;;;;;;;;;;;;;;;;;;;;
404007;"Comercial Ebenezer";0726/269;11/03/2026;CE;"VICOSA DO CEARA";20/06/2024;10/07/2024;TERESINA;24/06/2026;0;0;0;0;0;0;0;0;0;0;0;0;0;0;0;0;0;0;0;Sim;Desbloqueado;;TRANSACIONAL;;;;;;;;;;;;;;;;;;;;;;;;;;;;;;;;;
408134;"Valeria Auto Pecas";1351/333;16/05/2025;CE;AMONTADA;27/11/2024;09/06/2025;"FORTALEZA OESTE";01/07/2026;25;0;0;0;0;0;0;0;0;0;0;0;0;0;0;0;0;0;0;Nao;Desbloqueado;;TREINADO;;;;;;;;;;;;;;;;;;;;;;;;;;;;;;;;;
165586;"MERCADINHO BARBOSA";5366/078;19/07/2023;CE;BEBERIBE;12/06/2018;31/07/2023;"FORTALEZA LESTE";01/07/2026;121;0;0;0;0;0;0;0;0;0;0;0;0;0;0;0;0;0;0;Sim;Desbloqueado;;TREINADO;;;;;;;;;;;;;;;;;;;;;;;;;;;;;;;;;
169178;"LOUANA CENTER";5795/121;06/05/2026;PI;"BURITI DOS MONTES";01/04/2020;24/06/2024;TERESINA;01/07/2026;40;0;0;0;0;0;0;0;0;0;0;0;0;0;0;0;0;0;0;Sim;Desbloqueado;;TRANSACIONAL;;;;;;;;;;;;;;;;;;;;;;;;;;;;;;;;;
403857;"MERCADINHO PRACA KXA";0295/256;19/06/2024;CE;CAUCAIA;13/06/2024;26/06/2024;"FORTALEZA OESTE";01/07/2026;28;0;0;0;0;0;0;0;0;0;0;0;0;0;0;0;0;0;0;Sim;Desbloqueado;;TRANSACIONAL;;;;;;;;;;;;;;;;;;;;;;;;;;;;;;;;;
412892;"Jm Farma";0937/767;02/06/2025;PI;"VERA MENDES";21/05/2025;;TERESINA;01/07/2026;74;0;0;0;0;0;0;0;0;0;0;0;0;0;0;0;0;0;0;Nao;Desbloqueado;;TRANSACIONAL;;;;;;;;;;;;;;;;;;;;;;;;;;;;;;;;;
54924;"DEPOSITO SERRA NOSSA LTDA ME";5365/072;09/08/2023;CE;PACOTI;29/07/2015;06/08/2024;"FORTALEZA LESTE";01/07/2026;159;0;0;0;0;0;0;0;0;0;0;0;0;0;0;0;0;0;0;Sim;Desbloqueado;;TREINADO;;;;;;;;;;;;;;;;;;;;;;;;;;;;;;;;;
227528;"DANIEL FARMA";0716/131;17/09/2025;CE;CASCAVEL;15/01/2024;01/04/2022;"FORTALEZA LESTE";01/07/2026;6;0;0;0;0;0;0;0;0;0;0;0;0;0;0;0;0;0;0;Nao;Desbloqueado;;TREINADO;;;;;;;;;;;;;;;;;;;;;;;;;;;;;;;;;
184473;"DROGARIA BEM ESTAR";5811/107;06/12/2023;PI;"LAGOA ALEGRE";15/01/2024;20/04/2022;TERESINA;01/07/2026;220;0;0;0;0;0;0;0;0;0;0;0;0;0;0;0;0;0;0;Sim;Desbloqueado;;TRANSACIONAL;;;;;;;;;;;;;;;;;;;;;;;;;;;;;;;;;
231399;"D K COMERCIAL";5367/143;16/06/2025;CE;CRUZ;15/01/2024;08/08/2022;"FORTALEZA OESTE";01/07/2026;44;0;0;0;0;0;0;0;0;0;0;0;0;0;0;0;0;0;0;Sim;Desbloqueado;;TREINADO;;;;;;;;;;;;;;;;;;;;;;;;;;;;;;;;;
251507;"PAPELARIA BEL VARIEDADES";0458/365;11/02/2025;CE;FORQUILHA;07/12/2023;18/12/2023;"FORTALEZA OESTE";01/07/2026;179;0;0;0;0;0;0;0;0;0;0;0;0;0;0;0;0;0;0;Sim;Desbloqueado;;TREINADO;;;;;;;;;;;;;;;;;;;;;;;;;;;;;;;;;
423259;"Supermercado Santana";0937/784;28/05/2026;PI;"ISAIAS COELHO";30/03/2026;;TERESINA;01/07/2026;8;0;0;0;0;0;0;0;0;0;0;0;0;0;0;0;0;0;0;Sim;Desbloqueado;;TRANSACIONAL;;;;;;;;;;;;;;;;;;;;;;;;;;;;;;;;;
83971;"EXCLUSIVA STORE";5415/066;27/01/2021;CE;"SENADOR SA";21/05/2015;07/05/2026;"FORTALEZA OESTE";01/07/2026;140;0;0;0;0;0;0;0;0;0;0;0;0;0;0;0;0;0;0;Nao;Desbloqueado;;TREINADO;;;;;;;;;;;;;;;;;;;;;;;;;;;;;;;;;
403204;"Drogaria Maanaim";5792/193;07/06/2024;PI;BARRAS;17/05/2024;11/06/2024;TERESINA;01/07/2026;92;0;0;0;0;0;0;0;0;0;0;0;0;0;0;0;0;0;0;Nao;Desbloqueado;;TREINADO;;;;;;;;;;;;;;;;;;;;;;;;;;;;;;;;;
424192;"Prospect Autos";0649/148;29/05/2026;CE;FORTALEZA;15/05/2026;11/06/2026;"FORTALEZA OESTE";30/06/2026;0;0;0;0;0;0;0;0;0;0;0;0;0;0;0;0;0;0;0;Nao;Desbloqueado;;TREINADO;;;;;;;;;;;;;;;;;;;;;;;;;;;;;;;;;
51599;"DANDAN MOVEIS";0703/087;17/11/2020;CE;ERERE;09/09/2015;09/06/2026;"FORTALEZA LESTE";01/07/2026;98;1;1;1;0;0;0;0;0;0;0;0;0;0;0;0;0;1;0;Sim;Desbloqueado;;TREINADO;;;;;;;;;;;;;;;;;;;;;;;;;;;;;;;;;
121932;"CEICA FASHION";5790/085;05/06/2024;PI;"PAU D ARCO DO PIAUI";19/05/2016;25/09/2019;TERESINA;01/07/2026;19;0;0;0;0;0;0;0;0;0;0;0;0;0;0;0;0;0;0;Nao;Desbloqueado;;TRANSACIONAL;;;;;;;;;;;;;;;;;;;;;;;;;;;;;;;;;
203968;"J B SUPERMERCADO";1302/153;03/10/2023;CE;CANINDE;16/09/2020;24/11/2020;"FORTALEZA OESTE";01/07/2026;7;0;0;0;0;0;0;0;0;0;0;0;0;0;0;0;0;0;0;Nao;Desbloqueado;;TRANSACIONAL;;;;;;;;;;;;;;;;;;;;;;;;;;;;;;;;;
419870;"Bomboniere Doce Vida";0713/232;02/12/2025;CE;FORTALEZA;28/11/2025;;"FORTALEZA LESTE";01/07/2026;2;0;0;0;0;0;0;0;0;0;0;0;0;0;0;0;0;0;0;Nao;Desbloqueado;;TREINADO;;;;;;;;;;;;;;;;;;;;;;;;;;;;;;;;;
64347;"OFICINA E AUTOPECAS ZE MAGO";0703/094;18/09/2023;CE;"TABULEIRO DO NORTE";16/03/2016;16/01/2025;"FORTALEZA LESTE";11/05/2026;0;0;0;0;0;0;0;0;0;0;0;0;0;0;0;0;0;0;0;Nao;Desbloqueado;;TRANSACIONAL;;;;;;;;;;;;;;;;;;;;;;;;;;;;;;;;;
156399;"MERCADINHO ARAUJO";1781/097;14/11/2023;CE;QUIXERE;14/07/2017;30/09/2022;"FORTALEZA LESTE";01/07/2026;236;0;0;0;0;0;0;0;0;0;0;0;0;0;0;0;0;0;0;Sim;Desbloqueado;;TREINADO;;;;;;;;;;;;;;;;;;;;;;;;;;;;;;;;;
174787;IZACON;0704/132;31/05/2024;CE;ARACOIABA;19/03/2019;11/02/2025;"FORTALEZA LESTE";01/07/2026;15;0;0;0;0;0;0;0;0;0;0;0;0;0;0;0;0;0;0;Nao;Desbloqueado;;TREINADO;;;;;;;;;;;;;;;;;;;;;;;;;;;;;;;;;
227787;"SAO BRAZ SUPERMERCADO 0001";0405/540;21/08/2023;PI;TERESINA;29/12/2021;07/12/2022;TERESINA;01/07/2026;13;0;0;0;0;0;0;0;0;0;0;0;0;0;0;0;0;0;0;Nao;Desbloqueado;;TRANSACIONAL;;;;;;;;;;;;;;;;;;;;;;;;;;;;;;;;;
410984;"Jh Personalizados e Papelaria";0699/132;03/04/2025;CE;"SAO LUIS DO CURU";01/04/2025;22/04/2025;"FORTALEZA OESTE";01/07/2026;34;0;0;0;0;0;0;0;0;0;0;0;0;0;0;0;0;0;0;Nao;Desbloqueado;;TREINADO;;;;;;;;;;;;;;;;;;;;;;;;;;;;;;;;;
63557;"COMERCIAL ESCORCIO";1522/118;20/04/2022;PI;"MURICI DOS PORTELAS";20/08/2015;12/12/2024;TERESINA;01/07/2026;10;0;0;0;0;0;0;0;0;0;0;0;0;0;0;0;0;0;0;Nao;Desbloqueado;;TRANSACIONAL;;;;;;;;;;;;;;;;;;;;;;;;;;;;;;;;;
116487;"MERCADINHO O TUTA";0719/091;22/07/2023;CE;IRAUCUBA;07/05/2015;16/02/2026;"FORTALEZA OESTE";01/07/2026;305;0;0;0;0;0;0;0;0;0;0;0;0;0;0;0;0;0;0;Nao;Desbloqueado;;TREINADO;;;;;;;;;;;;;;;;;;;;;;;;;;;;;;;;;
246099;"COMERCIAL VASCONCELOS";0684/198;17/04/2023;CE;CRUZ;21/08/2023;14/08/2023;"FORTALEZA OESTE";01/07/2026;30;0;0;0;0;0;0;0;0;0;0;0;0;0;0;0;0;0;0;Nao;Desbloqueado;;TRANSACIONAL;;;;;;;;;;;;;;;;;;;;;;;;;;;;;;;;;
250109;"MERCADINHO POPULAR";0985/342;;PI;"JATOBA DO PIAUI";15/01/2024;;TERESINA;01/07/2026;17;0;0;0;0;0;0;0;0;0;0;0;0;0;0;0;0;0;0;Nao;Desbloqueado;;TRANSACIONAL;;;;;;;;;;;;;;;;;;;;;;;;;;;;;;;;;
415305;"Farmacia Casarao Dos Medicamentos";0713/227;11/08/2025;CE;FORTALEZA;29/07/2025;10/09/2025;"FORTALEZA LESTE";10/12/2025;0;0;0;0;0;0;0;0;0;0;0;0;0;0;0;0;0;0;0;Sim;Bloqueado;02/03/2026;TREINADO;;;;;;;;;;;;;;;;;;;;;;;;;;;;;;;;;
84297;"CYBER TCHE";5387/078;01/12/2020;CE;MARTINOPOLE;13/05/2015;19/03/2026;"FORTALEZA OESTE";01/07/2026;62;0;0;0;0;2200;0;0;0;0;0;0;0;0;0;0;0;0;0;Sim;Desbloqueado;;TREINADO;;;;;;;;;;;;;;;;;;;;;;;;;;;;;;;;;
189052;"MERCADINHO DAYLLANOS";0703/159;14/07/2023;CE;IRACEMA;01/07/2020;08/07/2025;"FORTALEZA LESTE";01/07/2026;50;0;0;0;0;0;0;0;0;0;0;0;0;0;0;0;0;0;0;Nao;Desbloqueado;;TREINADO;;;;;;;;;;;;;;;;;;;;;;;;;;;;;;;;;
203440;"DOLL JEANS";0684/178;18/11/2020;CE;CRUZ;18/09/2020;13/02/2026;"FORTALEZA OESTE";01/07/2026;116;0;0;0;0;0;5585;5585;0;0;0;0;0;0;0;0;0;0;0;Sim;Desbloqueado;;TREINADO;;;;;;;;;;;;;;;;;;;;;;;;;;;;;;;;;
401950;"SUPERMERCADO FAMILIA";5808/123;26/03/2024;PI;PIRIPIRI;18/03/2024;26/04/2024;TERESINA;08/06/2026;0;0;0;0;0;0;0;0;0;0;0;0;0;0;0;0;0;0;0;Sim;Bloqueado;10/06/2026;TRANSACIONAL;;;;;;;;;;;;;;;;;;;;;;;;;;;;;;;;;
410978;"Mercantil Q & Z";3456/090;;CE;FORTALEZA;01/04/2025;;"FORTALEZA LESTE";01/07/2026;13;0;0;0;0;0;0;0;0;0;0;0;0;0;0;0;0;0;0;Sim;Desbloqueado;;TRANSACIONAL;;;;;;;;;;;;;;;;;;;;;;;;;;;;;;;;;
422820;"Lumir Comercio & Distribuidora";0624/087;17/03/2026;CE;FORTALEZA;10/03/2026;;"FORTALEZA LESTE";24/04/2026;0;0;0;0;0;0;0;0;0;0;0;0;0;0;0;0;0;0;0;Nao;Desbloqueado;;TREINADO;;;;;;;;;;;;;;;;;;;;;;;;;;;;;;;;;
140465;"COMERCIAL A DEUSELINA";5792/110;03/01/2022;PI;PORTO;29/05/2015;21/10/2025;TERESINA;01/07/2026;184;0;0;0;0;0;0;0;0;0;0;0;0;0;0;0;0;0;0;Sim;Desbloqueado;;TREINADO;;;;;;;;;;;;;;;;;;;;;;;;;;;;;;;;;
165833;"PONTES VARIEDADES";5447/095;15/06/2023;CE;PENTECOSTE;24/04/2018;05/02/2026;"FORTALEZA OESTE";01/07/2026;255;0;0;0;0;0;0;0;0;0;0;0;0;0;0;0;0;0;0;Sim;Desbloqueado;;TREINADO;;;;;;;;;;;;;;;;;;;;;;;;;;;;;;;;;
411108;"Varejista Magalhaes";1351/260;14/04/2025;CE;ITAPIPOCA;04/04/2025;30/04/2025;"FORTALEZA OESTE";01/07/2026;11;0;0;0;0;0;0;0;0;0;0;0;0;0;0;0;0;0;0;Nao;Desbloqueado;;TRANSACIONAL;;;;;;;;;;;;;;;;;;;;;;;;;;;;;;;;;
414644;"Fofinho Bebe";0713/225;16/07/2025;CE;FORTALEZA;11/07/2025;01/08/2025;"FORTALEZA LESTE";15/04/2026;0;0;0;0;0;0;0;0;0;0;0;0;0;0;0;0;0;0;0;Nao;Desbloqueado;;TREINADO;;;;;;;;;;;;;;;;;;;;;;;;;;;;;;;;;
417617;"Mais Calcados";0854/191;19/09/2025;MA;TIMON;12/09/2025;25/09/2025;TERESINA;25/06/2026;0;0;0;0;0;0;0;0;0;0;0;0;0;0;0;0;0;0;0;Nao;Desbloqueado;;TREINADO;;;;;;;;;;;;;;;;;;;;;;;;;;;;;;;;;
423949;"Salud Posto de Medicamentos";5449/175;11/05/2026;CE;REDENCAO;01/05/2026;19/05/2026;"FORTALEZA LESTE";30/06/2026;0;0;0;0;0;0;0;0;0;0;0;0;0;0;0;0;0;0;0;Nao;Desbloqueado;;TREINADO;;;;;;;;;;;;;;;;;;;;;;;;;;;;;;;;;
203153;"PANIFICADORA VILAR";1522/252;06/04/2026;PI;"ILHA GRANDE";15/01/2024;14/05/2026;TERESINA;01/07/2026;10;0;0;0;0;0;0;0;0;0;0;0;0;0;0;0;0;0;0;Nao;Desbloqueado;;TRANSACIONAL;;;;;;;;;;;;;;;;;;;;;;;;;;;;;;;;;
418154;"MERCEARIA VALDIRENE";0726/275;03/10/2025;CE;"VICOSA DO CEARA";24/09/2025;13/10/2025;TERESINA;30/06/2026;0;0;0;0;0;0;0;0;0;0;0;0;0;0;0;0;0;0;0;Nao;Desbloqueado;;TRANSACIONAL;;;;;;;;;;;;;;;;;;;;;;;;;;;;;;;;;
424704;"Wilza Variedades";0645/155;16/06/2026;CE;FORTALEZA;10/06/2026;23/06/2026;"FORTALEZA OESTE";30/06/2026;0;0;0;0;0;0;0;0;0;0;0;0;0;0;0;0;0;0;0;Nao;Desbloqueado;;TREINADO;;;;;;;;;;;;;;;;;;;;;;;;;;;;;;;;;
22763;"FARMACIA SANTO ANTONIO";0702/127;23/09/2020;CE;CARIRE;22/06/2015;15/10/2024;"FORTALEZA OESTE";01/07/2026;269;0;0;0;0;0;0;0;0;0;0;0;0;0;0;0;0;1;0;Sim;Desbloqueado;;TREINADO;;;;;;;;;;;;;;;;;;;;;;;;;;;;;;;;;
153608;"COMERCIAL HORIZONTE";0405/487;;PI;AGRICOLANDIA;31/03/2020;15/09/2023;TERESINA;01/07/2026;7;0;0;0;0;0;0;0;0;0;0;0;0;0;0;0;0;0;0;Nao;Desbloqueado;;TRANSACIONAL;;;;;;;;;;;;;;;;;;;;;;;;;;;;;;;;;
161553;"LIMA VARIEDADES";0767/110;17/08/2023;CE;GUAIUBA;02/05/2019;22/05/2026;"FORTALEZA LESTE";01/07/2026;157;1;1;1;0;0;0;0;0;0;0;0;0;0;0;0;0;2;0;Sim;Desbloqueado;;TREINADO;;;;;;;;;;;;;;;;;;;;;;;;;;;;;;;;;
204305;"CASA DAS COPIAS SAO JOAO BATISTA";0711/129;23/09/2024;CE;HORIZONTE;15/01/2024;24/10/2024;"FORTALEZA LESTE";01/07/2026;27;3;0;0;0;0;0;0;0;0;0;0;0;0;0;0;0;0;0;Nao;Desbloqueado;;TREINADO;;;;;;;;;;;;;;;;;;;;;;;;;;;;;;;;;
419514;"D & M Vila";5808/216;14/01/2026;PI;"CAPITAO DE CAMPOS";10/11/2025;;TERESINA;01/07/2026;1;0;0;0;0;0;0;0;0;0;0;0;0;0;0;0;0;0;0;Nao;Desbloqueado;;TRANSACIONAL;;;;;;;;;;;;;;;;;;;;;;;;;;;;;;;;;
421971;"Absoluta Moveis";5098/088;29/01/2026;CE;"ALTO SANTO";23/01/2026;05/02/2026;"FORTALEZA LESTE";01/07/2026;109;0;0;0;0;0;0;0;0;0;0;0;0;0;0;0;0;0;0;Nao;Desbloqueado;;TREINADO;;;;;;;;;;;;;;;;;;;;;;;;;;;;;;;;;
407900;"Drogaria Dois Irmaos";5806/139;01/09/2025;PI;"LAGOA DE SAO FRANCISCO";14/11/2024;13/12/2024;TERESINA;01/07/2026;35;0;0;0;0;0;0;0;0;0;0;0;0;0;0;0;0;0;0;Sim;Desbloqueado;;TREINADO;;;;;;;;;;;;;;;;;;;;;;;;;;;;;;;;;
408957;"Nova Farmacia Do Bairro";1351/335;27/01/2025;CE;AMONTADA;07/01/2025;14/02/2025;"FORTALEZA OESTE";01/07/2026;14;0;0;0;0;0;0;0;0;0;0;0;0;0;0;0;0;0;0;Sim;Desbloqueado;;TREINADO;;;;;;;;;;;;;;;;;;;;;;;;;;;;;;;;;
410173;"Cm Farma";5792/198;13/03/2025;PI;BARRAS;26/02/2025;18/03/2026;TERESINA;01/07/2026;92;0;0;0;0;0;0;0;0;0;0;0;0;0;0;0;0;0;0;Nao;Desbloqueado;;TREINADO;;;;;;;;;;;;;;;;;;;;;;;;;;;;;;;;;
422354;"Mundo Dos Presentes";5395/102;27/02/2026;CE;JAGUARUANA;13/02/2026;06/04/2026;"FORTALEZA LESTE";01/07/2026;126;0;0;0;0;0;0;0;0;0;0;0;0;0;0;0;0;0;0;Nao;Desbloqueado;;TREINADO;;;;;;;;;;;;;;;;;;;;;;;;;;;;;;;;;
423506;"NUTRIMAX SUPLEMENTOS";0752/146;16/04/2026;CE;UBAJARA;10/04/2026;18/05/2026;TERESINA;24/06/2026;0;0;0;0;0;0;0;0;0;0;0;0;0;0;0;0;0;0;0;Nao;Desbloqueado;;TREINADO;;;;;;;;;;;;;;;;;;;;;;;;;;;;;;;;;
144481;"DROGARIA MOURA LEAL";0937/468;10/05/2021;PI;"IPIRANGA DO PIAUI";27/11/2015;22/02/2026;TERESINA;01/07/2026;149;0;0;0;0;0;0;0;0;0;0;0;0;0;0;0;0;0;0;Sim;Desbloqueado;;TRANSACIONAL;;;;;;;;;;;;;;;;;;;;;;;;;;;;;;;;;
181945;"RIUS BEBE";1522/245;17/04/2025;PI;"CAJUEIRO DA PRAIA";15/01/2024;19/11/2025;TERESINA;01/07/2026;37;0;0;0;0;0;0;0;0;0;0;0;0;0;0;0;0;0;0;Sim;Desbloqueado;;TRANSACIONAL;;;;;;;;;;;;;;;;;;;;;;;;;;;;;;;;;
231853;"MERCADINHO NOSSA SENHORA DO CARMO";0458/340;06/10/2023;CE;ALCANTARAS;02/09/2022;06/07/2022;"FORTALEZA OESTE";01/07/2026;5;0;0;0;0;0;0;0;0;0;0;0;0;0;0;0;0;0;0;Nao;Desbloqueado;;TRANSACIONAL;;;;;;;;;;;;;;;;;;;;;;;;;;;;;;;;;
400604;"OPTICA FREITAS";0715/159;08/02/2024;CE;BARROQUINHA;22/01/2024;23/02/2024;"FORTALEZA OESTE";05/05/2026;0;0;0;0;0;0;0;0;0;0;0;0;0;0;0;0;0;0;0;Nao;Desbloqueado;;TREINADO;;;;;;;;;;;;;;;;;;;;;;;;;;;;;;;;;
401713;"Comercial Roberio";0719/198;13/04/2026;CE;TEJUCUOCA;05/03/2024;12/05/2026;"FORTALEZA OESTE";01/07/2026;4;0;0;0;0;0;0;0;0;0;0;0;0;0;0;0;0;0;0;Sim;Desbloqueado;;TRANSACIONAL;;;;;;;;;;;;;;;;;;;;;;;;;;;;;;;;;
402320;"MERCANTIL MARANATA";1522/273;09/04/2025;PI;"CAJUEIRO DA PRAIA";04/04/2024;25/04/2024;TERESINA;01/07/2026;14;0;0;0;0;0;0;0;0;0;0;0;0;0;0;0;0;0;0;Nao;Desbloqueado;;TRANSACIONAL;;;;;;;;;;;;;;;;;;;;;;;;;;;;;;;;;
403800;"A Boutique";0703/204;20/06/2024;CE;"TABULEIRO DO NORTE";11/06/2024;25/06/2024;"FORTALEZA LESTE";23/06/2026;0;0;0;0;0;0;0;0;0;0;0;0;0;0;0;0;0;0;0;Nao;Desbloqueado;;TREINADO;;;;;;;;;;;;;;;;;;;;;;;;;;;;;;;;;
22284;"CARTORIO XIMENES DE MELO";0295/072;28/11/2023;CE;CAUCAIA;15/01/2024;30/06/2021;"FORTALEZA OESTE";20/01/2026;0;0;0;0;0;0;0;0;0;0;0;0;0;0;0;0;0;0;0;Nao;Bloqueado;24/03/2026;TRANSACIONAL;;;;;;;;;;;;;;;;;;;;;;;;;;;;;;;;;
152746;"MERCANTIL CAZUZA";0937/472;30/11/2020;PI;"DOM EXPEDITO LOPES";23/09/2016;15/06/2023;TERESINA;01/07/2026;120;0;0;0;0;0;0;0;0;0;0;0;0;0;0;0;0;0;0;Sim;Desbloqueado;;TRANSACIONAL;;;;;;;;;;;;;;;;;;;;;;;;;;;;;;;;;
248406;"MERCARDINHO SAMPAIO";0985/341;30/04/2025;PI;"SIGEFREDO PACHECO";15/01/2024;20/06/2023;TERESINA;01/07/2026;6;0;0;0;0;0;0;0;0;0;0;0;0;0;0;0;0;0;0;Nao;Desbloqueado;;TRANSACIONAL;;;;;;;;;;;;;;;;;;;;;;;;;;;;;;;;;
407750;"ANCORA DISTRIBUIDORA DE ALIMENTOS 0022";2572/140;22/07/2025;CE;FORTALEZA;12/11/2024;23/07/2025;"FORTALEZA LESTE";01/07/2026;4;1;0;1;0;0;0;0;0;0;0;0;0;0;0;0;0;1;0;Sim;Desbloqueado;;TREINADO;;;;;;;;;;;;;;;;;;;;;;;;;;;;;;;;;
411279;"MERCADINHO PAZ E AMOR";1302/224;20/04/2025;CE;ITATIRA;11/04/2025;;"FORTALEZA OESTE";24/04/2026;0;0;0;0;0;0;0;0;0;0;0;0;0;0;0;0;0;0;0;Sim;Desbloqueado;;TRANSACIONAL;;;;;;;;;;;;;;;;;;;;;;;;;;;;;;;;;
419380;"M A BEZERRA";1234/125;02/06/2026;CE;FORTALEZA;03/11/2025;;"FORTALEZA OESTE";25/06/2026;0;0;0;0;0;0;0;0;0;0;0;0;0;0;0;0;0;0;0;Nao;Desbloqueado;;TRANSACIONAL;;;;;;;;;;;;;;;;;;;;;;;;;;;;;;;;;
421757;"FARMACIA BEM ESTAR";0711/135;05/02/2026;CE;HORIZONTE;13/01/2026;12/02/2026;"FORTALEZA LESTE";01/04/2026;0;0;0;0;0;0;0;0;0;0;0;0;0;0;0;0;0;0;0;Sim;Bloqueado;26/06/2026;TREINADO;;;;;;;;;;;;;;;;;;;;;;;;;;;;;;;;;
422250;"Fb Moto Pecas";0693/153;06/02/2026;CE;MARACANAU;02/02/2026;;"FORTALEZA OESTE";14/04/2026;0;0;0;0;0;0;0;0;0;0;0;0;0;0;0;0;0;0;0;Nao;Bloqueado;26/05/2026;TRANSACIONAL;;;;;;;;;;;;;;;;;;;;;;;;;;;;;;;;;
67580;ELETROMODAS;0684/430;17/10/2023;CE;ACARAU;07/10/2019;22/07/2024;"FORTALEZA OESTE";01/07/2026;60;0;0;0;0;0;0;0;0;0;0;0;0;0;0;0;0;0;0;Nao;Desbloqueado;;TREINADO;;;;;;;;;;;;;;;;;;;;;;;;;;;;;;;;;
87952;"MERCADINHO ELIAS";5792/071;21/01/2025;PI;BARRAS;26/05/2015;29/01/2025;TERESINA;01/07/2026;9;0;0;0;0;0;0;0;0;0;0;0;0;0;0;0;0;0;0;Nao;Desbloqueado;;TRANSACIONAL;;;;;;;;;;;;;;;;;;;;;;;;;;;;;;;;;
187630;"CLAECK SUPERMERCADO";0628/079;;CE;FORTALEZA;07/10/2020;09/06/2021;"FORTALEZA OESTE";01/07/2026;78;0;0;0;0;0;0;0;0;0;0;0;0;0;0;0;0;0;0;Nao;Desbloqueado;;TRANSACIONAL;;;;;;;;;;;;;;;;;;;;;;;;;;;;;;;;;
226017;"MERCADINHO BOM DE PRECO 0002";0985/336;21/01/2022;PI;"SIGEFREDO PACHECO";15/01/2024;24/02/2022;TERESINA;01/07/2026;5;0;0;0;0;0;0;0;0;0;0;0;0;0;0;0;0;0;0;Nao;Desbloqueado;;TRANSACIONAL;;;;;;;;;;;;;;;;;;;;;;;;;;;;;;;;;
246799;"MERCADO CAVALCANTE";1302/181;;CE;CANINDE;15/01/2024;;"FORTALEZA OESTE";07/11/2024;0;0;0;0;0;0;0;0;0;0;0;0;0;0;0;0;0;0;0;Nao;Bloqueado;07/11/2024;TRANSACIONAL;;;;;;;;;;;;;;;;;;;;;;;;;;;;;;;;;
410787;"Farmacia Altair";5367/168;02/04/2025;CE;MORRINHOS;26/03/2025;17/03/2026;"FORTALEZA OESTE";01/07/2026;3;0;0;0;0;0;0;0;0;0;0;0;0;0;0;0;0;0;0;Sim;Desbloqueado;;TREINADO;;;;;;;;;;;;;;;;;;;;;;;;;;;;;;;;;
424673;"MERCEARIA MOTA";5367/185;15/06/2026;CE;MORRINHOS;08/06/2026;;"FORTALEZA OESTE";01/07/2026;19;0;0;0;0;0;0;0;0;0;0;0;0;0;0;0;0;0;0;Nao;Desbloqueado;;TRANSACIONAL;;;;;;;;;;;;;;;;;;;;;;;;;;;;;;;;;
82685;"MERCEARIA MARCIO FILHO";5367/062;24/03/2021;CE;"BELA CRUZ";13/05/2015;17/06/2024;"FORTALEZA OESTE";01/07/2026;88;2;1;2;0;0;0;0;0;0;0;0;0;0;0;0;0;2;0;Sim;Desbloqueado;;TREINADO;;;;;;;;;;;;;;;;;;;;;;;;;;;;;;;;;
145239;"FARMA LIFE";0985/389;06/02/2026;PI;"CASTELO DO PIAUI";05/04/2016;14/07/2022;TERESINA;01/07/2026;48;0;0;0;0;0;0;0;0;0;0;0;0;0;0;0;0;0;0;Sim;Desbloqueado;;TRANSACIONAL;;;;;;;;;;;;;;;;;;;;;;;;;;;;;;;;;
151216;"MERCADINHO O ROBERTO";0405/481;12/01/2022;PI;"DEMERVAL LOBAO";13/09/2016;13/09/2024;TERESINA;01/07/2026;131;0;0;0;0;0;0;0;0;0;0;0;0;0;0;0;0;0;0;Sim;Desbloqueado;;TREINADO;;;;;;;;;;;;;;;;;;;;;;;;;;;;;;;;;
156047;"MERCADINHO UNI FORCA";5806/108;28/09/2023;PI;"MILTON BRANDAO";01/04/2020;29/03/2022;TERESINA;01/07/2026;13;0;0;0;0;0;0;0;0;0;0;0;0;0;0;0;0;0;0;Nao;Desbloqueado;;TRANSACIONAL;;;;;;;;;;;;;;;;;;;;;;;;;;;;;;;;;
186385;"SUPERMERCADO SAO VICENTE";1781/106;11/06/2024;CE;QUIXERE;15/01/2024;28/09/2020;"FORTALEZA LESTE";01/07/2026;65;0;0;0;0;0;0;0;0;0;0;0;0;0;0;0;0;0;0;Nao;Desbloqueado;;TRANSACIONAL;;;;;;;;;;;;;;;;;;;;;;;;;;;;;;;;;
418744;"CAMILA PERFUMARIA";5792/209;14/10/2025;PI;"MATIAS OLIMPIO";04/10/2025;21/10/2025;TERESINA;01/07/2026;10;0;0;0;0;0;0;0;0;0;0;0;0;0;0;0;0;0;0;Nao;Desbloqueado;;TRANSACIONAL;;;;;;;;;;;;;;;;;;;;;;;;;;;;;;;;;
423900;"DROGARIA SANTA LUZIA 0002";5792/212;05/05/2026;PI;PORTO;29/04/2026;12/05/2026;TERESINA;01/07/2026;15;0;0;0;0;0;0;0;0;0;0;0;0;0;0;0;0;0;0;Sim;Desbloqueado;;TREINADO;;;;;;;;;;;;;;;;;;;;;;;;;;;;;;;;;
410267;"Mercadinho Fruver";0685/228;07/03/2025;CE;ITAICABA;28/02/2025;20/03/2025;"FORTALEZA LESTE";01/07/2026;5;0;0;0;0;0;0;0;0;0;0;0;0;0;0;0;0;0;0;Sim;Desbloqueado;;TRANSACIONAL;;;;;;;;;;;;;;;;;;;;;;;;;;;;;;;;;
75109;"F C FARMACIA";0726/198;11/12/2024;CE;"VICOSA DO CEARA";14/11/2024;08/01/2025;TERESINA;01/07/2026;27;0;0;0;0;0;0;0;0;0;0;0;0;0;0;0;0;0;0;Sim;Desbloqueado;;TREINADO;;;;;;;;;;;;;;;;;;;;;;;;;;;;;;;;;
158929;"MERCANTIL GROSSO";5367/114;06/06/2022;CE;MARCO;08/10/2018;09/09/2022;"FORTALEZA OESTE";01/07/2026;32;0;0;0;0;0;0;0;0;0;0;0;0;0;0;0;0;0;0;Nao;Desbloqueado;;TREINADO;;;;;;;;;;;;;;;;;;;;;;;;;;;;;;;;;
248405;"MERCEARIA PAULO";5792/176;20/01/2025;PI;PORTO;15/01/2024;23/06/2023;TERESINA;01/07/2026;15;0;0;0;0;0;0;0;0;0;0;0;0;0;0;0;0;0;0;Nao;Desbloqueado;;TRANSACIONAL;;;;;;;;;;;;;;;;;;;;;;;;;;;;;;;;;
413637;"Tropical Brasil";5443/110;17/06/2025;CE;PARACURU;03/06/2025;03/07/2025;"FORTALEZA OESTE";01/07/2026;1;0;0;0;0;0;0;0;0;0;0;0;0;0;0;0;0;0;0;Nao;Desbloqueado;;TREINADO;;;;;;;;;;;;;;;;;;;;;;;;;;;;;;;;;
424446;"Drogaria Saude Vital";0985/454;29/05/2026;PI;"COCAL DE TELHA";26/05/2026;12/06/2026;TERESINA;01/07/2026;30;0;0;0;0;0;0;0;0;0;0;0;0;0;0;0;0;0;0;Sim;Desbloqueado;;TREINADO;;;;;;;;;;;;;;;;;;;;;;;;;;;;;;;;;
424682;"MERCEARIA CASA DO OVO";0985/455;12/06/2026;PI;"CAMPO MAIOR";09/06/2026;;TERESINA;01/07/2026;1;0;0;0;0;0;0;0;0;0;0;0;0;0;0;0;0;0;0;Nao;Desbloqueado;;TRANSACIONAL;;;;;;;;;;;;;;;;;;;;;;;;;;;;;;;;;
245648;"MERCEARIA D F";0684/196;24/03/2023;CE;ACARAU;17/08/2023;29/05/2023;"FORTALEZA OESTE";01/07/2026;2;0;0;0;0;0;0;0;0;0;0;0;0;0;0;0;0;0;0;Nao;Desbloqueado;;TREINADO;;;;;;;;;;;;;;;;;;;;;;;;;;;;;;;;;
246368;"CASA DA RACAO";0699/123;29/03/2023;CE;"SAO LUIS DO CURU";21/08/2023;16/11/2023;"FORTALEZA OESTE";01/07/2026;36;0;0;0;0;0;0;0;0;0;0;0;0;0;0;0;0;0;0;Sim;Desbloqueado;;TREINADO;;;;;;;;;;;;;;;;;;;;;;;;;;;;;;;;;
406215;"JCL TELAS";0726/270;24/09/2024;CE;"VICOSA DO CEARA";12/09/2024;08/10/2024;TERESINA;01/07/2026;20;0;0;0;0;0;0;0;0;0;0;0;0;0;0;0;0;0;0;Nao;Desbloqueado;;TREINADO;;;;;;;;;;;;;;;;;;;;;;;;;;;;;;;;;
414571;PARAIPAO;5446/147;14/07/2025;CE;PARAIPABA;05/07/2025;30/07/2025;"FORTALEZA OESTE";30/06/2026;0;0;0;0;0;0;0;0;0;0;0;0;0;0;0;0;0;0;0;Nao;Desbloqueado;;TREINADO;;;;;;;;;;;;;;;;;;;;;;;;;;;;;;;;;
419776;"Mercantil N Sra de Fatima";0649/144;15/12/2025;CE;FORTALEZA;21/11/2025;;"FORTALEZA OESTE";01/07/2026;23;0;0;0;0;0;0;0;0;0;0;0;0;0;0;0;0;0;0;Sim;Desbloqueado;;TRANSACIONAL;;;;;;;;;;;;;;;;;;;;;;;;;;;;;;;;;
59775;"MERCADINHO SAO VICENTE";0937/247;02/02/2021;PI;"ALAGOINHA DO PIAUI";06/04/2016;13/09/2024;TERESINA;01/07/2026;111;0;0;0;0;0;0;0;0;0;0;0;0;0;0;0;0;0;0;Sim;Desbloqueado;;TREINADO;;;;;;;;;;;;;;;;;;;;;;;;;;;;;;;;;
217448;"M L FONTENELE";5387/121;30/04/2026;CE;GRANJA;11/05/2021;09/06/2026;"FORTALEZA OESTE";01/07/2026;118;0;0;0;0;0;0;0;0;0;0;0;0;0;0;0;0;0;0;Sim;Desbloqueado;;TREINADO;;;;;;;;;;;;;;;;;;;;;;;;;;;;;;;;;
221915;"TOP MOVEIS PARNAIBA 0023";1522/259;25/08/2025;PI;PARNAIBA;15/01/2024;25/05/2023;TERESINA;01/07/2026;7;0;0;0;0;0;0;0;0;0;0;0;0;0;0;0;0;0;0;Nao;Desbloqueado;;TREINADO;;;;;;;;;;;;;;;;;;;;;;;;;;;;;;;;;
404019;"GORDIN DO 10";1351/248;27/06/2024;CE;ITAPIPOCA;20/06/2024;10/06/2026;"FORTALEZA OESTE";01/07/2026;23;1;0;1;0;0;0;0;0;0;0;0;0;0;0;0;0;1;0;Nao;Desbloqueado;;TREINADO;;;;;;;;;;;;;;;;;;;;;;;;;;;;;;;;;
406829;"Ita Plasticos";1351/257;10/02/2025;CE;ITAPIPOCA;08/10/2024;16/06/2025;"FORTALEZA OESTE";01/07/2026;7;0;0;0;0;0;0;0;0;0;0;0;0;0;0;0;0;0;0;Nao;Desbloqueado;;TRANSACIONAL;;;;;;;;;;;;;;;;;;;;;;;;;;;;;;;;;
407432;"Drogaria Lopes";5798/169;12/11/2024;PI;"SAO JOAO DO ARRAIAL";31/10/2024;25/11/2024;TERESINA;01/07/2026;33;0;0;0;0;0;0;0;0;0;0;0;0;0;0;0;0;0;0;Nao;Desbloqueado;;TREINADO;;;;;;;;;;;;;;;;;;;;;;;;;;;;;;;;;
159774;"FARMACIA LUCILIA";5415/112;15/08/2023;CE;MASSAPE;10/08/2017;11/06/2026;"FORTALEZA OESTE";01/07/2026;459;0;0;0;0;0;0;0;0;0;0;0;0;0;0;0;0;0;0;Sim;Desbloqueado;;TREINADO;;;;;;;;;;;;;;;;;;;;;;;;;;;;;;;;;
233356;"CENTRO FARMA FARMACIA";1302/177;03/05/2022;CE;ITATIRA;15/01/2024;;"FORTALEZA OESTE";30/06/2026;0;0;0;0;0;0;0;0;0;0;0;0;0;0;0;0;0;0;0;Nao;Desbloqueado;;TRANSACIONAL;;;;;;;;;;;;;;;;;;;;;;;;;;;;;;;;;
54377;OTOPECAS;0985/211;20/08/2021;PI;"BOQUEIRAO DO PIAUI";06/04/2016;17/07/2024;TERESINA;01/07/2026;57;0;0;0;0;0;0;0;0;0;0;0;0;0;0;0;0;0;0;Sim;Desbloqueado;;TREINADO;;;;;;;;;;;;;;;;;;;;;;;;;;;;;;;;;
144105;"MILCA PRESENTES";1351/279;20/08/2021;CE;MIRAIMA;29/09/2015;11/09/2025;"FORTALEZA OESTE";01/07/2026;60;0;0;0;0;0;0;0;0;0;0;0;0;0;0;0;0;0;0;Nao;Desbloqueado;;TREINADO;;;;;;;;;;;;;;;;;;;;;;;;;;;;;;;;;
178400;"SANTA BARBARA";0405/107;21/09/2022;PI;CURRALINHOS;20/03/2020;21/08/2019;TERESINA;01/07/2026;13;0;0;0;0;0;0;0;0;0;0;0;0;0;0;0;0;0;0;Nao;Desbloqueado;;TRANSACIONAL;;;;;;;;;;;;;;;;;;;;;;;;;;;;;;;;;
243500;"LIMA PAPELARIA E VARIEDADES";0458/396;22/09/2023;CE;MORAUJO;17/08/2023;12/01/2023;"FORTALEZA OESTE";01/07/2026;18;0;0;0;0;0;0;0;0;0;0;0;0;0;0;0;0;0;0;Nao;Desbloqueado;;TRANSACIONAL;;;;;;;;;;;;;;;;;;;;;;;;;;;;;;;;;
253095;"COMERCIAL JOAS";1351/329;30/10/2023;CE;AMONTADA;15/01/2024;05/12/2023;"FORTALEZA OESTE";30/06/2026;0;0;0;0;0;0;0;0;0;0;0;0;0;0;0;0;0;0;0;Nao;Desbloqueado;;TRANSACIONAL;;;;;;;;;;;;;;;;;;;;;;;;;;;;;;;;;
40431;"DROGARIA J M";0405/124;01/04/2022;PI;"MONSENHOR GIL";15/01/2024;30/04/2026;TERESINA;01/07/2026;52;0;0;0;0;0;0;0;0;0;0;0;0;0;0;0;0;0;0;Nao;Desbloqueado;;TREINADO;;;;;;;;;;;;;;;;;;;;;;;;;;;;;;;;;
140099;"SUPER TELEFRANGO 0001";0625/091;07/11/2025;CE;FORTALEZA;28/04/2015;07/12/2023;"FORTALEZA OESTE";11/12/2025;0;0;0;0;0;0;0;0;0;0;0;0;0;0;0;0;0;0;0;Nao;Bloqueado;02/03/2026;TRANSACIONAL;;;;;;;;;;;;;;;;;;;;;;;;;;;;;;;;;
183748;"MERCADINHO VAL";0765/114;07/01/2021;CE;OCARA;09/12/2019;23/10/2024;"FORTALEZA LESTE";01/07/2026;100;0;0;0;0;0;0;0;0;0;0;0;0;0;0;0;0;0;0;Sim;Desbloqueado;;TRANSACIONAL;;;;;;;;;;;;;;;;;;;;;;;;;;;;;;;;;
411102;"Wanks Celulares";5447/134;29/04/2025;CE;PENTECOSTE;04/04/2025;;"FORTALEZA OESTE";23/12/2025;0;0;0;0;0;0;0;0;0;0;0;0;0;0;0;0;0;0;0;Nao;Bloqueado;02/03/2026;TRANSACIONAL;;;;;;;;;;;;;;;;;;;;;;;;;;;;;;;;;
422879;"MENINA ALICIA MODA INFANTIL";1302/232;17/03/2026;CE;ITATIRA;12/03/2026;15/04/2026;"FORTALEZA OESTE";01/07/2026;3;0;0;0;0;0;0;0;0;0;0;0;0;0;0;0;0;0;0;Nao;Desbloqueado;;TREINADO;;;;;;;;;;;;;;;;;;;;;;;;;;;;;;;;;
77341;"COMERCIAL M MELQUIDES";0985/363;12/02/2025;PI;"SAO JOAO DA SERRA";15/01/2024;16/11/2022;TERESINA;01/07/2026;53;0;0;0;0;0;0;0;0;0;0;0;0;0;0;0;0;0;0;Nao;Desbloqueado;;TRANSACIONAL;;;;;;;;;;;;;;;;;;;;;;;;;;;;;;;;;
174735;"MERCADINHO BOM PRECO";0937/513;03/07/2025;PI;"SAO JOSE DO PIAUI";30/04/2019;19/02/2024;TERESINA;01/07/2026;73;0;0;0;0;0;0;0;0;0;0;0;0;0;0;0;0;0;0;Sim;Desbloqueado;;TREINADO;;;;;;;;;;;;;;;;;;;;;;;;;;;;;;;;;
254657;"FARMACIAS JK 0002";5387/135;17/11/2023;CE;GRANJA;15/01/2024;08/12/2023;"FORTALEZA OESTE";30/06/2026;0;0;0;0;0;0;0;0;0;0;0;0;0;0;0;0;0;0;0;Nao;Desbloqueado;;TREINADO;;;;;;;;;;;;;;;;;;;;;;;;;;;;;;;;;
405979;"Comercial Canbistinha";0985/345;25/09/2024;PI;"CAMPO MAIOR";03/09/2024;27/09/2024;TERESINA;01/07/2026;31;1;1;1;0;0;0;0;0;0;0;0;0;0;0;0;0;1;0;Sim;Desbloqueado;;TREINADO;;;;;;;;;;;;;;;;;;;;;;;;;;;;;;;;;
416500;"Mercadinho  Herminio lj 002";5447/139;08/09/2025;CE;PENTECOSTE;28/08/2025;;"FORTALEZA OESTE";01/07/2026;16;0;0;0;0;0;0;0;0;0;0;0;0;0;0;0;0;0;0;Sim;Desbloqueado;;TREINADO;;;;;;;;;;;;;;;;;;;;;;;;;;;;;;;;;
418055;"Lojao Conforto Ii";0699/137;29/09/2025;CE;"SAO GONCALO DO AMARANTE";23/09/2025;20/10/2025;"FORTALEZA OESTE";12/12/2025;0;0;0;0;0;0;0;0;0;0;0;0;0;0;0;0;0;0;0;Nao;Bloqueado;02/03/2026;TRANSACIONAL;;;;;;;;;;;;;;;;;;;;;;;;;;;;;;;;;
230321;"EFFES EMPREENDIMENTOS";0719/155;19/08/2025;CE;TEJUCUOCA;17/08/2023;30/03/2022;"FORTALEZA OESTE";01/07/2026;40;0;0;0;0;0;0;0;0;0;0;0;0;0;0;0;0;0;0;Nao;Desbloqueado;;TREINADO;;;;;;;;;;;;;;;;;;;;;;;;;;;;;;;;;
232839;"TOP MOVEIS RUSSAS 0036";0696/119;01/08/2023;CE;RUSSAS;15/01/2024;28/07/2022;"FORTALEZA LESTE";01/07/2026;21;0;0;0;0;0;0;0;0;0;0;0;0;0;0;0;0;0;0;Nao;Desbloqueado;;TRANSACIONAL;;;;;;;;;;;;;;;;;;;;;;;;;;;;;;;;;
408799;"JACINTO MERCADO";2999/137;15/04/2025;CE;FORTALEZA;23/12/2024;25/04/2025;"FORTALEZA OESTE";04/05/2026;0;0;0;0;0;0;0;0;0;0;0;0;0;0;0;0;0;0;0;Sim;Bloqueado;05/05/2026;TRANSACIONAL;;;;;;;;;;;;;;;;;;;;;;;;;;;;;;;;;
417735;"Super Tio Augusto 0004";0752/143;24/09/2025;CE;IBIAPINA;17/09/2025;15/08/2024;TERESINA;01/07/2026;240;0;0;0;0;0;0;0;0;0;0;0;0;0;0;0;0;0;0;Sim;Desbloqueado;;TREINADO;;;;;;;;;;;;;;;;;;;;;;;;;;;;;;;;;
139618;"MERCEARIA BANDEIRA";0985/303;;PI;"SIGEFREDO PACHECO";11/04/2016;31/03/2015;TERESINA;01/07/2026;33;0;0;0;0;0;0;0;0;0;0;0;0;0;0;0;0;0;0;Nao;Desbloqueado;;TRANSACIONAL;;;;;;;;;;;;;;;;;;;;;;;;;;;;;;;;;
188319;"MERCADINHO MARQUES";0985/329;30/04/2025;PI;"SIGEFREDO PACHECO";15/01/2024;20/05/2026;TERESINA;01/07/2026;19;0;0;0;0;0;0;0;0;0;0;0;0;0;0;0;0;0;0;Nao;Desbloqueado;;TRANSACIONAL;;;;;;;;;;;;;;;;;;;;;;;;;;;;;;;;;
205252;"YASMIM VARIEDADES";0719/145;13/09/2023;CE;ITAPAJE;02/07/2021;14/10/2025;"FORTALEZA OESTE";01/07/2026;118;2;2;2;0;0;0;0;0;0;0;0;0;0;0;0;0;2;0;Sim;Desbloqueado;;TREINADO;;;;;;;;;;;;;;;;;;;;;;;;;;;;;;;;;
403465;"CLEIDES MERCADO";0937/756;26/08/2024;PI;"ALAGOINHA DO PIAUI";28/05/2024;;TERESINA;01/07/2026;67;0;0;0;0;0;0;0;0;0;0;0;0;0;0;0;0;0;0;Nao;Desbloqueado;;TRANSACIONAL;;;;;;;;;;;;;;;;;;;;;;;;;;;;;;;;;
411493;"Muambaria Perfumaria";0684/218;28/04/2025;CE;ACARAU;16/04/2025;05/05/2025;"FORTALEZA OESTE";17/12/2025;0;0;0;0;0;0;0;0;0;0;0;0;0;0;0;0;0;0;0;Nao;Bloqueado;02/03/2026;TREINADO;;;;;;;;;;;;;;;;;;;;;;;;;;;;;;;;;
412734;"Esperanca Center";0765/144;28/05/2025;CE;OCARA;16/05/2025;27/06/2025;"FORTALEZA LESTE";13/12/2025;0;0;0;0;0;0;0;0;0;0;0;0;0;0;0;0;0;0;0;Nao;Bloqueado;02/03/2026;TREINADO;;;;;;;;;;;;;;;;;;;;;;;;;;;;;;;;;
417413;"Mercantil Paraiso";0702/183;16/09/2025;CE;CARIRE;09/09/2025;;"FORTALEZA OESTE";01/07/2026;3;0;0;0;0;0;0;0;0;0;0;0;0;0;0;0;0;0;0;Nao;Desbloqueado;;TRANSACIONAL;;;;;;;;;;;;;;;;;;;;;;;;;;;;;;;;;
419957;"Oculos & Cia";0765/171;16/12/2025;CE;PACAJUS;02/12/2025;12/02/2026;"FORTALEZA LESTE";30/06/2026;0;0;0;0;0;0;0;0;0;0;0;0;0;0;0;0;0;0;0;Nao;Desbloqueado;;TREINADO;;;;;;;;;;;;;;;;;;;;;;;;;;;;;;;;;
420354;"Optica Freitas 0002";5387/172;08/01/2026;CE;MARTINOPOLE;24/12/2025;28/01/2026;"FORTALEZA OESTE";30/06/2026;0;0;0;0;0;0;0;0;0;0;0;0;0;0;0;0;0;0;0;Nao;Desbloqueado;;TREINADO;;;;;;;;;;;;;;;;;;;;;;;;;;;;;;;;;
422858;"Posto Uniforca";5806/150;24/03/2026;PI;"MILTON BRANDAO";11/03/2026;22/04/2026;TERESINA;01/07/2026;2;0;0;0;0;0;0;0;0;0;0;0;0;0;0;0;0;0;0;Nao;Desbloqueado;;TREINADO;;;;;;;;;;;;;;;;;;;;;;;;;;;;;;;;;
50027;SUPRIBEM;3456/085;03/05/2023;CE;FORTALEZA;19/08/2015;04/05/2023;"FORTALEZA LESTE";01/07/2026;26;0;0;0;0;0;0;0;0;0;0;0;0;0;0;0;0;0;0;Nao;Desbloqueado;;TRANSACIONAL;;;;;;;;;;;;;;;;;;;;;;;;;;;;;;;;;
92610;"FARMACIA GUAIUBA";0767/076;04/02/2021;CE;GUAIUBA;05/08/2015;24/06/2024;"FORTALEZA LESTE";01/07/2026;203;0;0;0;0;1550;0;0;0;0;0;0;0;0;0;0;0;0;0;Sim;Desbloqueado;;TREINADO;;;;;;;;;;;;;;;;;;;;;;;;;;;;;;;;;
237156;"DISTRIBUIDORA DE ALIMENTOS ALBUQUERQUE";0628/090;11/01/2024;CE;FORTALEZA;15/01/2024;12/01/2024;"FORTALEZA OESTE";01/07/2026;15;0;0;0;0;0;0;0;0;0;0;0;0;0;0;0;0;0;0;Nao;Desbloqueado;;TREINADO;;;;;;;;;;;;;;;;;;;;;;;;;;;;;;;;;
424081;"KC Mercadinho Rei do Arroz";0985/453;12/05/2026;PI;"SIGEFREDO PACHECO";08/05/2026;20/05/2026;TERESINA;01/07/2026;12;0;0;0;0;0;0;0;0;0;0;0;0;0;0;0;0;0;0;Nao;Desbloqueado;;TRANSACIONAL;;;;;;;;;;;;;;;;;;;;;;;;;;;;;;;;;
79111;"MERCADINHO PADRE CICERO";5438/067;25/06/2021;CE;JAGUARETAMA;06/05/2015;21/11/2024;"FORTALEZA LESTE";01/07/2026;147;0;0;0;0;0;0;0;0;0;0;0;0;0;0;0;0;0;0;Sim;Desbloqueado;;TREINADO;;;;;;;;;;;;;;;;;;;;;;;;;;;;;;;;;
412735;"Otica Piripiri";5808/206;26/05/2025;PI;PIRIPIRI;16/05/2025;19/05/2026;TERESINA;01/07/2026;14;0;0;0;0;0;0;0;0;0;0;0;0;0;0;0;0;0;0;Nao;Desbloqueado;;TREINADO;;;;;;;;;;;;;;;;;;;;;;;;;;;;;;;;;
420274;"MERCEARIA CAVALCANTE";0458/452;30/12/2025;CE;FORQUILHA;16/12/2025;08/01/2026;"FORTALEZA OESTE";01/07/2026;44;0;0;0;0;0;0;0;0;0;0;0;0;0;0;0;0;0;0;Nao;Desbloqueado;;TREINADO;;;;;;;;;;;;;;;;;;;;;;;;;;;;;;;;;
45300;DROGAGILDO;0704/202;04/06/2021;CE;ITAPIUNA;19/08/2015;12/11/2021;"FORTALEZA LESTE";01/07/2026;25;0;0;0;0;0;0;0;0;0;0;0;0;0;0;0;0;0;0;Nao;Desbloqueado;;TREINADO;;;;;;;;;;;;;;;;;;;;;;;;;;;;;;;;;
172942;"COMERCIAL O NEGO";0985/318;17/05/2024;PI;"BOQUEIRAO DO PIAUI";07/01/2019;17/10/2023;TERESINA;01/07/2026;28;0;0;0;0;0;0;0;0;0;0;0;0;0;0;0;0;0;0;Sim;Desbloqueado;;TRANSACIONAL;;;;;;;;;;;;;;;;;;;;;;;;;;;;;;;;;
176103;"VEM LITEM MERCADINHO DROGARIA E VARIEDADES";0985/319;31/03/2025;PI;"SIGEFREDO PACHECO";25/03/2020;07/02/2024;TERESINA;01/07/2026;16;0;0;0;0;0;0;0;0;0;0;0;0;0;0;0;0;0;0;Nao;Desbloqueado;;TRANSACIONAL;;;;;;;;;;;;;;;;;;;;;;;;;;;;;;;;;
225366;"FARMACIA UNIFARMA";2245/072;17/09/2021;CE;ITAREMA;26/09/2022;02/12/2021;"FORTALEZA OESTE";01/07/2026;214;0;0;0;0;0;0;0;0;0;0;0;0;0;0;0;0;0;0;Sim;Desbloqueado;;TREINADO;;;;;;;;;;;;;;;;;;;;;;;;;;;;;;;;;
408109;"Expresso Variedades Ii";5795/143;06/12/2024;PI;"SAO MIGUEL DO TAPUIO";26/11/2024;23/04/2026;TERESINA;01/07/2026;57;0;0;0;0;0;0;0;0;0;0;0;0;0;0;0;0;0;0;Sim;Desbloqueado;;TREINADO;;;;;;;;;;;;;;;;;;;;;;;;;;;;;;;;;
422470;"MATERRIAL DE CONSTRUÇÃO";5449/172;19/02/2026;CE;REDENCAO;12/02/2026;17/06/2026;"FORTALEZA LESTE";23/06/2026;0;0;0;0;0;0;0;0;0;0;0;0;0;0;0;0;0;0;0;Nao;Desbloqueado;;TREINADO;;;;;;;;;;;;;;;;;;;;;;;;;;;;;;;;;
84573;"J.K. COMESTICOS";1351/100;25/09/2023;CE;TURURU;21/08/2015;18/10/2024;"FORTALEZA OESTE";01/07/2026;122;1;0;1;0;0;0;0;0;0;0;0;0;0;0;0;0;0;0;Sim;Desbloqueado;;TREINADO;;;;;;;;;;;;;;;;;;;;;;;;;;;;;;;;;
225713;"SUPER DO BOM";5367/142;20/08/2025;CE;MARCO;22/11/2021;23/02/2022;"FORTALEZA OESTE";01/07/2026;13;0;0;0;0;0;0;0;0;0;0;0;0;0;0;0;0;0;0;Nao;Desbloqueado;;TREINADO;;;;;;;;;;;;;;;;;;;;;;;;;;;;;;;;;
236129;"ALMEIDA MINIMERCADO";0703/184;;CE;"TABULEIRO DO NORTE";15/01/2024;;"FORTALEZA LESTE";01/07/2026;17;0;0;0;0;0;0;0;0;0;0;0;0;0;0;0;0;0;0;Nao;Desbloqueado;;TRANSACIONAL;;;;;;;;;;;;;;;;;;;;;;;;;;;;;;;;;
244617;"MERCADINHO JA";5447/122;;CE;"GENERAL SAMPAIO";15/01/2024;;"FORTALEZA OESTE";01/07/2026;22;0;0;0;0;0;0;0;0;0;0;0;0;0;0;0;0;0;0;Nao;Desbloqueado;;TRANSACIONAL;;;;;;;;;;;;;;;;;;;;;;;;;;;;;;;;;
403515;"PADARIA IZAACK PAES";0752/134;12/09/2025;CE;IBIAPINA;29/05/2024;16/10/2025;TERESINA;01/07/2026;11;0;0;0;0;0;0;0;0;0;0;0;0;0;0;0;0;0;0;Nao;Desbloqueado;;TREINADO;;;;;;;;;;;;;;;;;;;;;;;;;;;;;;;;;
408758;"MERCADO SUPER NO PRECO";2572/142;03/01/2025;CE;FORTALEZA;20/12/2024;15/01/2025;"FORTALEZA LESTE";01/07/2026;1;0;0;0;0;0;0;0;0;0;0;0;0;0;0;0;0;0;0;Sim;Desbloqueado;;TREINADO;;;;;;;;;;;;;;;;;;;;;;;;;;;;;;;;;
415340;"Supermercado Alianca";5449/166;12/08/2025;CE;ACARAPE;30/07/2025;;"FORTALEZA LESTE";01/07/2026;31;0;0;0;0;0;0;0;0;0;0;0;0;0;0;0;0;0;0;Sim;Desbloqueado;;TRANSACIONAL;;;;;;;;;;;;;;;;;;;;;;;;;;;;;;;;;
424555;"Supermercado Sao Joaquim";0685/243;09/06/2026;CE;PALHANO;01/06/2026;;"FORTALEZA LESTE";24/06/2026;0;0;0;0;0;0;0;0;0;0;0;0;0;0;0;0;0;0;0;Sim;Desbloqueado;;TREINADO;;;;;;;;;;;;;;;;;;;;;;;;;;;;;;;;;
207304;"MERCADINHO SAO LUIS";0985/424;04/07/2022;PI;"SAO MIGUEL DO TAPUIO";04/12/2020;28/03/2022;TERESINA;01/07/2026;34;0;0;0;0;0;0;0;0;0;0;0;0;0;0;0;0;0;0;Nao;Desbloqueado;;TRANSACIONAL;;;;;;;;;;;;;;;;;;;;;;;;;;;;;;;;;
227208;"PADARIA DU CUMPADI";0458/335;27/07/2023;CE;FORQUILHA;31/08/2022;04/02/2022;"FORTALEZA OESTE";01/07/2026;187;0;0;0;0;0;0;0;0;0;0;0;0;0;0;0;0;0;0;Sim;Desbloqueado;;TREINADO;;;;;;;;;;;;;;;;;;;;;;;;;;;;;;;;;
411909;"L E L UTILIDADES";0704/186;26/05/2025;CE;ARATUBA;29/04/2025;26/06/2025;"FORTALEZA LESTE";19/06/2026;0;0;0;0;0;0;0;0;0;0;0;0;0;0;0;0;0;0;0;Nao;Desbloqueado;;TREINADO;;;;;;;;;;;;;;;;;;;;;;;;;;;;;;;;;
422129;"Planalto Hospitalar E Drogaria";0685/241;28/01/2026;CE;ARACATI;24/01/2026;05/02/2026;"FORTALEZA LESTE";01/07/2026;8;0;0;0;0;0;0;0;0;0;0;0;0;0;0;0;0;0;0;Sim;Desbloqueado;;TREINADO;;;;;;;;;;;;;;;;;;;;;;;;;;;;;;;;;
52790;"DEPOSITO ALTO DA PAZ";0628/083;30/11/2022;CE;FORTALEZA;16/04/2021;14/06/2021;"FORTALEZA OESTE";30/06/2026;0;0;0;0;0;0;0;0;0;0;0;0;0;0;0;0;0;0;0;Nao;Desbloqueado;;TREINADO;;;;;;;;;;;;;;;;;;;;;;;;;;;;;;;;;
166694;DROGAMAR;1522/155;06/11/2020;PI;"BURITI DOS LOPES";01/04/2020;29/04/2026;TERESINA;01/07/2026;48;0;0;0;0;0;0;0;0;0;0;0;0;0;0;0;0;0;0;Sim;Desbloqueado;;TREINADO;;;;;;;;;;;;;;;;;;;;;;;;;;;;;;;;;
232570;"TOINHA VARIEDADES";5798/156;27/07/2022;PI;LUZILANDIA;31/08/2022;21/06/2022;TERESINA;01/07/2026;19;0;0;0;0;0;0;0;0;0;0;0;0;0;0;0;0;0;0;Nao;Desbloqueado;;TREINADO;;;;;;;;;;;;;;;;;;;;;;;;;;;;;;;;;
184635;"MERCADINHO NOVA ESTRELA";0625/109;10/10/2025;CE;FORTALEZA;16/12/2019;22/11/2024;"FORTALEZA OESTE";01/07/2026;14;0;0;0;0;0;0;0;0;0;0;0;0;0;0;0;0;0;0;Nao;Desbloqueado;;TREINADO;;;;;;;;;;;;;;;;;;;;;;;;;;;;;;;;;
249314;"OPCAO IPIRANGUENSE";0937/735;20/02/2026;PI;"IPIRANGA DO PIAUI";15/01/2024;27/07/2023;TERESINA;01/07/2026;68;0;0;0;0;0;0;0;0;0;0;0;0;0;0;0;0;0;0;Nao;Desbloqueado;;TRANSACIONAL;;;;;;;;;;;;;;;;;;;;;;;;;;;;;;;;;
410620;"Loja Eubella";5447/132;25/03/2025;CE;PENTECOSTE;18/03/2025;09/04/2025;"FORTALEZA OESTE";01/07/2026;32;0;0;0;0;0;0;0;0;0;0;0;0;0;0;0;0;0;0;Nao;Desbloqueado;;TREINADO;;;;;;;;;;;;;;;;;;;;;;;;;;;;;;;;;
412242;"Mercearia JC";5387/147;15/05/2025;CE;GRANJA;06/05/2025;17/07/2025;"FORTALEZA OESTE";01/07/2026;5;0;0;0;0;0;0;0;0;0;0;0;0;0;0;0;0;0;0;Sim;Desbloqueado;;TREINADO;;;;;;;;;;;;;;;;;;;;;;;;;;;;;;;;;
81991;"MERCADINHO MAGALHAES";0703/113;26/08/2021;CE;IRACEMA;25/09/2015;09/10/2024;"FORTALEZA LESTE";01/07/2026;148;0;0;0;0;0;0;0;0;0;0;0;0;0;0;0;0;0;0;Sim;Desbloqueado;;TREINADO;;;;;;;;;;;;;;;;;;;;;;;;;;;;;;;;;
92715;"PIAUI ELETRO";0937/397;08/12/2020;PI;PICOS;15/01/2024;25/01/2025;TERESINA;01/07/2026;46;0;0;0;0;0;0;0;0;0;0;0;0;0;0;0;0;0;0;Nao;Desbloqueado;;TRANSACIONAL;;;;;;;;;;;;;;;;;;;;;;;;;;;;;;;;;
412566;"N F AUTOPECAS";5415/171;21/05/2025;CE;URUOCA;13/05/2025;10/06/2025;"FORTALEZA OESTE";05/12/2025;0;0;0;0;0;0;0;0;0;0;0;0;0;0;0;0;0;0;0;Nao;Bloqueado;02/03/2026;TREINADO;;;;;;;;;;;;;;;;;;;;;;;;;;;;;;;;;
418472;"Mercadinho Feitosa";5792/208;14/10/2025;PI;"MATIAS OLIMPIO";01/10/2025;21/10/2025;TERESINA;01/07/2026;10;0;0;0;0;0;0;0;0;0;0;0;0;0;0;0;0;0;0;Sim;Desbloqueado;;TRANSACIONAL;;;;;;;;;;;;;;;;;;;;;;;;;;;;;;;;;
39480;"MERCADINHO BELEVA LTDA";1579/075;16/12/2020;CE;PALMACIA;23/07/2015;27/06/2024;"FORTALEZA OESTE";01/07/2026;165;0;0;0;0;0;0;0;0;0;0;0;0;0;0;0;0;0;0;Nao;Desbloqueado;;TREINADO;;;;;;;;;;;;;;;;;;;;;;;;;;;;;;;;;
100468;"DROGARIA WANDERLLEY";3848/157;07/11/2023;PI;"ALTO LONGA";03/09/2015;26/02/2026;TERESINA;01/07/2026;10;0;0;0;0;0;0;0;0;0;0;0;0;0;0;0;0;0;0;Nao;Desbloqueado;;TREINADO;;;;;;;;;;;;;;;;;;;;;;;;;;;;;;;;;
131472;"MERCANTIL 3 IRMAOS";0405/446;15/09/2025;PI;"HUGO NAPOLEAO";20/05/2016;23/07/2024;TERESINA;01/07/2026;92;0;0;0;0;0;0;0;0;0;0;0;0;0;0;0;0;0;0;Sim;Desbloqueado;;TRANSACIONAL;;;;;;;;;;;;;;;;;;;;;;;;;;;;;;;;;
153288;"VEST BRASIL";5367/094;28/06/2023;CE;MARCO;14/02/2018;31/10/2022;"FORTALEZA OESTE";01/07/2026;132;0;0;0;0;400;0;0;0;0;0;0;0;0;0;0;0;0;0;Sim;Desbloqueado;;TREINADO;;;;;;;;;;;;;;;;;;;;;;;;;;;;;;;;;
235174;CONSTRUDEL;0937/719;09/06/2023;PI;"DOM EXPEDITO LOPES";15/01/2024;05/04/2023;TERESINA;01/07/2026;25;0;0;0;0;0;0;0;0;0;0;0;0;0;0;0;0;0;0;Nao;Desbloqueado;;TRANSACIONAL;;;;;;;;;;;;;;;;;;;;;;;;;;;;;;;;;
400591;"FARMACIA AMIGA DO TRABALHADOR";0711/128;06/02/2024;CE;HORIZONTE;22/01/2024;18/05/2026;"FORTALEZA LESTE";01/07/2026;58;4;0;3;0;0;0;0;0;0;0;0;0;1;0;0;0;4;0;Sim;Desbloqueado;;TREINADO;;;;;;;;;;;;;;;;;;;;;;;;;;;;;;;;;
414920;"Shopping do celular";5415/174;25/07/2025;CE;MASSAPE;19/07/2025;13/08/2025;"FORTALEZA OESTE";01/07/2026;31;1;1;1;0;0;0;0;0;0;0;0;0;0;0;0;0;0;0;Nao;Desbloqueado;;TREINADO;;;;;;;;;;;;;;;;;;;;;;;;;;;;;;;;;
417506;"A S D Importados";0649/142;24/09/2025;CE;FORTALEZA;10/09/2025;;"FORTALEZA OESTE";16/12/2025;0;0;0;0;0;0;0;0;0;0;0;0;0;0;0;0;0;0;0;Nao;Bloqueado;02/03/2026;TREINADO;;;;;;;;;;;;;;;;;;;;;;;;;;;;;;;;;
88445;"J A FERRAGENS";0702/096;10/07/2024;CE;SOBRAL;06/05/2015;20/08/2024;"FORTALEZA OESTE";01/07/2026;108;0;0;0;0;1000;0;0;0;0;0;0;0;0;0;0;0;0;0;Sim;Desbloqueado;;TRANSACIONAL;;;;;;;;;;;;;;;;;;;;;;;;;;;;;;;;;
150713;"MERCADINHO ZE PRETO";1351/281;21/12/2020;CE;AMONTADA;22/09/2020;14/07/2025;"FORTALEZA OESTE";01/07/2026;22;0;0;0;0;0;0;0;0;0;0;0;0;0;0;0;0;0;0;Nao;Desbloqueado;;TREINADO;;;;;;;;;;;;;;;;;;;;;;;;;;;;;;;;;
253210;"SUPER TELEFRANGO 0003";0649/127;19/02/2024;CE;FORTALEZA;15/01/2024;07/12/2023;"FORTALEZA OESTE";30/08/2024;0;0;0;0;0;0;0;0;0;0;0;0;0;0;0;0;0;0;0;Nao;Desbloqueado;;TRANSACIONAL;;;;;;;;;;;;;;;;;;;;;;;;;;;;;;;;;
406878;"FARMACIA CENTRAL FARMA";5438/128;17/03/2025;CE;"MORADA NOVA";09/10/2024;17/03/2025;"FORTALEZA LESTE";26/06/2026;0;0;0;0;0;0;0;0;0;0;0;0;0;0;0;0;0;0;0;Sim;Desbloqueado;;TRANSACIONAL;;;;;;;;;;;;;;;;;;;;;;;;;;;;;;;;;
414559;"Casa Triunfo";0693/149;23/07/2025;CE;MARACANAU;04/07/2025;23/07/2025;"FORTALEZA OESTE";18/03/2026;0;0;0;0;0;0;0;0;0;0;0;0;0;0;0;0;0;0;0;Nao;Bloqueado;24/03/2026;TRANSACIONAL;;;;;;;;;;;;;;;;;;;;;;;;;;;;;;;;;
422570;"PADARIA NOSSA SENHORA DA CONCEICAO";0458/454;26/02/2026;CE;SOBRAL;21/02/2026;12/03/2026;"FORTALEZA OESTE";01/07/2026;11;0;0;0;0;0;0;0;0;0;0;0;0;0;0;0;0;0;0;Nao;Desbloqueado;;TRANSACIONAL;;;;;;;;;;;;;;;;;;;;;;;;;;;;;;;;;
141779;"LOJAS SHALON";0405/470;21/06/2023;PI;CURRALINHOS;26/08/2015;26/08/2022;TERESINA;01/07/2026;33;0;0;0;0;0;0;0;0;0;0;0;0;0;0;0;0;0;0;Nao;Desbloqueado;;TRANSACIONAL;;;;;;;;;;;;;;;;;;;;;;;;;;;;;;;;;
173044;"MERCADINHO SALDANHA";0703/074;;CE;JAGUARIBARA;08/01/2019;21/11/2024;"FORTALEZA LESTE";01/07/2026;81;0;0;0;0;0;0;0;0;0;0;0;0;0;0;0;0;0;0;Nao;Desbloqueado;;TRANSACIONAL;;;;;;;;;;;;;;;;;;;;;;;;;;;;;;;;;
243781;"METAL VIDROS ALUMINIO E ACESSORIOS";1234/119;13/12/2022;CE;FORTALEZA;15/01/2024;20/12/2022;"FORTALEZA OESTE";01/07/2026;1;0;0;0;0;0;0;0;0;0;0;0;0;0;0;0;0;0;0;Nao;Desbloqueado;;TREINADO;;;;;;;;;;;;;;;;;;;;;;;;;;;;;;;;;
181136;"SUPERMERCADOS ELIZEU MARTINS  004";1522/239;;PI;PARNAIBA;15/01/2024;;TERESINA;01/07/2026;61;0;0;0;0;0;0;0;0;0;0;0;0;0;0;0;0;0;0;Nao;Desbloqueado;;TRANSACIONAL;;;;;;;;;;;;;;;;;;;;;;;;;;;;;;;;;
225162;"SANTO REIS VARIEDADES";0937/540;19/09/2023;PI;JAICOS;15/01/2024;;TERESINA;26/06/2026;0;0;0;0;0;0;0;0;0;0;0;0;0;0;0;0;0;0;0;Nao;Desbloqueado;;TRANSACIONAL;;;;;;;;;;;;;;;;;;;;;;;;;;;;;;;;;
245332;"ELIENE CALCADOS 0002";1351/238;14/02/2023;CE;UMIRIM;15/01/2024;07/03/2023;"FORTALEZA OESTE";01/07/2026;12;0;0;0;0;0;0;0;0;0;0;0;0;0;0;0;0;0;0;Nao;Desbloqueado;;TREINADO;;;;;;;;;;;;;;;;;;;;;;;;;;;;;;;;;
404653;"Mercearia Felix";3848/246;19/07/2024;PI;"NOVO SANTO ANTONIO";13/07/2024;07/08/2024;TERESINA;01/07/2026;7;0;0;0;0;0;0;0;0;0;0;0;0;0;0;0;0;0;0;Sim;Desbloqueado;;TRANSACIONAL;;;;;;;;;;;;;;;;;;;;;;;;;;;;;;;;;
422633;"DROGARIAS FARMA MAIS SAUDE";1351/346;06/03/2026;CE;TURURU;25/02/2026;24/04/2026;"FORTALEZA OESTE";01/07/2026;18;0;0;0;0;0;0;0;0;0;0;0;0;0;0;0;0;0;0;Nao;Desbloqueado;;TREINADO;;;;;;;;;;;;;;;;;;;;;;;;;;;;;;;;;
423525;"Mercadinho Serranopolis";0937/781;17/04/2026;PI;JAICOS;13/04/2026;08/05/2026;TERESINA;01/07/2026;9;0;0;0;0;0;0;0;0;0;0;0;0;0;0;0;0;0;0;Sim;Desbloqueado;;TRANSACIONAL;;;;;;;;;;;;;;;;;;;;;;;;;;;;;;;;;
423616;"Comercial O Edienai";5792/210;20/04/2026;PI;"NOSSA SENHORA DOS REMEDIOS";16/04/2026;13/05/2026;TERESINA;01/07/2026;17;0;0;0;0;0;0;0;0;0;0;0;0;0;0;0;0;0;0;Nao;Desbloqueado;;TREINADO;;;;;;;;;;;;;;;;;;;;;;;;;;;;;;;;;
177638;"VIVIANA COSTA VERAS";5387/115;11/05/2026;CE;GRANJA;21/06/2019;04/07/2024;"FORTALEZA OESTE";01/07/2026;1;0;0;0;0;0;0;0;0;0;0;0;0;0;0;0;0;0;0;Sim;Desbloqueado;;TREINADO;;;;;;;;;;;;;;;;;;;;;;;;;;;;;;;;;
244635;"TOP MOVEIS BEBERIBE 0040";5366/090;08/07/2023;CE;BEBERIBE;15/01/2024;15/01/2026;"FORTALEZA LESTE";30/06/2026;0;0;0;0;0;0;0;0;0;0;0;0;0;0;0;0;0;0;0;Nao;Desbloqueado;;TREINADO;;;;;;;;;;;;;;;;;;;;;;;;;;;;;;;;;
423774;"Grupo Invista";5446/210;07/05/2026;CE;TRAIRI;23/04/2026;19/05/2026;"FORTALEZA OESTE";01/07/2026;11;1;1;1;0;0;0;0;0;0;0;0;0;1;0;0;0;0;0;Nao;Desbloqueado;;TREINADO;;;;;;;;;;;;;;;;;;;;;;;;;;;;;;;;;
228934;"CASA SAO FRANCISCO";5365/124;15/02/2022;CE;MULUNGU;15/01/2024;13/01/2026;"FORTALEZA LESTE";01/07/2026;114;0;0;0;0;0;0;0;0;0;0;0;0;0;0;0;0;0;0;Sim;Desbloqueado;;TREINADO;;;;;;;;;;;;;;;;;;;;;;;;;;;;;;;;;
231564;"SUPERMERCADO CARDOSO 0002";3848/222;31/03/2022;PI;"ALTO LONGA";15/01/2024;18/05/2022;TERESINA;01/07/2026;71;0;0;0;0;0;0;0;0;0;0;0;0;0;0;0;0;0;0;Sim;Desbloqueado;;TREINADO;;;;;;;;;;;;;;;;;;;;;;;;;;;;;;;;;
247007;"MERCADINHO SANTO ANTONIO";5447/123;26/04/2023;CE;APUIARES;21/08/2023;05/06/2023;"FORTALEZA OESTE";01/07/2026;9;0;0;0;0;0;0;0;0;0;0;0;0;0;0;0;0;0;0;Nao;Desbloqueado;;TRANSACIONAL;;;;;;;;;;;;;;;;;;;;;;;;;;;;;;;;;
400257;"LOOK JEANS STORE";0704/174;09/01/2024;CE;ARACOIABA;15/01/2024;16/01/2024;"FORTALEZA LESTE";01/07/2026;6;0;0;0;0;0;0;0;0;0;0;0;0;0;0;0;0;0;0;Nao;Desbloqueado;;TREINADO;;;;;;;;;;;;;;;;;;;;;;;;;;;;;;;;;
415523;"J.M. CONSTRUCOES";1579/218;15/08/2025;CE;MARANGUAPE;04/08/2025;04/09/2025;"FORTALEZA OESTE";13/12/2025;0;0;0;0;0;0;0;0;0;0;0;0;0;0;0;0;0;0;0;Nao;Bloqueado;02/03/2026;TREINADO;;;;;;;;;;;;;;;;;;;;;;;;;;;;;;;;;
150795;"MERCANTIL Z OLIVEIRA";0854/136;16/08/2023;MA;TIMON;30/06/2016;31/03/2026;TERESINA;01/07/2026;204;0;0;0;0;0;0;0;0;0;0;0;0;0;0;0;0;0;0;Sim;Desbloqueado;;TREINADO;;;;;;;;;;;;;;;;;;;;;;;;;;;;;;;;;
413933;"Fabi Modas";5449/164;17/07/2025;CE;REDENCAO;10/06/2025;28/07/2025;"FORTALEZA LESTE";01/07/2026;32;0;0;0;0;0;0;0;0;0;0;0;0;0;0;0;0;0;0;Nao;Desbloqueado;;TREINADO;;;;;;;;;;;;;;;;;;;;;;;;;;;;;;;;;
424129;"Emporio Montoril";0719/200;18/05/2026;CE;IRAUCUBA;12/05/2026;18/06/2026;"FORTALEZA OESTE";30/06/2026;0;0;0;0;0;0;0;0;0;0;0;0;0;0;0;0;0;0;0;Nao;Desbloqueado;;TRANSACIONAL;;;;;;;;;;;;;;;;;;;;;;;;;;;;;;;;;
60538;"M PECAS CONSTRUCAO";5798/071;08/01/2025;PI;MADEIRO;18/09/2015;30/03/2023;TERESINA;01/07/2026;28;0;0;0;0;0;0;0;0;0;0;0;0;0;0;0;0;0;0;Sim;Desbloqueado;;TRANSACIONAL;;;;;;;;;;;;;;;;;;;;;;;;;;;;;;;;;
86091;"COMERCIAL ALENCAR";0405/282;11/02/2026;PI;AGRICOLANDIA;22/02/2016;13/06/2024;TERESINA;01/07/2026;51;0;0;0;0;0;0;0;0;0;0;0;0;0;0;0;0;0;0;Sim;Desbloqueado;;TRANSACIONAL;;;;;;;;;;;;;;;;;;;;;;;;;;;;;;;;;
187627;"MERCANTIL GG";0684/176;17/04/2025;CE;ACARAU;14/08/2023;16/07/2020;"FORTALEZA OESTE";01/07/2026;13;0;0;0;0;0;0;0;0;0;0;0;0;0;0;0;0;0;0;Nao;Desbloqueado;;TREINADO;;;;;;;;;;;;;;;;;;;;;;;;;;;;;;;;;
227270;"IMPERIO RACOES";0726/255;25/11/2021;CE;"VICOSA DO CEARA";02/12/2021;10/12/2021;TERESINA;01/07/2026;238;0;0;0;0;0;0;0;0;0;0;0;0;0;0;0;0;0;0;Sim;Desbloqueado;;TREINADO;;;;;;;;;;;;;;;;;;;;;;;;;;;;;;;;;
414321;"Farmacia Do Povo";0726/272;30/06/2025;CE;"VICOSA DO CEARA";25/06/2025;11/08/2025;TERESINA;01/07/2026;6;0;0;0;0;0;0;0;0;0;0;0;0;0;0;0;0;0;0;Sim;Desbloqueado;;TRANSACIONAL;;;;;;;;;;;;;;;;;;;;;;;;;;;;;;;;;
415760;"OTICA PONTO DOS OCULOS";0288/143;19/08/2025;CE;FORTALEZA;13/08/2025;09/09/2025;"FORTALEZA LESTE";01/07/2026;4;3;0;1;0;0;0;0;0;0;0;0;0;0;0;0;0;0;0;Nao;Desbloqueado;;TREINADO;;;;;;;;;;;;;;;;;;;;;;;;;;;;;;;;;
119605;"LEANDRO E LEONCIO MERCADINHO";5798/097;27/10/2020;PI;"JOAQUIM PIRES";10/09/2015;19/03/2026;TERESINA;01/07/2026;75;0;0;0;0;0;0;0;0;0;0;0;0;0;0;0;0;0;0;Sim;Desbloqueado;;TREINADO;;;;;;;;;;;;;;;;;;;;;;;;;;;;;;;;;
164543;"ANCORA DISTRIBUIDORA 0004";1234/111;;CE;FORTALEZA;15/01/2024;;"FORTALEZA OESTE";01/07/2026;13;0;0;0;0;0;0;0;0;0;0;0;0;0;0;0;0;0;0;Nao;Desbloqueado;;TRANSACIONAL;;;;;;;;;;;;;;;;;;;;;;;;;;;;;;;;;
174471;"INFORGAME MIX PAPELARIA";5387/109;20/05/2026;CE;GRANJA;15/04/2019;11/04/2024;"FORTALEZA OESTE";01/07/2026;553;3;3;3;0;1000;38625;38625;0;0;0;0;0;0;0;0;0;3;0;Sim;Desbloqueado;;TREINADO;;;;;;;;;;;;;;;;;;;;;;;;;;;;;;;;;
219482;"VF CONSTRUCOES";0685/173;25/01/2022;CE;ARACATI;01/06/2021;28/06/2021;"FORTALEZA LESTE";01/07/2026;7;0;0;0;0;0;0;0;0;0;0;0;0;0;0;0;0;0;0;Nao;Desbloqueado;;TRANSACIONAL;;;;;;;;;;;;;;;;;;;;;;;;;;;;;;;;;
231928;"MEGA INFORMATICA";0937/547;28/12/2022;PI;ITAINOPOLIS;03/10/2022;30/09/2022;TERESINA;01/07/2026;225;0;0;0;0;0;0;0;0;0;0;0;0;0;0;0;0;0;0;Sim;Desbloqueado;;TREINADO;;;;;;;;;;;;;;;;;;;;;;;;;;;;;;;;;
236607;"TOP MOVEIS LIMOEIRO 0038";1781/135;25/09/2023;CE;"LIMOEIRO DO NORTE";15/01/2024;13/01/2023;"FORTALEZA LESTE";01/07/2026;1;0;0;0;0;0;0;0;0;0;0;0;0;0;0;0;0;0;0;Nao;Desbloqueado;;TREINADO;;;;;;;;;;;;;;;;;;;;;;;;;;;;;;;;;
248900;"PAPELARIA AQUARELA";5367/151;26/06/2023;CE;MARCO;21/08/2023;20/03/2026;"FORTALEZA OESTE";01/07/2026;15;1;1;1;0;0;0;0;0;0;0;0;0;0;0;0;0;0;0;Nao;Desbloqueado;;TREINADO;;;;;;;;;;;;;;;;;;;;;;;;;;;;;;;;;
403265;"LELEO CALCADOS 0004";0684/203;29/05/2024;CE;CRUZ;21/05/2024;12/06/2024;"FORTALEZA OESTE";01/07/2026;84;0;0;0;0;0;0;0;0;0;0;0;0;0;0;0;0;0;0;Sim;Desbloqueado;;TREINADO;;;;;;;;;;;;;;;;;;;;;;;;;;;;;;;;;
412859;"Raeline Supermercados";0405/619;29/05/2025;PI;"SAO PEDRO DO PIAUI";20/05/2025;25/06/2025;TERESINA;01/07/2026;7;0;0;0;0;0;0;0;0;0;0;0;0;0;0;0;0;0;0;Sim;Desbloqueado;;TRANSACIONAL;;;;;;;;;;;;;;;;;;;;;;;;;;;;;;;;;
422592;"CONVENIENCIA DELGADA";0726/279;26/02/2026;CE;"VICOSA DO CEARA";23/02/2026;;TERESINA;30/03/2026;0;0;0;0;0;0;0;0;0;0;0;0;0;0;0;0;0;0;0;Nao;Bloqueado;26/06/2026;TRANSACIONAL;;;;;;;;;;;;;;;;;;;;;;;;;;;;;;;;;
44993;"ARMARINHO ALENCAR";3848/143;12/07/2023;PI;BENEDITINOS;04/04/2016;19/08/2022;TERESINA;01/07/2026;15;0;0;0;0;0;0;0;0;0;0;0;0;0;0;0;0;0;0;Sim;Desbloqueado;;TREINADO;;;;;;;;;;;;;;;;;;;;;;;;;;;;;;;;;
100026;"LOJA PONTO DOMINANTE";0458/367;23/04/2024;CE;FRECHEIRINHA;28/04/2015;22/07/2024;"FORTALEZA OESTE";01/07/2026;46;0;0;0;0;0;0;0;0;0;0;0;0;0;0;0;0;0;0;Nao;Desbloqueado;;TREINADO;;;;;;;;;;;;;;;;;;;;;;;;;;;;;;;;;
118558;"J C VARIEDADES";5808/160;06/11/2020;PI;COCAL;11/09/2020;22/10/2024;TERESINA;01/07/2026;116;0;0;0;0;0;23194;23194;0;0;0;0;0;0;0;0;0;0;0;Sim;Desbloqueado;;TREINADO;;;;;;;;;;;;;;;;;;;;;;;;;;;;;;;;;
141856;"MERCADINHO LUIZ FREDERICO";5792/195;07/08/2024;PI;"NOSSA SENHORA DOS REMEDIOS";15/01/2024;09/08/2024;TERESINA;01/07/2026;44;0;0;0;0;0;0;0;0;0;0;0;0;0;0;0;0;0;0;Sim;Desbloqueado;;TRANSACIONAL;;;;;;;;;;;;;;;;;;;;;;;;;;;;;;;;;
188191;PIRIFARMA;5808/100;19/05/2022;PI;PIRIPIRI;15/01/2024;31/03/2022;TERESINA;01/07/2026;7;0;0;0;0;0;0;0;0;0;0;0;0;0;0;0;0;0;0;Nao;Desbloqueado;;TRANSACIONAL;;;;;;;;;;;;;;;;;;;;;;;;;;;;;;;;;
418156;"Mercadinho Dona Roza";5387/166;30/09/2025;CE;GRANJA;24/09/2025;;"FORTALEZA OESTE";01/07/2026;12;0;0;0;0;0;0;0;0;0;0;0;0;0;0;0;0;0;0;Sim;Desbloqueado;;TRANSACIONAL;;;;;;;;;;;;;;;;;;;;;;;;;;;;;;;;;
424107;"ESSENCIAL FASHION 0002";0719/201;18/05/2026;CE;ITAPAJE;11/05/2026;;"FORTALEZA OESTE";27/06/2026;0;0;0;0;0;0;0;0;0;0;0;0;0;0;0;0;0;0;0;Nao;Desbloqueado;;TREINADO;;;;;;;;;;;;;;;;;;;;;;;;;;;;;;;;;
100754;NEPOPHARMA;0752/091;23/09/2021;CE;IBIAPINA;04/08/2015;21/08/2024;TERESINA;01/07/2026;220;0;0;0;0;0;0;0;0;0;0;0;0;0;0;0;0;0;0;Nao;Desbloqueado;;TREINADO;;;;;;;;;;;;;;;;;;;;;;;;;;;;;;;;;
176297;"J F VARIEDADES E PERSONALIZACAO";5792/136;09/08/2023;PI;"MATIAS OLIMPIO";26/07/2019;13/05/2026;TERESINA;01/07/2026;227;0;0;0;0;0;0;0;0;0;0;0;0;0;0;0;0;0;0;Sim;Desbloqueado;;TREINADO;;;;;;;;;;;;;;;;;;;;;;;;;;;;;;;;;
186357;"CRISTAL OTICA";0288/117;14/12/2021;CE;FORTALEZA;15/01/2024;24/04/2025;"FORTALEZA LESTE";01/07/2026;73;0;0;0;0;0;0;0;0;0;0;0;0;0;0;0;0;0;0;Nao;Desbloqueado;;TREINADO;;;;;;;;;;;;;;;;;;;;;;;;;;;;;;;;;
244933;"SACOLAO MACEDO";5806/133;22/08/2023;PI;"LAGOA DE SAO FRANCISCO";16/10/2023;29/03/2023;TERESINA;01/07/2026;28;0;0;0;0;0;0;0;0;0;0;0;0;0;0;0;0;0;0;Nao;Desbloqueado;;TRANSACIONAL;;;;;;;;;;;;;;;;;;;;;;;;;;;;;;;;;
249940;"FARMACIA DO POVO";0715/149;31/08/2023;CE;CAMOCIM;15/01/2024;16/08/2023;"FORTALEZA OESTE";01/07/2026;133;1;1;1;0;0;0;0;0;0;0;0;0;0;0;0;0;1;0;Nao;Desbloqueado;;TREINADO;;;;;;;;;;;;;;;;;;;;;;;;;;;;;;;;;
400004;"MEDICAL FARMA";5415/157;19/11/2024;CE;"SANTANA DO ACARAU";15/01/2024;20/05/2026;"FORTALEZA OESTE";01/07/2026;58;0;0;0;0;0;0;0;0;0;0;0;0;0;0;0;0;0;0;Nao;Desbloqueado;;TREINADO;;;;;;;;;;;;;;;;;;;;;;;;;;;;;;;;;
417744;"Mercadinho 2 Irmaos";1234/124;02/06/2026;CE;FORTALEZA;17/09/2025;;"FORTALEZA OESTE";01/07/2026;3;0;0;0;0;0;0;0;0;0;0;0;0;0;0;0;0;0;0;Sim;Desbloqueado;;TRANSACIONAL;;;;;;;;;;;;;;;;;;;;;;;;;;;;;;;;;
84412;"COM E FRIGORIFICO SANTO ANTONIO";5808/061;;PI;PIRIPIRI;17/07/2015;;TERESINA;01/07/2026;3;0;0;0;0;0;0;0;0;0;0;0;0;0;0;0;0;0;0;Nao;Desbloqueado;;TRANSACIONAL;;;;;;;;;;;;;;;;;;;;;;;;;;;;;;;;;
139837;"MERCADINHO GR";0985/304;27/02/2023;PI;"JATOBA DO PIAUI";29/04/2015;31/03/2022;TERESINA;01/07/2026;13;0;0;0;0;0;0;0;0;0;0;0;0;0;0;0;0;0;0;Nao;Desbloqueado;;TRANSACIONAL;;;;;;;;;;;;;;;;;;;;;;;;;;;;;;;;;
144112;"MERCADINHO BOM PRECO";0985/305;06/04/2022;PI;"SIGEFREDO PACHECO";31/03/2020;05/05/2022;TERESINA;01/07/2026;28;0;0;0;0;0;0;0;0;0;0;0;0;0;0;0;0;0;0;Nao;Desbloqueado;;TRANSACIONAL;;;;;;;;;;;;;;;;;;;;;;;;;;;;;;;;;
216073;"TOP MOVEIS ACARAU 30";0684/181;03/08/2023;CE;ACARAU;15/01/2024;12/01/2026;"FORTALEZA OESTE";01/07/2026;5;0;0;0;0;0;0;0;0;0;0;0;0;0;0;0;0;0;0;Nao;Desbloqueado;;TREINADO;;;;;;;;;;;;;;;;;;;;;;;;;;;;;;;;;
221029;"MERCADINHO ROCHA FREITAS";5808/104;10/05/2024;PI;BRASILEIRA;30/09/2021;11/02/2022;TERESINA;01/07/2026;19;0;0;0;0;0;0;0;0;0;0;0;0;0;0;0;0;0;0;Nao;Desbloqueado;;TRANSACIONAL;;;;;;;;;;;;;;;;;;;;;;;;;;;;;;;;;
231393;"SUPER BARATEIRO";0458/393;04/04/2022;CE;FRECHEIRINHA;17/08/2023;30/03/2021;"FORTALEZA OESTE";08/06/2026;0;0;0;0;0;0;0;0;0;0;0;0;0;0;0;0;0;0;0;Nao;Bloqueado;10/06/2026;TRANSACIONAL;;;;;;;;;;;;;;;;;;;;;;;;;;;;;;;;;
13799;"LOJAS DRAGAO";0405/101;05/08/2021;PI;TERESINA;21/08/2015;04/01/2025;TERESINA;01/07/2026;69;2;1;1;0;0;0;0;0;0;0;0;0;2;0;0;0;2;0;Nao;Desbloqueado;;TREINADO;;;;;;;;;;;;;;;;;;;;;;;;;;;;;;;;;
81969;"MERCANTIL ANTONIO DO TABULEIRO";5395/060;24/09/2021;CE;JAGUARUANA;16/12/2016;14/06/2024;"FORTALEZA LESTE";01/07/2026;8;0;0;0;0;0;0;0;0;0;0;0;0;0;0;0;0;0;0;Sim;Desbloqueado;;TREINADO;;;;;;;;;;;;;;;;;;;;;;;;;;;;;;;;;
86092;"DROGARIA SANTA LUZIA";5811/067;22/09/2023;PI;"JOSE DE FREITAS";23/09/2016;29/04/2026;TERESINA;01/07/2026;102;0;0;0;0;0;0;0;0;0;0;0;0;0;0;0;0;0;0;Sim;Desbloqueado;;TRANSACIONAL;;;;;;;;;;;;;;;;;;;;;;;;;;;;;;;;;
157023;"MERCADINHO MANCHA";5367/089;28/08/2023;CE;"BELA CRUZ";08/10/2018;15/03/2022;"FORTALEZA OESTE";01/07/2026;52;0;0;0;0;0;0;0;0;0;0;0;0;0;0;0;0;0;0;Sim;Desbloqueado;;TREINADO;;;;;;;;;;;;;;;;;;;;;;;;;;;;;;;;;
159729;"MERCEARIA COMERCIAL PEDRO FILHO";5447/091;19/10/2022;CE;APUIARES;29/08/2017;27/10/2022;"FORTALEZA OESTE";01/07/2026;30;0;0;0;0;0;0;0;0;0;0;0;0;0;0;0;0;0;0;Nao;Desbloqueado;;TREINADO;;;;;;;;;;;;;;;;;;;;;;;;;;;;;;;;;
170679;DORINHA;1302/137;04/09/2023;CE;CANINDE;30/07/2019;06/01/2026;"FORTALEZA OESTE";01/07/2026;165;0;0;0;0;0;0;0;0;0;0;0;0;0;0;1;0;0;0;Nao;Desbloqueado;;TREINADO;;;;;;;;;;;;;;;;;;;;;;;;;;;;;;;;;
219453;"MERCADO DA ECONOMIA";0937/534;20/04/2026;PI;"CAMPO GRANDE DO PIAUI";15/01/2024;;TERESINA;01/07/2026;4;0;0;0;0;0;0;0;0;0;0;0;0;0;0;0;0;0;0;Nao;Desbloqueado;;TRANSACIONAL;;;;;;;;;;;;;;;;;;;;;;;;;;;;;;;;;
225414;"MERCADINHO PAO DE ACUCAR";0703/255;30/09/2025;CE;"ALTO SANTO";30/11/2021;29/10/2021;"FORTALEZA LESTE";03/12/2025;0;0;0;0;0;0;0;0;0;0;0;0;0;0;0;0;0;0;0;Nao;Bloqueado;02/03/2026;TRANSACIONAL;;;;;;;;;;;;;;;;;;;;;;;;;;;;;;;;;
217132;"VAREJAO DAS VARIEDADES";0699/110;11/01/2021;CE;"SAO GONCALO DO AMARANTE";11/05/2021;12/02/2026;"FORTALEZA OESTE";01/07/2026;24;0;0;0;0;0;0;0;0;0;0;0;0;0;0;0;0;0;0;Nao;Desbloqueado;;TREINADO;;;;;;;;;;;;;;;;;;;;;;;;;;;;;;;;;
144027;"FARMACIA NOVA";0726/098;21/11/2024;CE;TIANGUA;08/09/2015;29/01/2021;TERESINA;01/07/2026;3;0;0;0;0;0;0;0;0;0;0;0;0;0;0;0;0;0;0;Nao;Desbloqueado;;TRANSACIONAL;;;;;;;;;;;;;;;;;;;;;;;;;;;;;;;;;
144350;IMPORTCELL;5367/112;26/06/2026;CE;MARCO;21/09/2015;23/10/2015;"FORTALEZA OESTE";26/06/2026;0;0;0;0;0;0;0;0;0;0;0;0;0;0;0;0;0;0;0;Nao;Desbloqueado;;TREINADO;;;;;;;;;;;;;;;;;;;;;;;;;;;;;;;;;
160958;"LOTUS PRODUTOS DE LIMPEZA";5304/088;24/07/2023;CE;AQUIRAZ;31/10/2017;07/01/2026;"FORTALEZA LESTE";01/07/2026;5;0;0;0;0;0;0;0;0;0;0;0;0;0;0;0;0;0;0;Nao;Desbloqueado;;TREINADO;;;;;;;;;;;;;;;;;;;;;;;;;;;;;;;;;
412842;"Mercadinho Do Breno";0703/240;04/06/2025;CE;IRACEMA;20/05/2025;17/06/2025;"FORTALEZA LESTE";24/06/2026;0;0;0;0;0;0;0;0;0;0;0;0;0;0;0;0;0;0;0;Sim;Desbloqueado;;TRANSACIONAL;;;;;;;;;;;;;;;;;;;;;;;;;;;;;;;;;
54653;"MERCADINHO ESQUINAO";0684/295;11/04/2022;CE;CRUZ;08/07/2015;18/05/2023;"FORTALEZA OESTE";01/07/2026;68;0;0;0;0;0;0;0;0;0;0;0;0;0;0;0;0;0;0;Nao;Desbloqueado;;TREINADO;;;;;;;;;;;;;;;;;;;;;;;;;;;;;;;;;
75105;"MERCADINHO BORGES";3848/144;14/12/2021;PI;BENEDITINOS;12/04/2016;09/10/2024;TERESINA;01/07/2026;32;0;0;0;0;0;0;0;0;0;0;0;0;0;0;0;0;0;0;Sim;Desbloqueado;;TRANSACIONAL;;;;;;;;;;;;;;;;;;;;;;;;;;;;;;;;;
182261;"FRIGORIFICO E MERCADINHO OCARA";0765/113;07/01/2021;CE;OCARA;15/10/2019;12/12/2024;"FORTALEZA LESTE";01/07/2026;84;0;0;0;0;0;0;0;0;0;0;0;0;0;0;0;0;0;0;Sim;Desbloqueado;;TRANSACIONAL;;;;;;;;;;;;;;;;;;;;;;;;;;;;;;;;;
419441;"TA BARATO DEMAIS JR loaj 2";5415/178;12/11/2025;CE;FORQUILHA;06/11/2025;;"FORTALEZA OESTE";01/07/2026;31;0;0;0;0;0;0;0;0;0;0;0;0;0;0;0;0;0;0;Sim;Desbloqueado;;TREINADO;;;;;;;;;;;;;;;;;;;;;;;;;;;;;;;;;
402236;"TOP MÓVEIS – CAUCAIA 0018";0295/254;09/04/2024;CE;CAUCAIA;02/04/2024;25/04/2024;"FORTALEZA OESTE";23/06/2026;0;0;0;0;0;0;0;0;0;0;0;0;0;0;0;0;0;0;0;Nao;Desbloqueado;;TREINADO;;;;;;;;;;;;;;;;;;;;;;;;;;;;;;;;;
424889;"Drogaria Premium + Eugelina Cosmeticos";5806/153;25/06/2026;PI;"PEDRO II";19/06/2026;;TERESINA;01/07/2026;1;0;0;0;0;0;0;0;0;0;0;0;0;0;0;0;0;0;0;Sim;Desbloqueado;;TRANSACIONAL;;;;;;;;;;;;;;;;;;;;;;;;;;;;;;;;;
74538;"CASA SAO JOAO";5367/067;19/02/2021;CE;"JIJOCA DE JERICOACOARA";28/07/2015;04/11/2024;"FORTALEZA OESTE";01/07/2026;129;1;0;1;0;0;21302;21302;0;0;0;0;0;0;0;0;0;0;0;Sim;Desbloqueado;;TREINADO;;;;;;;;;;;;;;;;;;;;;;;;;;;;;;;;;
179100;"BICHOS E COMPANHIA";0645/102;14/05/2021;CE;FORTALEZA;12/09/2019;24/10/2024;"FORTALEZA OESTE";01/07/2026;173;1;0;1;0;0;0;0;0;0;0;0;0;0;0;0;0;1;0;Sim;Desbloqueado;;TREINADO;;;;;;;;;;;;;;;;;;;;;;;;;;;;;;;;;
200919;"SUPERMERCADO ESTEVAM";0937/526;29/11/2023;PI;"SAO JULIAO";05/10/2020;24/01/2023;TERESINA;01/07/2026;91;0;0;0;0;0;0;0;0;0;0;0;0;0;0;0;0;0;0;Sim;Desbloqueado;;TRANSACIONAL;;;;;;;;;;;;;;;;;;;;;;;;;;;;;;;;;
204297;"EXPRESSO VARIEDADES";5795/130;19/11/2020;PI;"CASTELO DO PIAUI";25/09/2020;25/07/2022;TERESINA;01/07/2026;304;1;1;0;0;259;0;0;0;0;0;0;0;0;0;0;0;1;0;Sim;Desbloqueado;;TREINADO;;;;;;;;;;;;;;;;;;;;;;;;;;;;;;;;;
405506;"MERCADINHO VITORIA";1351/249;05/09/2024;CE;ITAPIPOCA;16/08/2024;07/11/2024;"FORTALEZA OESTE";01/07/2026;34;0;0;0;0;0;0;0;0;0;0;0;0;0;0;0;0;0;0;Sim;Desbloqueado;;TRANSACIONAL;;;;;;;;;;;;;;;;;;;;;;;;;;;;;;;;;
411573;"Mercadinho A&V Variedades";1302/216;15/05/2025;CE;PARAMOTI;18/04/2025;02/06/2025;"FORTALEZA OESTE";01/07/2026;31;0;0;0;0;0;0;0;0;0;0;0;0;0;0;0;0;0;0;Sim;Desbloqueado;;TRANSACIONAL;;;;;;;;;;;;;;;;;;;;;;;;;;;;;;;;;
408665;"Flavio Papelaria E Variedades";0458/423;10/01/2025;CE;SOBRAL;13/12/2024;29/01/2025;"FORTALEZA OESTE";01/07/2026;19;0;0;0;0;0;0;0;0;0;0;0;0;0;0;0;0;0;0;Nao;Desbloqueado;;TRANSACIONAL;;;;;;;;;;;;;;;;;;;;;;;;;;;;;;;;;
413880;"JB MAGAZINE";0715/165;12/06/2025;CE;CAMOCIM;09/06/2025;27/06/2025;"FORTALEZA OESTE";01/07/2026;6;0;0;0;0;0;0;0;0;0;0;0;0;0;0;0;0;0;0;Nao;Desbloqueado;;TREINADO;;;;;;;;;;;;;;;;;;;;;;;;;;;;;;;;;
421929;"MINI MERCADO NOSSA SENHORA DA FATIMA";0715/173;29/01/2026;CE;CHAVAL;23/01/2026;;"FORTALEZA OESTE";01/07/2026;7;0;0;0;0;0;0;0;0;0;0;0;0;0;0;0;0;0;0;Nao;Desbloqueado;;TRANSACIONAL;;;;;;;;;;;;;;;;;;;;;;;;;;;;;;;;;
424651;"Oticas Vitta";5806/152;10/06/2026;PI;"PEDRO II";05/06/2026;;TERESINA;01/07/2026;2;1;1;1;0;0;0;0;0;0;0;0;0;0;0;0;0;0;0;Nao;Desbloqueado;;TRANSACIONAL;;;;;;;;;;;;;;;;;;;;;;;;;;;;;;;;;
185174;"RAQUEL MOVEIS";0715/119;07/08/2021;CE;CHAVAL;03/02/2020;10/02/2020;"FORTALEZA OESTE";01/07/2026;74;0;0;0;0;0;0;0;0;0;0;0;0;0;0;0;0;0;0;Nao;Desbloqueado;;TRANSACIONAL;;;;;;;;;;;;;;;;;;;;;;;;;;;;;;;;;
400385;"MARINHEIRO SUPERMERCADO";1302/201;02/02/2024;CE;PARAMOTI;15/01/2024;23/05/2024;"FORTALEZA OESTE";01/07/2026;88;0;0;0;0;0;0;0;0;0;0;0;0;0;0;0;0;0;0;Sim;Desbloqueado;;TRANSACIONAL;;;;;;;;;;;;;;;;;;;;;;;;;;;;;;;;;
136464;"K & F VARIEDADES";0458/376;31/10/2022;CE;MORAUJO;17/06/2015;19/09/2024;"FORTALEZA OESTE";01/07/2026;153;0;0;0;0;0;0;0;0;0;0;0;0;0;0;0;0;0;0;Sim;Desbloqueado;;TREINADO;;;;;;;;;;;;;;;;;;;;;;;;;;;;;;;;;
170735;"MERCADINHO PONTO ECONOMICO";0937/499;10/05/2021;PI;"CARIDADE DO PIAUI";24/09/2018;29/01/2024;TERESINA;01/07/2026;36;0;0;0;0;0;0;0;0;0;0;0;0;0;0;0;0;0;0;Nao;Desbloqueado;;TRANSACIONAL;;;;;;;;;;;;;;;;;;;;;;;;;;;;;;;;;
172524;"DROGARIA PLASFRAN";1351/170;19/07/2023;CE;ITAPIPOCA;14/02/2019;14/11/2024;"FORTALEZA OESTE";01/07/2026;211;1;1;1;0;0;6736;6736;0;0;0;0;0;0;0;0;0;1;0;Sim;Desbloqueado;;TREINADO;;;;;;;;;;;;;;;;;;;;;;;;;;;;;;;;;
250747;"CARTORIO DO 1 OFICIO DE NOTAS E REGISTROS DE EUSEB";5386/097;05/09/2023;CE;EUSEBIO;15/01/2024;10/10/2023;"FORTALEZA LESTE";19/06/2026;0;0;0;0;0;0;0;0;0;0;0;0;0;0;0;0;0;0;0;Nao;Bloqueado;19/06/2026;TRANSACIONAL;;;;;;;;;;;;;;;;;;;;;;;;;;;;;;;;;
416397;"Pro Limp";0767/144;08/09/2025;CE;PACATUBA;27/08/2025;18/09/2025;"FORTALEZA LESTE";30/06/2026;0;0;0;0;0;0;0;0;0;0;0;0;0;0;0;0;0;0;0;Nao;Desbloqueado;;TREINADO;;;;;;;;;;;;;;;;;;;;;;;;;;;;;;;;;
221261;"LL RACOES";0752/124;11/10/2021;CE;UBAJARA;31/08/2021;23/08/2021;TERESINA;01/07/2026;56;0;0;0;0;1050;0;0;0;0;0;0;0;0;1;0;1;0;0;Sim;Desbloqueado;;TREINADO;;;;;;;;;;;;;;;;;;;;;;;;;;;;;;;;;
231061;"CENTRAL MOTO PECAS";1302/175;11/04/2022;CE;ITATIRA;15/01/2024;17/05/2022;"FORTALEZA OESTE";01/07/2026;10;0;0;0;0;0;0;0;0;0;0;0;0;0;0;0;0;0;0;Nao;Desbloqueado;;TREINADO;;;;;;;;;;;;;;;;;;;;;;;;;;;;;;;;;
241265;"FARMACIA MAIS SAUDE";0752/128;07/11/2023;CE;IBIAPINA;16/02/2023;15/02/2023;TERESINA;01/07/2026;31;0;0;0;0;0;0;0;0;0;0;0;0;0;0;0;0;0;0;Nao;Desbloqueado;;TREINADO;;;;;;;;;;;;;;;;;;;;;;;;;;;;;;;;;
402429;"DROGARIA FARMANATO 002";0685/229;14/07/2025;CE;ITAICABA;10/04/2024;24/04/2024;"FORTALEZA LESTE";01/07/2026;12;0;0;0;0;0;0;0;0;0;0;0;0;0;0;0;0;0;0;Sim;Desbloqueado;;TRANSACIONAL;;;;;;;;;;;;;;;;;;;;;;;;;;;;;;;;;
57445;"MERCADINHO HERCULES";0937/236;11/11/2021;PI;"SAO JOAO DA VARJOTA";24/08/2015;15/01/2025;TERESINA;01/07/2026;3;0;0;0;0;0;0;0;0;0;0;0;0;0;0;0;0;0;0;Nao;Desbloqueado;;TREINADO;;;;;;;;;;;;;;;;;;;;;;;;;;;;;;;;;
216776;"R N DE CASTRO SOUSA";5806/120;12/05/2026;PI;"MILTON BRANDAO";25/02/2021;04/05/2022;TERESINA;01/07/2026;40;0;0;0;0;0;0;0;0;0;0;0;0;0;0;0;0;0;0;Nao;Desbloqueado;;TRANSACIONAL;;;;;;;;;;;;;;;;;;;;;;;;;;;;;;;;;
251529;"EDY CALCADOS";5443/104;06/10/2023;CE;PARACURU;15/01/2024;23/11/2023;"FORTALEZA OESTE";01/07/2026;4;0;0;0;0;0;0;0;0;0;0;0;0;0;0;0;0;0;0;Nao;Desbloqueado;;TREINADO;;;;;;;;;;;;;;;;;;;;;;;;;;;;;;;;;
409958;Hiperfarma;0458/426;05/03/2025;CE;SOBRAL;19/02/2025;04/04/2025;"FORTALEZA OESTE";01/07/2026;16;0;0;0;0;0;0;0;0;0;0;0;0;0;0;0;0;0;0;Nao;Desbloqueado;;TRANSACIONAL;;;;;;;;;;;;;;;;;;;;;;;;;;;;;;;;;
422756;"Drogaria Itapipoca 0001";1351/347;10/03/2026;CE;ITAPIPOCA;04/03/2026;24/04/2026;"FORTALEZA OESTE";29/06/2026;0;0;0;0;0;0;0;0;0;0;0;0;0;0;0;0;0;0;0;Nao;Desbloqueado;;TREINADO;;;;;;;;;;;;;;;;;;;;;;;;;;;;;;;;;
67009;"MERCADINHO JABURUNA";0752/095;20/06/2023;CE;UBAJARA;03/08/2015;14/01/2025;TERESINA;01/07/2026;55;0;0;0;0;0;0;0;0;0;0;0;0;0;0;0;0;0;0;Nao;Desbloqueado;;TRANSACIONAL;;;;;;;;;;;;;;;;;;;;;;;;;;;;;;;;;
249102;"COMERCIAL JB";0715/153;19/08/2025;CE;CAMOCIM;15/01/2024;22/11/2023;"FORTALEZA OESTE";01/07/2026;7;0;0;0;0;0;0;0;0;0;0;0;0;0;0;0;0;0;0;Nao;Desbloqueado;;TREINADO;;;;;;;;;;;;;;;;;;;;;;;;;;;;;;;;;
416400;"Farmacia Castro Lima";5446/149;05/09/2025;CE;PARAIPABA;27/08/2025;16/10/2025;"FORTALEZA OESTE";01/07/2026;17;0;0;0;0;0;0;0;0;0;0;0;0;0;0;0;0;0;0;Nao;Desbloqueado;;TREINADO;;;;;;;;;;;;;;;;;;;;;;;;;;;;;;;;;
418853;"Mercadinho Unidos";3848/258;17/10/2025;PI;"ALTO LONGA";09/10/2025;27/10/2025;TERESINA;01/07/2026;44;0;0;0;0;0;0;0;0;0;0;0;0;0;0;0;0;0;0;Sim;Desbloqueado;;TRANSACIONAL;;;;;;;;;;;;;;;;;;;;;;;;;;;;;;;;;
424061;"Ale Variedades";1302/234;20/05/2026;CE;ITATIRA;13/05/2026;25/05/2026;"FORTALEZA OESTE";01/07/2026;16;0;0;0;0;0;0;0;0;0;0;0;0;0;0;0;0;0;0;Sim;Desbloqueado;;TREINADO;;;;;;;;;;;;;;;;;;;;;;;;;;;;;;;;;
227177;"FRIGO HORT-FRUT O ELTON";0405/590;30/04/2025;PI;UNIAO;17/04/2025;27/05/2025;TERESINA;04/12/2025;0;0;0;0;0;0;0;0;0;0;0;0;0;0;0;0;0;0;0;Sim;Bloqueado;02/03/2026;TRANSACIONAL;;;;;;;;;;;;;;;;;;;;;;;;;;;;;;;;;
404324;"DC Daiana e Cia";1351/251;04/10/2024;CE;ITAPIPOCA;02/07/2024;15/11/2024;"FORTALEZA OESTE";01/07/2026;20;0;0;0;0;0;0;0;0;0;0;0;0;0;0;0;0;0;0;Nao;Desbloqueado;;TRANSACIONAL;;;;;;;;;;;;;;;;;;;;;;;;;;;;;;;;;
411105;"NILDO SUPERMERCADO";0719/185;14/04/2025;CE;IRAUCUBA;04/04/2025;24/04/2025;"FORTALEZA OESTE";01/07/2026;23;0;0;0;0;0;0;0;0;0;0;0;0;0;0;0;0;0;0;Sim;Desbloqueado;;TREINADO;;;;;;;;;;;;;;;;;;;;;;;;;;;;;;;;;
412634;"Imperio Da Carne";0742/076;22/05/2025;CE;FORTALEZA;14/05/2025;10/06/2025;"FORTALEZA OESTE";16/12/2025;0;0;0;0;0;0;0;0;0;0;0;0;0;0;0;0;0;0;0;Nao;Bloqueado;02/03/2026;TREINADO;;;;;;;;;;;;;;;;;;;;;;;;;;;;;;;;;
413552;"PINK LYCE";0683/134;06/06/2025;CE;FORTALEZA;02/06/2025;23/07/2025;"FORTALEZA OESTE";01/07/2026;10;0;0;0;0;0;0;0;0;0;0;0;0;0;0;0;0;0;0;Nao;Desbloqueado;;TREINADO;;;;;;;;;;;;;;;;;;;;;;;;;;;;;;;;;
417648;"Comercial Nb";1302/227;09/12/2025;CE;ITATIRA;13/09/2025;17/12/2025;"FORTALEZA OESTE";01/07/2026;104;0;0;0;0;0;0;0;0;0;0;0;0;0;0;0;0;0;0;Sim;Desbloqueado;;TREINADO;;;;;;;;;;;;;;;;;;;;;;;;;;;;;;;;;
418869;"CRISTAL OTICAS";0684/223;18/10/2025;CE;ACARAU;09/10/2025;19/11/2025;"FORTALEZA OESTE";01/07/2026;4;0;0;0;0;0;0;0;0;0;0;0;0;0;0;0;0;0;0;Nao;Desbloqueado;;TREINADO;;;;;;;;;;;;;;;;;;;;;;;;;;;;;;;;;
419097;"Dp Eletro E Variedades";1351/344;10/11/2025;CE;AMONTADA;20/10/2025;;"FORTALEZA OESTE";01/07/2026;10;0;0;0;0;0;0;0;0;0;0;0;0;0;0;0;0;0;0;Nao;Desbloqueado;;TRANSACIONAL;;;;;;;;;;;;;;;;;;;;;;;;;;;;;;;;;
150342;"CARPE MIX";0937/470;06/11/2020;PI;JAICOS;06/09/2016;30/12/2021;TERESINA;01/07/2026;137;0;0;0;0;0;0;0;0;0;0;0;0;0;0;0;0;0;0;Sim;Desbloqueado;;TRANSACIONAL;;;;;;;;;;;;;;;;;;;;;;;;;;;;;;;;;
224066;"FARMACIA PADRE CICERO 0005";5438/106;22/09/2023;CE;"MORADA NOVA";15/01/2024;03/12/2021;"FORTALEZA LESTE";01/07/2026;44;0;0;0;0;0;0;0;0;0;0;0;0;0;0;0;0;0;0;Nao;Desbloqueado;;TREINADO;;;;;;;;;;;;;;;;;;;;;;;;;;;;;;;;;
251820;"RIBEIRO ELETROMOVEIS";3848/241;24/10/2023;PI;BENEDITINOS;15/01/2024;17/11/2023;TERESINA;01/07/2026;44;0;0;0;0;0;0;0;0;0;0;0;0;0;0;0;0;0;0;Nao;Desbloqueado;;TRANSACIONAL;;;;;;;;;;;;;;;;;;;;;;;;;;;;;;;;;
415308;"Mercadinho Gomes";2608/129;05/12/2025;CE;FORTALEZA;29/07/2025;;"FORTALEZA OESTE";17/03/2026;0;0;0;0;0;0;0;0;0;0;0;0;0;0;0;0;0;0;0;Sim;Bloqueado;24/03/2026;TRANSACIONAL;;;;;;;;;;;;;;;;;;;;;;;;;;;;;;;;;
423050;"Roberto Pharma";0405/792;23/03/2026;PI;"LAGOA DO PIAUI";18/03/2026;10/04/2026;TERESINA;01/07/2026;9;0;0;0;0;0;0;0;0;0;0;0;0;0;0;0;0;0;0;Sim;Desbloqueado;;TREINADO;;;;;;;;;;;;;;;;;;;;;;;;;;;;;;;;;
424834;"Lev Magazine Moveis E Eletro";1234/131;22/06/2026;CE;FORTALEZA;16/06/2026;;"FORTALEZA OESTE";22/06/2026;0;0;0;0;0;0;0;0;0;0;0;0;0;0;0;0;0;0;0;Nao;Desbloqueado;;TRANSACIONAL;;;;;;;;;;;;;;;;;;;;;;;;;;;;;;;;;
89253;"MERCADINHO 3 IRMAOS";5415/116;19/11/2020;CE;URUOCA;19/08/2015;11/07/2024;"FORTALEZA OESTE";01/07/2026;54;0;0;0;0;0;0;0;0;0;0;0;0;0;0;0;0;0;0;Sim;Desbloqueado;;TREINADO;;;;;;;;;;;;;;;;;;;;;;;;;;;;;;;;;
409598;"Yago Prado Mercantil";0458/424;11/02/2025;CE;FORQUILHA;07/02/2025;13/03/2025;"FORTALEZA OESTE";01/07/2026;34;0;0;0;0;0;0;0;0;0;0;0;0;0;0;0;0;0;0;Nao;Desbloqueado;;TREINADO;;;;;;;;;;;;;;;;;;;;;;;;;;;;;;;;;
410830;"Sao Francisco Construcao 0002";3848/255;19/05/2025;PI;BENEDITINOS;27/03/2025;28/05/2025;TERESINA;01/07/2026;22;0;0;0;0;0;0;0;0;0;0;0;0;0;0;0;0;0;0;Nao;Desbloqueado;;TRANSACIONAL;;;;;;;;;;;;;;;;;;;;;;;;;;;;;;;;;
415746;"SUPER BENZINHO";5415/176;04/03/2026;CE;"SANTANA DO ACARAU";12/08/2025;08/09/2025;"FORTALEZA OESTE";23/03/2026;0;0;0;0;0;0;0;0;0;0;0;0;0;0;0;0;0;0;0;Sim;Bloqueado;26/06/2026;TRANSACIONAL;;;;;;;;;;;;;;;;;;;;;;;;;;;;;;;;;
45274;"MERCADINHO N SRA APARECIDA";0702/085;29/09/2021;CE;SOBRAL;06/05/2015;14/10/2024;"FORTALEZA OESTE";01/07/2026;96;0;0;0;0;0;0;0;0;0;0;0;0;0;0;0;0;0;0;Sim;Desbloqueado;;TRANSACIONAL;;;;;;;;;;;;;;;;;;;;;;;;;;;;;;;;;
91943;"DEPOSITO SAN CARLOS";0715/079;01/12/2020;CE;CHAVAL;02/07/2015;24/06/2024;"FORTALEZA OESTE";01/07/2026;137;0;0;0;0;0;0;0;0;0;0;0;0;0;0;0;0;0;0;Sim;Desbloqueado;;TREINADO;;;;;;;;;;;;;;;;;;;;;;;;;;;;;;;;;
203979;"MACIEL & FELIX COMERCIAL DE ALIMENTOS";0703/163;;CE;"TABULEIRO DO NORTE";15/01/2024;;"FORTALEZA LESTE";01/07/2026;13;0;0;0;0;0;0;0;0;0;0;0;0;0;0;0;0;0;0;Nao;Desbloqueado;;TRANSACIONAL;;;;;;;;;;;;;;;;;;;;;;;;;;;;;;;;;
216863;"CASA PARENTE";0715/133;16/04/2025;CE;CAMOCIM;26/09/2022;19/04/2021;"FORTALEZA OESTE";01/07/2026;64;1;0;0;0;0;0;0;0;0;0;0;0;0;0;0;0;0;0;Nao;Desbloqueado;;TREINADO;;;;;;;;;;;;;;;;;;;;;;;;;;;;;;;;;
414319;"Ff Limpeza & Variedades";5386/103;27/06/2025;CE;EUSEBIO;25/06/2025;14/07/2025;"FORTALEZA LESTE";23/03/2026;0;0;0;0;0;0;0;0;0;0;0;0;0;0;0;0;0;0;0;Nao;Bloqueado;24/03/2026;TRANSACIONAL;;;;;;;;;;;;;;;;;;;;;;;;;;;;;;;;;
415457;"AÇO GRANJA MATERIAL CONSTRUÇÃO";5387/152;11/08/2025;CE;GRANJA;01/08/2025;;"FORTALEZA OESTE";09/06/2026;0;0;0;0;0;0;0;0;0;0;0;0;0;0;0;0;0;0;0;Nao;Bloqueado;10/06/2026;TRANSACIONAL;;;;;;;;;;;;;;;;;;;;;;;;;;;;;;;;;
417200;"Drogaria Genesis";5798/179;16/09/2025;PI;"SAO JOAO DO ARRAIAL";08/09/2025;30/09/2025;TERESINA;01/07/2026;8;0;0;0;0;0;0;0;0;0;0;0;0;0;0;0;0;0;0;Nao;Desbloqueado;;TREINADO;;;;;;;;;;;;;;;;;;;;;;;;;;;;;;;;;
409902;"JR RAÇÕES";0696/129;27/02/2025;CE;RUSSAS;18/02/2025;;"FORTALEZA LESTE";01/07/2026;54;0;0;0;0;0;0;0;0;0;0;0;0;0;0;0;0;0;0;Nao;Desbloqueado;;TRANSACIONAL;;;;;;;;;;;;;;;;;;;;;;;;;;;;;;;;;
416785;"ARTE DIGITAL ACESSORIOS";0767/156;29/09/2025;CE;PACATUBA;02/09/2025;20/03/2024;"FORTALEZA LESTE";30/06/2026;0;0;0;0;0;0;0;0;0;0;0;0;0;0;0;0;0;0;0;Nao;Desbloqueado;;TREINADO;;;;;;;;;;;;;;;;;;;;;;;;;;;;;;;;;
167739;"EXCLUSIVA STORE 0002";5415/115;06/11/2020;CE;URUOCA;15/01/2024;18/07/2023;"FORTALEZA OESTE";01/07/2026;3;0;0;0;0;0;0;0;0;0;0;0;0;0;0;0;0;0;0;Nao;Desbloqueado;;TREINADO;;;;;;;;;;;;;;;;;;;;;;;;;;;;;;;;;
170707;"COMERCIAL BOM DIA";0405/490;20/10/2023;PI;"LAGOINHA DO PIAUI";02/07/2020;10/08/2023;TERESINA;01/07/2026;16;0;0;0;0;0;0;0;0;0;0;0;0;0;0;0;0;0;0;Nao;Desbloqueado;;TRANSACIONAL;;;;;;;;;;;;;;;;;;;;;;;;;;;;;;;;;
409604;"Mercadinho Souza";5367/165;12/02/2025;CE;"BELA CRUZ";07/02/2025;14/02/2025;"FORTALEZA OESTE";01/07/2026;126;0;0;0;0;0;0;0;0;0;0;0;0;0;0;0;0;0;0;Sim;Desbloqueado;;TREINADO;;;;;;;;;;;;;;;;;;;;;;;;;;;;;;;;;
419855;"MERCADINHO DO FRANGO";0715/169;05/12/2025;CE;BARROQUINHA;27/11/2025;22/12/2025;"FORTALEZA OESTE";01/07/2026;6;0;0;0;0;0;0;0;0;0;0;0;0;0;0;0;0;0;0;Nao;Desbloqueado;;TRANSACIONAL;;;;;;;;;;;;;;;;;;;;;;;;;;;;;;;;;
402932;"Lojao Do Povo";0937/753;14/05/2024;PI;"ISAIAS COELHO";03/05/2024;31/05/2024;TERESINA;01/07/2026;7;0;0;0;0;0;0;0;0;0;0;0;0;0;0;0;0;0;0;Nao;Desbloqueado;;TRANSACIONAL;;;;;;;;;;;;;;;;;;;;;;;;;;;;;;;;;
152768;"POSTO DE MEDICAMENTO SANTA LUZIA";1522/216;;PI;"BURITI DOS LOPES";31/03/2020;13/03/2017;TERESINA;01/07/2026;11;0;0;0;0;0;0;0;0;0;0;0;0;0;0;0;0;0;0;Nao;Desbloqueado;;TRANSACIONAL;;;;;;;;;;;;;;;;;;;;;;;;;;;;;;;;;
155944;"SUPERMERCADO AIB MATIAS";0703/251;08/03/2023;CE;POTIRETAMA;26/01/2017;28/10/2021;"FORTALEZA LESTE";01/07/2026;37;0;0;0;0;0;0;0;0;0;0;0;0;0;0;0;0;0;0;Sim;Desbloqueado;;TRANSACIONAL;;;;;;;;;;;;;;;;;;;;;;;;;;;;;;;;;
226418;"MERCADINHO J E J";5798/155;16/11/2021;PI;"JOAQUIM PIRES";01/04/2022;18/02/2022;TERESINA;01/07/2026;21;0;0;0;0;0;0;0;0;0;0;0;0;0;0;0;0;0;0;Nao;Desbloqueado;;TRANSACIONAL;;;;;;;;;;;;;;;;;;;;;;;;;;;;;;;;;
404100;"MERCEARIA NUNES";1351/245;18/07/2024;CE;ITAPIPOCA;25/06/2024;24/07/2024;"FORTALEZA OESTE";20/03/2026;0;0;0;0;0;0;0;0;0;0;0;0;0;0;0;0;0;0;0;Nao;Bloqueado;24/03/2026;TRANSACIONAL;;;;;;;;;;;;;;;;;;;;;;;;;;;;;;;;;
69937;"TUDO DE BOM";0458/160;12/09/2025;CE;ALCANTARAS;06/05/2015;25/09/2025;"FORTALEZA OESTE";01/07/2026;6;0;0;0;0;0;0;0;0;0;0;0;0;0;0;0;0;0;0;Sim;Desbloqueado;;TREINADO;;;;;;;;;;;;;;;;;;;;;;;;;;;;;;;;;
121495;"MERCEARIA O HERMINIO";5447/078;20/05/2025;CE;APUIARES;19/07/2016;29/12/2022;"FORTALEZA OESTE";01/07/2026;52;0;0;0;0;0;0;0;0;0;0;0;0;0;0;0;0;0;0;Nao;Desbloqueado;;TREINADO;;;;;;;;;;;;;;;;;;;;;;;;;;;;;;;;;
221759;"COMERCIAL F CARVALHO";1522/258;01/04/2025;PI;"BURITI DOS LOPES";31/08/2021;17/02/2022;TERESINA;01/07/2026;43;0;0;0;0;0;0;0;0;0;0;0;0;0;0;0;0;0;0;Nao;Desbloqueado;;TRANSACIONAL;;;;;;;;;;;;;;;;;;;;;;;;;;;;;;;;;
228267;"ISAAC FARMA";0704/163;28/12/2021;CE;ARATUBA;21/01/2022;;"FORTALEZA LESTE";01/07/2026;10;0;0;0;0;0;0;0;0;0;0;0;0;0;0;0;0;0;0;Nao;Desbloqueado;;TRANSACIONAL;;;;;;;;;;;;;;;;;;;;;;;;;;;;;;;;;
423818;"CANUTO HARDWARE";1379/149;30/04/2026;CE;FORTALEZA;27/04/2026;;"FORTALEZA OESTE";30/04/2026;0;0;0;0;0;0;0;0;0;0;0;0;0;0;0;0;0;0;0;Nao;Desbloqueado;;TRANSACIONAL;;;;;;;;;;;;;;;;;;;;;;;;;;;;;;;;;
37281;"DROGARIA J.M";0405/108;11/08/2023;PI;"DEMERVAL LOBAO";25/09/2015;14/06/2024;TERESINA;01/07/2026;49;0;0;0;0;0;0;0;0;0;0;0;0;0;0;0;0;0;0;Sim;Desbloqueado;;TRANSACIONAL;;;;;;;;;;;;;;;;;;;;;;;;;;;;;;;;;
242896;"UPA DIGITAL";1379/129;16/11/2022;CE;FORTALEZA;14/06/2023;15/05/2025;"FORTALEZA OESTE";23/06/2026;0;0;0;0;0;0;0;0;0;0;0;0;0;0;0;0;0;0;0;Nao;Desbloqueado;;TREINADO;;;;;;;;;;;;;;;;;;;;;;;;;;;;;;;;;
246995;"J B SUPERMERCADO 0002";1302/198;05/07/2023;CE;CARIDADE;15/01/2024;09/05/2023;"FORTALEZA OESTE";01/07/2026;2;0;0;0;0;0;0;0;0;0;0;0;0;0;0;0;0;0;0;Nao;Desbloqueado;;TRANSACIONAL;;;;;;;;;;;;;;;;;;;;;;;;;;;;;;;;;
413747;"J F Comercial Material em construção";0765/159;11/06/2025;CE;OCARA;05/06/2025;24/06/2025;"FORTALEZA LESTE";26/12/2025;0;0;0;0;0;0;0;0;0;0;0;0;0;0;0;0;0;0;0;Nao;Bloqueado;02/03/2026;TRANSACIONAL;;;;;;;;;;;;;;;;;;;;;;;;;;;;;;;;;
50461;"MERCEARIA O CLAUDIO";0458/137;19/11/2020;CE;ALCANTARAS;06/05/2015;24/06/2024;"FORTALEZA OESTE";01/07/2026;196;0;0;0;0;0;0;0;0;0;0;0;0;0;0;0;0;0;0;Sim;Desbloqueado;;TREINADO;;;;;;;;;;;;;;;;;;;;;;;;;;;;;;;;;
84655;"COMECIAL PROGRESSO";0937/334;24/10/2020;PI;"MONSENHOR HIPOLITO";20/08/2015;16/09/2022;TERESINA;01/07/2026;122;0;0;0;0;0;0;0;0;0;0;0;0;0;0;0;0;0;5;Sim;Desbloqueado;;TREINADO;;;;;;;;;;;;;;;;;;;;;;;;;;;;;;;;;
203571;"SUPERMERCADO NOVA OPCAO";1781/107;13/09/2023;CE;"LIMOEIRO DO NORTE";15/01/2024;23/01/2024;"FORTALEZA LESTE";01/07/2026;213;0;0;0;0;0;0;0;0;0;0;0;0;0;0;0;0;0;0;Nao;Desbloqueado;;TREINADO;;;;;;;;;;;;;;;;;;;;;;;;;;;;;;;;;
216771;"HJ CONSTRUCAO E MERCEARIA";1351/212;11/07/2022;CE;TURURU;05/08/2021;03/01/2023;"FORTALEZA OESTE";01/07/2026;22;0;0;0;0;0;0;0;0;0;0;0;0;0;0;0;0;0;0;Nao;Desbloqueado;;TRANSACIONAL;;;;;;;;;;;;;;;;;;;;;;;;;;;;;;;;;
251435;"NEW CASES ELETRONICOS E ACESSORIOS";2608/120;07/08/2025;CE;FORTALEZA;15/01/2024;18/08/2025;"FORTALEZA OESTE";25/06/2026;0;0;0;0;0;0;0;0;0;0;0;0;0;0;0;0;0;0;0;Nao;Desbloqueado;;TREINADO;;;;;;;;;;;;;;;;;;;;;;;;;;;;;;;;;
414812;INFOCELL;5387/149;23/07/2025;CE;GRANJA;16/07/2025;07/08/2025;"FORTALEZA OESTE";01/07/2026;4;0;0;0;0;0;0;0;0;0;0;0;0;0;0;0;0;0;0;Nao;Desbloqueado;;TREINADO;;;;;;;;;;;;;;;;;;;;;;;;;;;;;;;;;
62246;"BENESIO ALMEIDA";1302/206;09/08/2023;CE;CARIDADE;08/09/2015;17/09/2024;"FORTALEZA OESTE";01/07/2026;281;0;0;0;0;0;0;0;0;0;0;0;0;0;0;0;0;0;0;Sim;Desbloqueado;;TREINADO;;;;;;;;;;;;;;;;;;;;;;;;;;;;;;;;;
422267;"Mercadinho Flavio Fernando";5367/182;10/02/2026;CE;MORRINHOS;03/02/2026;03/03/2026;"FORTALEZA OESTE";01/07/2026;6;0;0;0;0;0;0;0;0;0;0;0;0;0;0;0;0;0;0;Sim;Desbloqueado;;TREINADO;;;;;;;;;;;;;;;;;;;;;;;;;;;;;;;;;
22714;"FARMACIA PRO SAUDE";0752/932;16/02/2021;CE;IBIAPINA;27/05/2015;20/05/2026;TERESINA;01/07/2026;105;0;0;0;0;0;0;0;0;0;0;0;0;0;0;0;0;0;0;Nao;Desbloqueado;;TREINADO;;;;;;;;;;;;;;;;;;;;;;;;;;;;;;;;;
181143;"SUPERMERCADOS ELIZEU MARTINS  - 008";1522/243;;PI;PARNAIBA;15/01/2024;;TERESINA;01/07/2026;16;0;0;0;0;0;0;0;0;0;0;0;0;0;0;0;0;0;0;Nao;Desbloqueado;;TRANSACIONAL;;;;;;;;;;;;;;;;;;;;;;;;;;;;;;;;;
184556;SECURITY;0684/172;19/05/2026;CE;ACARAU;16/04/2020;10/12/2024;"FORTALEZA OESTE";01/07/2026;143;6;0;6;0;0;0;0;0;0;0;0;0;1;0;0;0;6;0;Nao;Desbloqueado;;TREINADO;;;;;;;;;;;;;;;;;;;;;;;;;;;;;;;;;
188317;"COMERCIAL JATOBA E ELETRO";0985/328;18/04/2022;PI;"SIGEFREDO PACHECO";15/01/2024;;TERESINA;01/07/2026;12;0;0;0;0;0;0;0;0;0;0;0;0;0;0;0;0;0;0;Nao;Desbloqueado;;TRANSACIONAL;;;;;;;;;;;;;;;;;;;;;;;;;;;;;;;;;
204623;"MERCADINHO SARAIVA";0726/249;03/01/2022;CE;"VICOSA DO CEARA";15/03/2021;26/03/2026;TERESINA;01/07/2026;40;0;0;0;0;0;0;0;0;0;0;0;0;0;0;0;0;0;0;Sim;Desbloqueado;;TREINADO;;;;;;;;;;;;;;;;;;;;;;;;;;;;;;;;;
400458;"MERCEARIA VIEIRA";3848/243;18/03/2024;PI;"NOVO SANTO ANTONIO";15/01/2024;21/03/2024;TERESINA;01/07/2026;29;0;0;0;0;0;0;0;0;0;0;0;0;0;0;0;0;0;0;Sim;Desbloqueado;;TRANSACIONAL;;;;;;;;;;;;;;;;;;;;;;;;;;;;;;;;;
405817;"Supermercado 13 De Setembro";5808/202;14/11/2024;PI;"CAPITAO DE CAMPOS";27/08/2024;27/11/2024;TERESINA;01/07/2026;21;0;0;0;0;0;0;0;0;0;0;0;0;0;0;0;0;0;0;Nao;Desbloqueado;;TRANSACIONAL;;;;;;;;;;;;;;;;;;;;;;;;;;;;;;;;;
70961;"DROGARIA J.M";0405/203;06/06/2025;PI;"LAGOA DO PIAUI";15/01/2024;10/04/2026;TERESINA;01/07/2026;14;0;0;0;0;0;0;0;0;0;0;0;0;0;0;0;0;0;0;Nao;Desbloqueado;;TRANSACIONAL;;;;;;;;;;;;;;;;;;;;;;;;;;;;;;;;;
422116;"Alencar Construcoes";0726/179;28/01/2026;CE;TIANGUA;24/01/2026;06/02/2026;TERESINA;01/07/2026;10;0;0;0;0;0;0;0;0;0;0;0;0;0;0;0;0;0;0;Nao;Desbloqueado;;TREINADO;;;;;;;;;;;;;;;;;;;;;;;;;;;;;;;;;
424205;"CL COMERCIAL LIMA";0405/794;29/05/2026;PI;"PASSAGEM FRANCA DO PIAUI";18/05/2026;;TERESINA;01/07/2026;19;0;0;0;0;0;0;0;0;0;0;0;0;0;0;0;0;0;0;Nao;Desbloqueado;;TRANSACIONAL;;;;;;;;;;;;;;;;;;;;;;;;;;;;;;;;;
234457;"MR FARMA";5415/137;25/07/2024;CE;URUOCA;15/01/2024;22/06/2022;"FORTALEZA OESTE";01/07/2026;9;0;0;0;0;0;0;0;0;0;0;0;0;0;0;0;0;0;0;Nao;Desbloqueado;;TRANSACIONAL;;;;;;;;;;;;;;;;;;;;;;;;;;;;;;;;;
254664;"MOZART FRIOS";0683/118;17/11/2023;CE;FORTALEZA;07/12/2023;06/12/2023;"FORTALEZA OESTE";09/06/2026;0;0;0;0;0;0;0;0;0;0;0;0;0;0;0;0;0;0;0;Nao;Bloqueado;10/06/2026;TRANSACIONAL;;;;;;;;;;;;;;;;;;;;;;;;;;;;;;;;;
407924;"LOJAO 1001 UTILIDADES";5806/140;28/11/2024;PI;"LAGOA DE SAO FRANCISCO";18/11/2024;13/12/2024;TERESINA;01/07/2026;2;0;0;0;0;0;0;0;0;0;0;0;0;0;0;0;0;0;0;Nao;Desbloqueado;;TRANSACIONAL;;;;;;;;;;;;;;;;;;;;;;;;;;;;;;;;;
410457;"Posto De Medicamento Cearapharma";5415/166;19/03/2025;CE;"SANTANA DO ACARAU";11/03/2025;;"FORTALEZA OESTE";01/07/2026;9;0;0;0;0;0;0;0;0;0;0;0;0;0;0;0;0;0;0;Sim;Desbloqueado;;TRANSACIONAL;;;;;;;;;;;;;;;;;;;;;;;;;;;;;;;;;
424165;"Mercadinho Ryan";1302/235;26/05/2026;CE;ITATIRA;12/05/2026;08/06/2026;"FORTALEZA OESTE";01/07/2026;27;0;0;0;0;0;0;0;0;0;0;0;0;0;0;0;0;0;0;Sim;Desbloqueado;;TREINADO;;;;;;;;;;;;;;;;;;;;;;;;;;;;;;;;;
98954;"MERCANTIL FREITAS";0854/100;19/09/2023;MA;TIMON;06/04/2020;06/04/2022;TERESINA;01/07/2026;106;0;0;0;0;0;0;0;0;0;0;0;0;0;0;0;0;0;0;Nao;Desbloqueado;;TREINADO;;;;;;;;;;;;;;;;;;;;;;;;;;;;;;;;;
177401;"MERCANTIL PEIXOTO";0703/156;10/10/2023;CE;JAGUARIBARA;23/05/2019;16/05/2024;"FORTALEZA LESTE";01/07/2026;90;0;0;0;0;0;0;0;0;0;0;0;0;0;0;0;0;0;0;Nao;Desbloqueado;;TRANSACIONAL;;;;;;;;;;;;;;;;;;;;;;;;;;;;;;;;;
183899;"ANCORA DISTRIBUIDORA 14";0624/079;23/05/2023;CE;FORTALEZA;15/01/2024;11/04/2025;"FORTALEZA LESTE";01/07/2026;47;0;0;0;0;0;0;0;0;0;0;0;0;0;0;0;0;0;0;Nao;Desbloqueado;;TREINADO;;;;;;;;;;;;;;;;;;;;;;;;;;;;;;;;;
188205;"MERCADINHO JN";0458/325;04/09/2023;CE;ALCANTARAS;18/02/2021;09/01/2026;"FORTALEZA OESTE";01/07/2026;36;0;0;0;0;0;0;0;0;0;0;0;0;0;0;0;0;0;0;Nao;Desbloqueado;;TRANSACIONAL;;;;;;;;;;;;;;;;;;;;;;;;;;;;;;;;;
207894;"EXITO SUPERMERCADOS CLIMAR 0002";2608/102;;CE;FORTALEZA;15/01/2024;;"FORTALEZA OESTE";26/06/2026;0;0;0;0;0;0;0;0;0;0;0;0;0;0;0;0;0;0;0;Nao;Desbloqueado;;TRANSACIONAL;;;;;;;;;;;;;;;;;;;;;;;;;;;;;;;;;
245385;"MAE E FILHA";5387/130;11/08/2023;CE;MARTINOPOLE;15/01/2024;14/03/2023;"FORTALEZA OESTE";01/07/2026;16;0;0;0;0;0;0;0;0;0;0;0;0;0;0;0;0;0;0;Nao;Desbloqueado;;TREINADO;;;;;;;;;;;;;;;;;;;;;;;;;;;;;;;;;
423983;"RIBEIRO PEÇAS";0719/199;11/05/2026;CE;ITAPAJE;05/05/2026;09/06/2026;"FORTALEZA OESTE";01/07/2026;10;0;0;0;0;0;0;0;0;0;0;0;0;0;0;0;0;0;0;Nao;Desbloqueado;;TREINADO;;;;;;;;;;;;;;;;;;;;;;;;;;;;;;;;;
424482;"COMERCIAL RMONTE";5367/184;03/06/2026;CE;MARCO;27/05/2026;;"FORTALEZA OESTE";30/06/2026;0;0;0;0;0;0;0;0;0;0;0;0;0;0;0;0;0;0;0;Sim;Desbloqueado;;TRANSACIONAL;;;;;;;;;;;;;;;;;;;;;;;;;;;;;;;;;
424799;"Piaui Supermercados";0937/785;25/06/2026;PI;PICOS;15/06/2026;;TERESINA;25/06/2026;0;0;0;0;0;0;0;0;0;0;0;0;0;0;0;0;0;0;0;Nao;Desbloqueado;;TRANSACIONAL;;;;;;;;;;;;;;;;;;;;;;;;;;;;;;;;;
25076;"DISK SAUDE";0703/146;17/07/2023;CE;"TABULEIRO DO NORTE";02/12/2016;19/08/2022;"FORTALEZA LESTE";01/07/2026;259;1;0;1;0;0;0;0;0;0;0;0;0;0;0;0;0;1;0;Nao;Desbloqueado;;TREINADO;;;;;;;;;;;;;;;;;;;;;;;;;;;;;;;;;
133795;"MERCADINHO JAJAO";0937/451;14/09/2021;PI;"MONSENHOR HIPOLITO";28/09/2015;08/08/2024;TERESINA;01/07/2026;110;0;0;0;0;0;0;0;0;0;0;0;0;0;0;0;0;0;0;Sim;Desbloqueado;;TRANSACIONAL;;;;;;;;;;;;;;;;;;;;;;;;;;;;;;;;;
245269;"STAR FAE PAPELARIA";0685/220;18/09/2023;CE;ICAPUI;15/01/2024;01/06/2023;"FORTALEZA LESTE";01/07/2026;212;0;0;0;0;0;0;0;0;0;0;0;0;0;0;0;0;0;0;Sim;Desbloqueado;;TREINADO;;;;;;;;;;;;;;;;;;;;;;;;;;;;;;;;;
406597;"VITTO MERCADINHO";5806/138;14/10/2024;PI;"DOMINGOS MOURAO";27/09/2024;22/10/2024;TERESINA;01/07/2026;1;0;0;0;0;0;0;0;0;0;0;0;0;0;0;0;0;0;0;Nao;Desbloqueado;;TRANSACIONAL;;;;;;;;;;;;;;;;;;;;;;;;;;;;;;;;;
413623;"MERCEARIA MARIA FRANCISCA";5792/202;16/06/2025;PI;"NOSSA SENHORA DOS REMEDIOS";03/06/2025;23/06/2025;TERESINA;01/07/2026;0;0;0;0;0;0;0;0;0;0;0;0;0;0;0;0;0;0;0;Nao;Desbloqueado;;TREINADO;;;;;;;;;;;;;;;;;;;;;;;;;;;;;;;;;
424385;"Mercadinho R Barroso";5806/151;29/05/2026;PI;"PEDRO II";22/05/2026;15/06/2026;TERESINA;01/07/2026;9;0;0;0;0;0;0;0;0;0;0;0;0;0;0;0;0;0;0;Nao;Desbloqueado;;TRANSACIONAL;;;;;;;;;;;;;;;;;;;;;;;;;;;;;;;;;
424862;"Conveniência Posto Brasil";0693/156;22/06/2026;CE;MARACANAU;18/06/2026;;"FORTALEZA OESTE";23/06/2026;0;0;0;0;0;0;0;0;0;0;0;0;0;0;0;0;0;0;0;Nao;Desbloqueado;;TRANSACIONAL;;;;;;;;;;;;;;;;;;;;;;;;;;;;;;;;;
157893;"HIPERMARKET FILIAL II";1379/114;15/12/2023;CE;FORTALEZA;15/01/2024;15/03/2024;"FORTALEZA OESTE";01/07/2026;23;0;0;0;0;0;0;0;0;0;0;0;0;0;0;0;0;0;0;Nao;Desbloqueado;;TRANSACIONAL;;;;;;;;;;;;;;;;;;;;;;;;;;;;;;;;;
170580;"MERCADINHO RAIMUNDO ARAUJO";5387/102;30/08/2023;CE;GRANJA;04/12/2018;08/02/2024;"FORTALEZA OESTE";01/07/2026;2;0;0;0;0;0;0;0;0;0;0;0;0;0;0;0;0;0;0;Sim;Desbloqueado;;TREINADO;;;;;;;;;;;;;;;;;;;;;;;;;;;;;;;;;
408894;"Drogaria Joao De Paiva 0004";3848/252;10/01/2025;PI;BENEDITINOS;02/01/2025;15/01/2025;TERESINA;01/07/2026;3;0;0;0;0;0;0;0;0;0;0;0;0;0;0;0;0;0;0;Sim;Desbloqueado;;TRANSACIONAL;;;;;;;;;;;;;;;;;;;;;;;;;;;;;;;;;
422229;"NOVA ENERGY";0765/173;27/02/2026;CE;PACAJUS;31/01/2026;09/03/2026;"FORTALEZA LESTE";01/07/2026;18;0;0;0;0;0;0;0;0;0;0;0;0;0;0;0;0;0;0;Nao;Desbloqueado;;TREINADO;;;;;;;;;;;;;;;;;;;;;;;;;;;;;;;;;
143642;"COMERCIAL J A";0937/466;20/03/2023;PI;"VILA NOVA DO PIAUI";03/11/2015;11/10/2023;TERESINA;01/07/2026;9;0;0;0;0;0;0;0;0;0;0;0;0;0;0;0;0;0;0;Nao;Desbloqueado;;TRANSACIONAL;;;;;;;;;;;;;;;;;;;;;;;;;;;;;;;;;
186607;"MERCADINHO DO VALE";0937/523;22/06/2023;PI;"DOM EXPEDITO LOPES";15/01/2024;14/02/2025;TERESINA;01/07/2026;39;0;0;0;0;0;0;0;0;0;0;0;0;0;0;0;0;0;0;Nao;Desbloqueado;;TRANSACIONAL;;;;;;;;;;;;;;;;;;;;;;;;;;;;;;;;;
188495;"BEM ESTAR DROGARIA";5792/141;14/08/2023;PI;"MATIAS OLIMPIO";16/04/2020;12/05/2026;TERESINA;01/07/2026;145;0;0;0;0;0;0;0;0;0;0;0;0;0;0;0;0;0;0;Sim;Desbloqueado;;TREINADO;;;;;;;;;;;;;;;;;;;;;;;;;;;;;;;;;
406142;"MERCANTIL QUEIROZ 0003";0704/179;08/06/2026;CE;ITAPIUNA;09/09/2024;;"FORTALEZA LESTE";15/06/2026;0;0;0;0;0;0;0;0;0;0;0;0;0;0;0;0;0;0;0;Sim;Desbloqueado;;TRANSACIONAL;;;;;;;;;;;;;;;;;;;;;;;;;;;;;;;;;
415731;"Mercadinho Cesar";0726/274;21/08/2025;CE;"VICOSA DO CEARA";12/08/2025;23/10/2025;TERESINA;01/07/2026;53;0;0;0;0;0;0;0;0;0;0;0;0;0;0;0;0;0;0;Sim;Desbloqueado;;TREINADO;;;;;;;;;;;;;;;;;;;;;;;;;;;;;;;;;
